"model","id","age.best","predicted.age","error","sex","age.confidence","wt"
1,"z0018943",10,20.3873537516401,10.3873537516401,"Female",3,1
1,"z0018944",10,10.3529500321324,0.352950032132375,"Male",3,1
1,"z0018945",22,26.525778959632,4.52577895963198,"Female",3,1
1,"z0023316",6,3.00798593433124,-2.99201406566876,"Male",4,1
1,"z0023317",25,23.0918401547396,-1.90815984526044,"Male",3,1
1,"z0023318",11,11.1750335783925,0.175033578392469,"Female",4,1
1,"z0023319",26,18.4891315682873,-7.5108684317127,"Male",4,1
1,"z0023321",11,10.0313798129175,-0.968620187082468,"Female",3,1
1,"z0027453",6,9.53167722533737,3.53167722533737,"Female",3,1
1,"z0027455",10,8.96401110592491,-1.03598889407509,"Female",2,1
1,"z0033888",6,11.3620196829621,5.36201968296206,"Female",3,1
1,"z0033893",15,20.1705827514033,5.1705827514033,"Male",2,1
1,"z0033898",10,16.8583200647802,6.85832006478022,"Male",3,1
1,"z0033906",15,17.5288388637351,2.52883886373509,"Male",5,1
1,"z0033908",6,19.2298720076809,13.2298720076809,"Male",5,1
1,"z0041286",28,28.1880769262397,0.188076926239692,"Male",3,1
1,"z0045921",10,20.6112405849994,10.6112405849994,"Female",2,1
1,"z0045925",24,21.3353276628508,-2.66467233714919,"Male",4,1
1,"z0045931",7,3.4883952227925,-3.5116047772075,"Male",4,1
1,"z0049046",6,6.25330351371217,0.253303513712173,"Female",3,1
1,"z0049048",11,13.1800598602359,2.18005986023589,"Male",2,1
1,"z0049050",11,18.71558554463,7.71558554463001,"Male",3,1
1,"z0049051",37,21.8160962041151,-15.1839037958849,"Female",4,1
1,"z0049052",34,26.0928370682108,-7.9071629317892,"Male",4,1
1,"z0061425",26,15.844432500034,-10.155567499966,"Male",4,1
1,"z0071016",8,16.1182783049342,8.11827830493417,"Male",3,1
1,"z0075660",18,17.9202256251134,-0.0797743748866004,"Male",4,1
1,"z0075663",18,25.3232897241419,7.32328972414194,"Male",3,1
1,"z0075665",27,23.3080280849922,-3.69197191500783,"Female",3,1
1,"z0075676",9,13.3086080279253,4.30860802792526,"Female",4,1
1,"z0075677",4,1.44823534220064,-2.55176465779936,"Female",5,1
1,"z0075678",7,10.9003409857058,3.90034098570578,"Female",4,1
1,"z0091082",7,6.25441768620268,-0.745582313797322,"Female",3,1
1,"z0091085",19,19.3200371206644,0.320037120664431,"Female",3,1
1,"z0091086",3,-8.57833535802691,-11.5783353580269,"Female",3,1
1,"z0091275",3,8.28543156772646,5.28543156772646,"Male",3,1
1,"z0091276",10,27.326373057597,17.326373057597,"Female",2,1
1,"z0091277",3,6.51785465822315,3.51785465822315,"Female",4,1
1,"z0091284",3,5.44313869177057,2.44313869177057,"Male",4,1
1,"z0091285",5,5.98886795951124,0.988867959511237,"Male",5,1
1,"z0091286",14,15.6656799033376,1.66567990333762,"Male",4,1
1,"z0092243",19,17.5045483885378,-1.49545161146222,"Female",4,1
1,"z0092256",5,4.44538838001769,-0.554611619982306,"Male",5,1
1,"z0098734",23,17.0179462508572,-5.9820537491428,"Male",4,1
1,"z0098735",30,23.2872438717198,-6.71275612828024,"Male",4,1
1,"z0098736",15,8.88044177006872,-6.11955822993128,"Female",3,1
1,"z0098737",12,15.1212337344712,3.12123373447122,"Female",5,1
1,"z0098738",19,20.1519767620851,1.15197676208511,"Male",4,1
1,"z0098740",17,18.3673999139169,1.36739991391692,"Female",4,1
1,"z0098744",6,14.0804397801674,8.08043978016737,"Male",2,1
1,"z0098745",7,11.5639358107319,4.5639358107319,"Male",4,1
1,"z0098746",32,18.513139321623,-13.486860678377,"Male",4,1
1,"z0102483",5,5.52507449291082,0.52507449291082,"Male",5,1
1,"z0102484",13,16.8019179762148,3.80191797621481,"Female",3,1
1,"z0102485",21,28.5694659142984,7.56946591429843,"Male",2,1
1,"z0102500",12,11.9936606508964,-0.00633934910355194,"Male",4,1
1,"z0123188",24,26.7309377479484,2.73093774794841,"Female",5,1
1,"z0132631",15,16.7399886004221,1.73998860042214,"Female",3,1
1,"z0132632",34,28.2278496212987,-5.77215037870129,"Female",4,1
1,"z0132634",12,15.8228717663137,3.82287176631373,"Female",4,1
1,"z0132639",29,24.3667927594945,-4.63320724050552,"Female",3,1
1,"z0132641",21,16.5869345409014,-4.41306545909855,"Male",3,1
1,"z0132642",11,8.31689126002227,-2.68310873997773,"Female",2,1
1,"z0132658",36,20.2793527415179,-15.7206472584821,"Male",4,1
1,"z0132659",27,27.7967120840259,0.796712084025902,"Female",3,1
1,"z0132660",23,20.2088048058196,-2.79119519418039,"Male",4,1
1,"z0160208",21,26.8503456036358,5.85034560363577,"Female",5,1
1,"z0175867",9,12.8591272710371,3.85912727103707,"Female",4,1
1,"z0175874",20,12.8347904099034,-7.16520959009657,"Male",4,1
1,"z0175876",12,14.5712447228024,2.5712447228024,"Male",5,1
1,"z0175877",32,17.7504685654459,-14.2495314345541,"Female",4,1
1,"z0178364",10,16.6560834058186,6.65608340581863,"Female",5,1
1,"z0183541",32,22.6475563607293,-9.3524436392707,"Male",4,1
1,"z0183543",4,2.54981048171331,-1.45018951828669,"Male",5,1
1,"z0183544",11,11.9587202561677,0.958720256167652,"Female",5,1
1,"z0186431",8,14.8509477221045,6.85094772210453,"Male",2,1
1,"z0186433",21,18.6753259197212,-2.32467408027876,"Male",5,1
1,"z0186434",22,20.0688188203833,-1.93118117961673,"Male",3,1
1,"z0186435",30,19.8471598198855,-10.1528401801145,"Male",3,1
1,"z0186450",4,2.74571312121098,-1.25428687878902,"Male",3,1
1,"z0190863",11,13.9470813305909,2.94708133059088,"Female",5,1
1,"z0190867",7,10.9358186483558,3.93581864835576,"Female",4,1
1,"z0196956",13,20.7191446849276,7.71914468492757,"Male",5,1
1,"z0198374",16,16.7061338620992,0.706133862099186,"Male",4,1
1,"z0198377",35,22.5991571288731,-12.4008428711269,"Female",3,1
1,"z0198473",25,20.8375601049377,-4.16243989506235,"Male",5,1
1,"z0198474",19,28.0183840463607,9.01838404636066,"Male",5,1
1,"z0198475",40,27.0085477052379,-12.9914522947621,"Male",3,1
1,"z0187739",23,25.2130931872929,2.21309318729286,"Female",3,1
1,"z0045928",22,21.9567625714137,-0.0432374285863482,"Female",2,1
2,"z0018943",10,20.5555268270487,10.5555268270487,"Female",3,1
2,"z0018944",10,10.1833610412291,0.183361041229073,"Male",3,1
2,"z0018945",22,28.2142586344921,6.21425863449215,"Female",3,1
2,"z0023316",6,1.32728956731703,-4.67271043268297,"Male",4,1
2,"z0023317",25,23.8101235689048,-1.18987643109524,"Male",3,1
2,"z0023318",11,14.1091318217576,3.10913182175756,"Female",4,1
2,"z0023319",26,19.3655373091163,-6.63446269088374,"Male",4,1
2,"z0023321",11,8.95692894257387,-2.04307105742613,"Female",3,1
2,"z0027453",6,8.29195048232938,2.29195048232938,"Female",3,1
2,"z0033888",6,12.4870565526971,6.48705655269709,"Female",3,1
2,"z0033898",10,17.3301925207765,7.33019252077652,"Male",3,1
2,"z0033906",15,20.4124022465518,5.41240224655184,"Male",5,1
2,"z0033908",6,19.6469034768469,13.6469034768469,"Male",5,1
2,"z0041286",28,28.8517503336355,0.851750333635525,"Male",3,1
2,"z0045925",24,21.3596716880225,-2.64032831197747,"Male",4,1
2,"z0045931",7,2.81976910198379,-4.18023089801621,"Male",4,1
2,"z0049046",6,3.17549392626616,-2.82450607373384,"Female",3,1
2,"z0049050",11,19.2703178457154,8.27031784571538,"Male",3,1
2,"z0049051",37,24.0353200868742,-12.9646799131258,"Female",4,1
2,"z0049052",34,27.1367262381927,-6.86327376180728,"Male",4,1
2,"z0061425",26,15.7946411343863,-10.2053588656137,"Male",4,1
2,"z0071016",8,15.9670889176338,7.96708891763381,"Male",3,1
2,"z0075660",18,20.8765497945376,2.87654979453762,"Male",4,1
2,"z0075663",18,26.0352095795293,8.03520957952927,"Male",3,1
2,"z0075665",27,24.2862518125915,-2.71374818740855,"Female",3,1
2,"z0075676",9,12.0159397897525,3.01593978975247,"Female",4,1
2,"z0075677",4,-2.66426635301685,-6.66426635301685,"Female",5,1
2,"z0075678",7,11.5545591309908,4.55455913099078,"Female",4,1
2,"z0091082",7,7.39427816356103,0.394278163561032,"Female",3,1
2,"z0091085",19,20.178754392276,1.17875439227604,"Female",3,1
2,"z0091086",3,-10.5115483054527,-13.5115483054527,"Female",3,1
2,"z0091275",3,7.84709843996206,4.84709843996206,"Male",3,1
2,"z0091277",3,9.46320034908815,6.46320034908815,"Female",4,1
2,"z0091284",3,1.55611958874287,-1.44388041125713,"Male",4,1
2,"z0091285",5,7.28560503928238,2.28560503928238,"Male",5,1
2,"z0091286",14,17.3938035377214,3.39380353772145,"Male",4,1
2,"z0092243",19,19.292200043699,0.29220004369903,"Female",4,1
2,"z0092256",5,3.43200540969156,-1.56799459030844,"Male",5,1
2,"z0098734",23,17.7927664569986,-5.20723354300139,"Male",4,1
2,"z0098735",30,23.4191979712522,-6.58080202874782,"Male",4,1
2,"z0098736",15,9.2167863416818,-5.7832136583182,"Female",3,1
2,"z0098737",12,14.6105690164316,2.61056901643161,"Female",5,1
2,"z0098738",19,21.3981553268975,2.39815532689748,"Male",4,1
2,"z0098740",17,18.3223339444014,1.32233394440137,"Female",4,1
2,"z0098745",7,13.6226127964743,6.62261279647427,"Male",4,1
2,"z0098746",32,17.6612120996296,-14.3387879003704,"Male",4,1
2,"z0102483",5,5.98709418799541,0.987094187995412,"Male",5,1
2,"z0102484",13,17.0337726366647,4.03377263666471,"Female",3,1
2,"z0102500",12,11.9561889180904,-0.0438110819095883,"Male",4,1
2,"z0123188",24,27.194382710941,3.19438271094097,"Female",5,1
2,"z0132631",15,17.8603839688647,2.86038396886471,"Female",3,1
2,"z0132632",34,30.2187273945311,-3.78127260546893,"Female",4,1
2,"z0132634",12,15.9224311769548,3.92243117695479,"Female",4,1
2,"z0132639",29,24.2707579348681,-4.72924206513193,"Female",3,1
2,"z0132641",21,18.1185963374616,-2.88140366253838,"Male",3,1
2,"z0132658",36,20.9417956937443,-15.0582043062557,"Male",4,1
2,"z0132659",27,31.7433044841132,4.74330448411323,"Female",3,1
2,"z0132660",23,22.383637070992,-0.616362929008023,"Male",4,1
2,"z0160208",21,30.1043928311967,9.1043928311967,"Female",5,1
2,"z0175867",9,13.7522961687997,4.75229616879974,"Female",4,1
2,"z0175874",20,12.9477213443009,-7.05227865569912,"Male",4,1
2,"z0175876",12,13.5893424887538,1.58934248875384,"Male",5,1
2,"z0175877",32,20.8193464472665,-11.1806535527335,"Female",4,1
2,"z0178364",10,15.2691680376257,5.26916803762567,"Female",5,1
2,"z0183541",32,23.2303243342295,-8.76967566577047,"Male",4,1
2,"z0183543",4,1.25214776442588,-2.74785223557412,"Male",5,1
2,"z0183544",11,12.0430615859473,1.04306158594727,"Female",5,1
2,"z0186433",21,18.4461060446285,-2.55389395537153,"Male",5,1
2,"z0186434",22,19.7035255298346,-2.29647447016539,"Male",3,1
2,"z0186435",30,22.3511157801445,-7.64888421985546,"Male",3,1
2,"z0186450",4,2.48032700188085,-1.51967299811915,"Male",3,1
2,"z0190863",11,17.3027650924225,6.3027650924225,"Female",5,1
2,"z0190867",7,10.6199716609577,3.61997166095773,"Female",4,1
2,"z0196956",13,22.3435338170444,9.34353381704437,"Male",5,1
2,"z0198374",16,17.545563389694,1.54556338969405,"Male",4,1
2,"z0198377",35,23.5859804002305,-11.4140195997695,"Female",3,1
2,"z0198473",25,22.7389697547073,-2.2610302452927,"Male",5,1
2,"z0198474",19,28.6712567247902,9.67125672479024,"Male",5,1
2,"z0198475",40,27.0786133095821,-12.9213866904179,"Male",3,1
2,"z0187739",23,26.7123433315196,3.71234333151957,"Female",3,1
3,"z0023316",6,-1.50587394017072,-7.50587394017072,"Male",4,1
3,"z0023318",11,11.5577368028897,0.557736802889696,"Female",4,1
3,"z0023319",26,15.2444442864802,-10.7555557135198,"Male",4,1
3,"z0033906",15,18.7129405291754,3.71294052917541,"Male",5,1
3,"z0033908",6,18.8740393344324,12.8740393344324,"Male",5,1
3,"z0045925",24,24.5479539777976,0.547953977797629,"Male",4,1
3,"z0045931",7,8.02770655687139,1.02770655687139,"Male",4,1
3,"z0049051",37,23.0708419213312,-13.9291580786688,"Female",4,1
3,"z0049052",34,20.2170443231733,-13.7829556768267,"Male",4,1
3,"z0061425",26,15.1086786895746,-10.8913213104254,"Male",4,1
3,"z0075660",18,18.6936474578372,0.693647457837173,"Male",4,1
3,"z0075676",9,10.8074910015945,1.80749100159455,"Female",4,1
3,"z0075677",4,4.42543374305708,0.425433743057084,"Female",5,1
3,"z0075678",7,9.16680692293886,2.16680692293886,"Female",4,1
3,"z0091277",3,9.37260725134816,6.37260725134816,"Female",4,1
3,"z0091284",3,-1.32378283259511,-4.32378283259511,"Male",4,1
3,"z0091285",5,6.2378528358967,1.2378528358967,"Male",5,1
3,"z0091286",14,21.0479385259774,7.04793852597739,"Male",4,1
3,"z0092243",19,20.9284279909101,1.92842799091009,"Female",4,1
3,"z0092256",5,6.52615345350655,1.52615345350655,"Male",5,1
3,"z0098734",23,16.6335858395503,-6.36641416044968,"Male",4,1
3,"z0098735",30,26.2738149060849,-3.7261850939151,"Male",4,1
3,"z0098737",12,20.2134384492719,8.21343844927191,"Female",5,1
3,"z0098738",19,22.9784782607698,3.97847826076983,"Male",4,1
3,"z0098740",17,10.9950304373395,-6.00496956266054,"Female",4,1
3,"z0098745",7,15.1666683237936,8.1666683237936,"Male",4,1
3,"z0098746",32,18.0005721500495,-13.9994278499505,"Male",4,1
3,"z0102483",5,11.657061697789,6.65706169778899,"Male",5,1
3,"z0102500",12,11.5984114636543,-0.401588536345709,"Male",4,1
3,"z0123188",24,28.3850703135662,4.38507031356625,"Female",5,1
3,"z0132632",34,31.5786363171676,-2.4213636828324,"Female",4,1
3,"z0132634",12,15.0655356963262,3.06553569632618,"Female",4,1
3,"z0132658",36,18.6479020307223,-17.3520979692777,"Male",4,1
3,"z0132660",23,22.1147431883328,-0.885256811667151,"Male",4,1
3,"z0160208",21,36.8346859298215,15.8346859298215,"Female",5,1
3,"z0175867",9,19.3059015068282,10.3059015068282,"Female",4,1
3,"z0175874",20,14.2583843565044,-5.7416156434956,"Male",4,1
3,"z0175876",12,14.6464656261224,2.64646562612237,"Male",5,1
3,"z0175877",32,20.9654098101935,-11.0345901898065,"Female",4,1
3,"z0178364",10,19.3236952154764,9.32369521547644,"Female",5,1
3,"z0183541",32,24.7686620373955,-7.23133796260448,"Male",4,1
3,"z0183543",4,-1.90853503065005,-5.90853503065005,"Male",5,1
3,"z0183544",11,14.502190345936,3.50219034593604,"Female",5,1
3,"z0186433",21,23.3820981947632,2.38209819476316,"Male",5,1
3,"z0190863",11,15.3892479665764,4.38924796657642,"Female",5,1
3,"z0190867",7,11.4358601362757,4.43586013627566,"Female",4,1
3,"z0196956",13,17.7867942774244,4.78679427742438,"Male",5,1
3,"z0198374",16,16.9431680925334,0.943168092533444,"Male",4,1
3,"z0198473",25,20.8712538197111,-4.12874618028885,"Male",5,1
3,"z0198474",19,31.1726194214472,12.1726194214472,"Male",5,1
4,"z0018943",10,23.0564640222884,13.0564640222884,"Female",3,0.6
4,"z0018944",10,9.32048377617703,-0.67951622382297,"Male",3,0.6
4,"z0018945",22,30.479841107369,8.47984110736904,"Female",3,0.6
4,"z0023316",6,2.59007983652547,-3.40992016347453,"Male",4,0.8
4,"z0023317",25,20.9851837988783,-4.01481620112165,"Male",3,0.6
4,"z0023318",11,12.6845078277914,1.68450782779137,"Female",4,0.8
4,"z0023319",26,21.9568567131635,-4.04314328683647,"Male",4,0.8
4,"z0023321",11,4.84964820322081,-6.15035179677919,"Female",3,0.6
4,"z0027453",6,9.47846368321637,3.47846368321637,"Female",3,0.6
4,"z0027455",10,10.3509502058494,0.350950205849363,"Female",2,0.4
4,"z0033888",6,11.767684962001,5.76768496200098,"Female",3,0.6
4,"z0033893",15,20.334507547914,5.334507547914,"Male",2,0.4
4,"z0033898",10,18.0086474351308,8.00864743513076,"Male",3,0.6
4,"z0033906",15,15.4596903578571,0.459690357857141,"Male",5,1
4,"z0033908",6,21.6125072928689,15.6125072928689,"Male",5,1
4,"z0041286",28,30.3587756850354,2.35877568503543,"Male",3,0.6
4,"z0045921",10,20.6835255133997,10.6835255133997,"Female",2,0.4
4,"z0045925",24,23.160863219895,-0.839136780105012,"Male",4,0.8
4,"z0045931",7,3.62965028127919,-3.37034971872081,"Male",4,0.8
4,"z0049046",6,9.13760576558285,3.13760576558285,"Female",3,0.6
4,"z0049048",11,9.91102137209324,-1.08897862790676,"Male",2,0.4
4,"z0049050",11,19.7939240364985,8.79392403649849,"Male",3,0.6
4,"z0049051",37,26.640253434231,-10.359746565769,"Female",4,0.8
4,"z0049052",34,29.8362616913296,-4.16373830867042,"Male",4,0.8
4,"z0061425",26,17.2706187589854,-8.72938124101461,"Male",4,0.8
4,"z0071016",8,15.0554454267355,7.05544542673553,"Male",3,0.6
4,"z0075660",18,16.960679285146,-1.03932071485396,"Male",4,0.8
4,"z0075663",18,25.1912106141216,7.19121061412158,"Male",3,0.6
4,"z0075665",27,26.2027415011262,-0.797258498873845,"Female",3,0.6
4,"z0075676",9,10.6826653915199,1.68266539151993,"Female",4,0.8
4,"z0075677",4,1.26435617324742,-2.73564382675258,"Female",5,1
4,"z0075678",7,9.59386260854113,2.59386260854113,"Female",4,0.8
4,"z0091082",7,4.08474549760958,-2.91525450239042,"Female",3,0.6
4,"z0091085",19,18.5734820352207,-0.426517964779258,"Female",3,0.6
4,"z0091275",3,5.86436207280545,2.86436207280545,"Male",3,0.6
4,"z0091276",10,30.1117615340099,20.1117615340099,"Female",2,0.4
4,"z0091277",3,6.60047033847208,3.60047033847208,"Female",4,0.8
4,"z0091284",3,1.78890456136842,-1.21109543863158,"Male",4,0.8
4,"z0091285",5,-0.418250296992995,-5.418250296993,"Male",5,1
4,"z0091286",14,19.2621920987987,5.26219209879873,"Male",4,0.8
4,"z0092243",19,18.8311106738525,-0.168889326147472,"Female",4,0.8
4,"z0092256",5,0.625466496001995,-4.37453350399801,"Male",5,1
4,"z0098734",23,16.4277950992656,-6.57220490073438,"Male",4,0.8
4,"z0098735",30,23.4592138189828,-6.54078618101721,"Male",4,0.8
4,"z0098736",15,7.38903051159119,-7.61096948840881,"Female",3,0.6
4,"z0098737",12,13.9720485099586,1.97204850995864,"Female",5,1
4,"z0098738",19,19.0506370680503,0.0506370680503068,"Male",4,0.8
4,"z0098740",17,19.5916013007546,2.59160130075455,"Female",4,0.8
4,"z0098744",6,16.9992362526756,10.9992362526756,"Male",2,0.4
4,"z0098745",7,10.8470402014369,3.84704020143693,"Male",4,0.8
4,"z0098746",32,22.9617593071284,-9.03824069287163,"Male",4,0.8
4,"z0102483",5,5.66618575662316,0.666185756623161,"Male",5,1
4,"z0102484",13,15.4964300457367,2.49643004573671,"Female",3,0.6
4,"z0102485",21,29.1657780233523,8.16577802335233,"Male",2,0.4
4,"z0102500",12,11.7308994475716,-0.269100552428419,"Male",4,0.8
4,"z0123188",24,29.4441517426533,5.44415174265328,"Female",5,1
4,"z0132631",15,16.0386942490611,1.0386942490611,"Female",3,0.6
4,"z0132632",34,27.2893645076595,-6.71063549234047,"Female",4,0.8
4,"z0132634",12,15.4948352772648,3.49483527726476,"Female",4,0.8
4,"z0132639",29,21.6181779790357,-7.38182202096425,"Female",3,0.6
4,"z0132641",21,13.4109052460015,-7.58909475399847,"Male",3,0.6
4,"z0132642",11,5.92630527234372,-5.07369472765628,"Female",2,0.4
4,"z0132658",36,22.4302738970735,-13.5697261029265,"Male",4,0.8
4,"z0132659",27,27.8896598882403,0.88965988824032,"Female",3,0.6
4,"z0132660",23,18.4902662278335,-4.50973377216648,"Male",4,0.8
4,"z0160208",21,26.9340305325819,5.9340305325819,"Female",5,1
4,"z0175867",9,12.868701437847,3.86870143784702,"Female",4,0.8
4,"z0175874",20,15.1848845078347,-4.81511549216528,"Male",4,0.8
4,"z0175876",12,13.1471206063759,1.14712060637594,"Male",5,1
4,"z0175877",32,19.4140191764777,-12.5859808235223,"Female",4,0.8
4,"z0178364",10,18.3493697179403,8.34936971794029,"Female",5,1
4,"z0183541",32,24.1716036109208,-7.82839638907922,"Male",4,0.8
4,"z0183543",4,1.31025266198736,-2.68974733801264,"Male",5,1
4,"z0183544",11,11.5789372466511,0.578937246651142,"Female",5,1
4,"z0186431",8,13.3426060421773,5.34260604217727,"Male",2,0.4
4,"z0186433",21,16.668191699318,-4.33180830068201,"Male",5,1
4,"z0186434",22,16.8120177818548,-5.18798221814524,"Male",3,0.6
4,"z0186435",30,22.2021001082484,-7.7978998917516,"Male",3,0.6
4,"z0186450",4,6.9036976624981,2.9036976624981,"Male",3,0.6
4,"z0190863",11,15.3603276197712,4.36032761977121,"Female",5,1
4,"z0190867",7,10.2025007325345,3.20250073253449,"Female",4,0.8
4,"z0196956",13,17.0013853612266,4.00138536122663,"Male",5,1
4,"z0198374",16,16.7123858255432,0.712385825543219,"Male",4,0.8
4,"z0198377",35,23.059957509658,-11.940042490342,"Female",3,0.6
4,"z0198473",25,17.2921441750309,-7.70785582496907,"Male",5,1
4,"z0198474",19,28.7791962683053,9.77919626830535,"Male",5,1
4,"z0198475",40,27.9706725677744,-12.0293274322256,"Male",3,0.6
4,"z0187739",23,25.6688729309273,2.66887293092734,"Female",3,0.6
4,"z0045928",22,25.5904229250409,3.59042292504088,"Female",2,0.4
5,"z0018943",10,22.9143120127946,12.9143120127946,"Female",3,0.6
5,"z0018944",10,9.41449397541128,-0.585506024588723,"Male",3,0.6
5,"z0018945",22,30.1835974194016,8.18359741940163,"Female",3,0.6
5,"z0023316",6,3.25244054397636,-2.74755945602364,"Male",4,0.8
5,"z0023317",25,21.85672300801,-3.14327699198998,"Male",3,0.6
5,"z0023318",11,14.0239672110436,3.02396721104358,"Female",4,0.8
5,"z0023319",26,23.1518968332308,-2.84810316676921,"Male",4,0.8
5,"z0023321",11,3.30639011984959,-7.69360988015041,"Female",3,0.6
5,"z0027453",6,9.47851184997253,3.47851184997253,"Female",3,0.6
5,"z0033888",6,12.3706691080554,6.37066910805541,"Female",3,0.6
5,"z0033898",10,19.9958401128588,9.99584011285881,"Male",3,0.6
5,"z0033906",15,17.9381149570016,2.93811495700161,"Male",5,1
5,"z0033908",6,22.5571107137406,16.5571107137406,"Male",5,1
5,"z0041286",28,31.8305893186628,3.83058931866282,"Male",3,0.6
5,"z0045925",24,23.1644099066232,-0.835590093376815,"Male",4,0.8
5,"z0045931",7,4.32288494819903,-2.67711505180097,"Male",4,0.8
5,"z0049046",6,9.73422423083991,3.73422423083991,"Female",3,0.6
5,"z0049050",11,21.359633089958,10.359633089958,"Male",3,0.6
5,"z0049051",37,26.9734188235031,-10.0265811764969,"Female",4,0.8
5,"z0049052",34,31.6573794485195,-2.34262055148054,"Male",4,0.8
5,"z0061425",26,18.2802353675747,-7.71976463242533,"Male",4,0.8
5,"z0071016",8,14.1336656582663,6.13366565826634,"Male",3,0.6
5,"z0075660",18,18.5047809339481,0.504780933948087,"Male",4,0.8
5,"z0075663",18,25.9011040827761,7.90110408277613,"Male",3,0.6
5,"z0075665",27,26.9167167151416,-0.0832832848583536,"Female",3,0.6
5,"z0075676",9,10.5404684862245,1.54046848622448,"Female",4,0.8
5,"z0075677",4,0.560485076786522,-3.43951492321348,"Female",5,1
5,"z0075678",7,10.406312454099,3.40631245409903,"Female",4,0.8
5,"z0091082",7,4.65979519790616,-2.34020480209384,"Female",3,0.6
5,"z0091085",19,16.5036657931283,-2.49633420687171,"Female",3,0.6
5,"z0091275",3,2.74683159591135,-0.253168404088646,"Male",3,0.6
5,"z0091277",3,9.73580146300516,6.73580146300516,"Female",4,0.8
5,"z0091284",3,-1.24375557818707,-4.24375557818707,"Male",4,0.8
5,"z0091285",5,-1.73681383719579,-6.73681383719579,"Male",5,1
5,"z0091286",14,18.7469873169155,4.74698731691546,"Male",4,0.8
5,"z0092243",19,20.3437402434182,1.34374024341821,"Female",4,0.8
5,"z0092256",5,0.486967580993514,-4.51303241900649,"Male",5,1
5,"z0098734",23,17.1933962141209,-5.80660378587909,"Male",4,0.8
5,"z0098735",30,23.6473103689339,-6.35268963106607,"Male",4,0.8
5,"z0098736",15,6.10702918085266,-8.89297081914734,"Female",3,0.6
5,"z0098737",12,11.5084190291797,-0.491580970820312,"Female",5,1
5,"z0098738",19,19.4228899545289,0.422889954528856,"Male",4,0.8
5,"z0098740",17,18.0112655056984,1.01126550569839,"Female",4,0.8
5,"z0098745",7,12.0487158957815,5.04871589578149,"Male",4,0.8
5,"z0098746",32,24.0983742275001,-7.90162577249994,"Male",4,0.8
5,"z0102483",5,7.40882292392132,2.40882292392132,"Male",5,1
5,"z0102484",13,15.3599668796443,2.35996687964428,"Female",3,0.6
5,"z0102500",12,11.3782539351767,-0.62174606482329,"Male",4,0.8
5,"z0123188",24,28.9984121889355,4.99841218893551,"Female",5,1
5,"z0132631",15,16.9850770909025,1.98507709090245,"Female",3,0.6
5,"z0132632",34,27.9427482506759,-6.05725174932412,"Female",4,0.8
5,"z0132634",12,14.9869682251539,2.98696822515394,"Female",4,0.8
5,"z0132639",29,20.9355647058418,-8.06443529415822,"Female",3,0.6
5,"z0132641",21,13.4856765384868,-7.5143234615132,"Male",3,0.6
5,"z0132658",36,23.2372361831506,-12.7627638168494,"Male",4,0.8
5,"z0132659",27,29.1811393915594,2.18113939155945,"Female",3,0.6
5,"z0132660",23,19.1942595133475,-3.80574048665248,"Male",4,0.8
5,"z0160208",21,28.1252770269463,7.12527702694626,"Female",5,1
5,"z0175867",9,15.8502632247307,6.85026322473066,"Female",4,0.8
5,"z0175874",20,15.8926277353915,-4.10737226460854,"Male",4,0.8
5,"z0175876",12,13.5008870627478,1.50088706274778,"Male",5,1
5,"z0175877",32,19.3817624210927,-12.6182375789073,"Female",4,0.8
5,"z0178364",10,17.143717426129,7.14371742612897,"Female",5,1
5,"z0183541",32,25.6951589009014,-6.30484109909861,"Male",4,0.8
5,"z0183543",4,-0.980141058740331,-4.98014105874033,"Male",5,1
5,"z0183544",11,11.3570113535682,0.357011353568199,"Female",5,1
5,"z0186433",21,17.9927446469571,-3.00725535304291,"Male",5,1
5,"z0186434",22,18.008255972875,-3.99174402712504,"Male",3,0.6
5,"z0186435",30,23.4884551102272,-6.51154488977276,"Male",3,0.6
5,"z0186450",4,8.15341202741225,4.15341202741225,"Male",3,0.6
5,"z0190863",11,19.6943172434325,8.6943172434325,"Female",5,1
5,"z0190867",7,9.09624650913452,2.09624650913452,"Female",4,0.8
5,"z0196956",13,19.5303378449493,6.53033784494929,"Male",5,1
5,"z0198374",16,18.0619423263546,2.06194232635455,"Male",4,0.8
5,"z0198377",35,24.177932457677,-10.822067542323,"Female",3,0.6
5,"z0198473",25,18.9577251994119,-6.0422748005881,"Male",5,1
5,"z0198474",19,28.9584304710259,9.9584304710259,"Male",5,1
5,"z0198475",40,27.4335446326839,-12.5664553673161,"Male",3,0.6
5,"z0187739",23,26.7421348737495,3.74213487374947,"Female",3,0.6
6,"z0023316",6,5.4263188041472,-0.573681195852798,"Male",4,0.8
6,"z0023318",11,12.1055123485256,1.10551234852559,"Female",4,0.8
6,"z0023319",26,22.7849859239381,-3.21501407606195,"Male",4,0.8
6,"z0033906",15,16.8721387720661,1.87213877206608,"Male",5,1
6,"z0033908",6,24.6674052907459,18.6674052907459,"Male",5,1
6,"z0045925",24,23.2498016010482,-0.750198398951799,"Male",4,0.8
6,"z0045931",7,5.17884251641986,-1.82115748358014,"Male",4,0.8
6,"z0049051",37,28.8674779506042,-8.13252204939576,"Female",4,0.8
6,"z0049052",34,36.3916482585066,2.39164825850656,"Male",4,0.8
6,"z0061425",26,16.5323616851768,-9.46763831482318,"Male",4,0.8
6,"z0075660",18,18.8643429891383,0.864342989138265,"Male",4,0.8
6,"z0075676",9,8.53345064258623,-0.466549357413772,"Female",4,0.8
6,"z0075677",4,11.4655633488476,7.46556334884758,"Female",5,1
6,"z0075678",7,9.00857059866157,2.00857059866157,"Female",4,0.8
6,"z0091277",3,11.0003032234342,8.00030322343417,"Female",4,0.8
6,"z0091284",3,-10.7920696765579,-13.7920696765579,"Male",4,0.8
6,"z0091285",5,0.4253374987985,-4.5746625012015,"Male",5,1
6,"z0091286",14,20.0392935831577,6.03929358315773,"Male",4,0.8
6,"z0092243",19,19.2417122493367,0.241712249336707,"Female",4,0.8
6,"z0092256",5,2.04042032822998,-2.95957967177002,"Male",5,1
6,"z0098734",23,19.1206030577735,-3.8793969422265,"Male",4,0.8
6,"z0098735",30,24.9425583626688,-5.0574416373312,"Male",4,0.8
6,"z0098737",12,11.7359720453677,-0.264027954632271,"Female",5,1
6,"z0098738",19,19.5532011740543,0.553201174054255,"Male",4,0.8
6,"z0098740",17,14.3795380146093,-2.62046198539072,"Female",4,0.8
6,"z0098745",7,11.2390163538739,4.23901635387394,"Male",4,0.8
6,"z0098746",32,24.4589493127738,-7.54105068722619,"Male",4,0.8
6,"z0102483",5,6.37329567046001,1.37329567046001,"Male",5,1
6,"z0102500",12,9.63252113948197,-2.36747886051803,"Male",4,0.8
6,"z0123188",24,29.9971640952363,5.9971640952363,"Female",5,1
6,"z0132632",34,27.83686502014,-6.16313497985997,"Female",4,0.8
6,"z0132634",12,18.0930356338864,6.0930356338864,"Female",4,0.8
6,"z0132658",36,25.0253699614293,-10.9746300385707,"Male",4,0.8
6,"z0132660",23,21.0666343062894,-1.93336569371063,"Male",4,0.8
6,"z0160208",21,23.9984289385855,2.99842893858546,"Female",5,1
6,"z0175867",9,16.1066693970769,7.10666939707695,"Female",4,0.8
6,"z0175874",20,19.2879979539555,-0.712002046044532,"Male",4,0.8
6,"z0175876",12,16.2247663029919,4.2247663029919,"Male",5,1
6,"z0175877",32,22.6400636214983,-9.35993637850167,"Female",4,0.8
6,"z0178364",10,19.1946092711517,9.19460927115167,"Female",5,1
6,"z0183541",32,26.4881364311883,-5.51186356881174,"Male",4,0.8
6,"z0183543",4,-2.68504653686776,-6.68504653686776,"Male",5,1
6,"z0183544",11,11.5830185426519,0.583018542651946,"Female",5,1
6,"z0186433",21,17.6578027031264,-3.34219729687359,"Male",5,1
6,"z0190863",11,16.4049076262587,5.40490762625866,"Female",5,1
6,"z0190867",7,10.7152511377663,3.71525113776625,"Female",4,0.8
6,"z0196956",13,13.2262879028041,0.226287902804124,"Male",5,1
6,"z0198374",16,13.9229538314127,-2.07704616858733,"Male",4,0.8
6,"z0198473",25,19.9877434416592,-5.01225655834077,"Male",5,1
6,"z0198474",19,28.2606909940865,9.26069099408652,"Male",5,1
7,"z0018943",10,22.315874571242,12.315874571242,"Female",3,0.55
7,"z0018944",10,10.2527937447708,0.252793744770754,"Male",3,0.55
7,"z0018945",22,29.3267102771875,7.32671027718749,"Female",3,0.55
7,"z0023316",6,0.743849990026144,-5.25615000997386,"Male",4,0.75
7,"z0023317",25,23.0971805097989,-1.90281949020111,"Male",3,0.55
7,"z0023318",11,12.680660025639,1.68066002563899,"Female",4,0.75
7,"z0023319",26,23.4938384915542,-2.50616150844577,"Male",4,0.75
7,"z0023321",11,5.78411143745639,-5.21588856254361,"Female",3,0.55
7,"z0027453",6,11.5881376022245,5.58813760222455,"Female",3,0.55
7,"z0027455",10,9.71313388900797,-0.286866110992031,"Female",2,0.2
7,"z0033888",6,13.2178858237095,7.21788582370949,"Female",3,0.55
7,"z0033893",15,21.1747126372794,6.17471263727938,"Male",2,0.2
7,"z0033898",10,21.3862453161428,11.3862453161428,"Male",3,0.55
7,"z0033906",15,15.4926464054249,0.492646405424853,"Male",5,1
7,"z0033908",6,19.8265296780419,13.8265296780419,"Male",5,1
7,"z0041286",28,31.3913628292827,3.39136282928267,"Male",3,0.55
7,"z0045921",10,18.2621319890354,8.26213198903537,"Female",2,0.2
7,"z0045925",24,24.9197230243041,0.919723024304133,"Male",4,0.75
7,"z0045931",7,4.843655534975,-2.156344465025,"Male",4,0.75
7,"z0049046",6,7.19906907504763,1.19906907504763,"Female",3,0.55
7,"z0049048",11,9.5387572840079,-1.4612427159921,"Male",2,0.2
7,"z0049050",11,18.7074806580431,7.70748065804308,"Male",3,0.55
7,"z0049051",37,27.230090607732,-9.76990939226797,"Female",4,0.75
7,"z0049052",34,30.8096470364018,-3.19035296359823,"Male",4,0.75
7,"z0061425",26,18.0152799180651,-7.98472008193489,"Male",4,0.75
7,"z0071016",8,18.2755883773692,10.2755883773692,"Male",3,0.55
7,"z0075660",18,17.9825024205715,-0.0174975794284862,"Male",4,0.75
7,"z0075663",18,25.5215505826235,7.52155058262353,"Male",3,0.55
7,"z0075665",27,28.7581684661178,1.75816846611776,"Female",3,0.55
7,"z0075676",9,9.09052187898536,0.0905218789853564,"Female",4,0.75
7,"z0075677",4,-0.989825874128817,-4.98982587412882,"Female",5,1
7,"z0075678",7,12.1914310376077,5.19143103760772,"Female",4,0.75
7,"z0091082",7,4.77236844851944,-2.22763155148056,"Female",3,0.55
7,"z0091085",19,21.1034097258916,2.10340972589155,"Female",3,0.55
7,"z0091275",3,3.02033300615584,0.0203330061558411,"Male",3,0.55
7,"z0091276",10,41.4140787395676,31.4140787395676,"Female",2,0.2
7,"z0091277",3,6.1157448583564,3.1157448583564,"Female",4,0.75
7,"z0091284",3,-1.29584983580144,-4.29584983580144,"Male",4,0.75
7,"z0091285",5,-0.248239170513945,-5.24823917051395,"Male",5,1
7,"z0091286",14,19.4258870381118,5.42588703811176,"Male",4,0.75
7,"z0092243",19,18.41024548725,-0.589754512750044,"Female",4,0.75
7,"z0092256",5,-1.50894933600004,-6.50894933600004,"Male",5,1
7,"z0098734",23,18.9066763069779,-4.0933236930221,"Male",4,0.75
7,"z0098735",30,23.4749213069596,-6.52507869304045,"Male",4,0.75
7,"z0098736",15,5.85727349523567,-9.14272650476433,"Female",3,0.55
7,"z0098737",12,13.8885430288486,1.88854302884855,"Female",5,1
7,"z0098738",19,18.3466742738136,-0.653325726186377,"Male",4,0.75
7,"z0098740",17,18.1368974577156,1.13689745771565,"Female",4,0.75
7,"z0098744",6,17.1175516650167,11.1175516650167,"Male",2,0.2
7,"z0098745",7,13.1699606920024,6.16996069200243,"Male",4,0.75
7,"z0098746",32,26.6197266763443,-5.38027332365574,"Male",4,0.75
7,"z0102483",5,5.56426093764917,0.564260937649166,"Male",5,1
7,"z0102484",13,15.3261180012507,2.32611800125067,"Female",3,0.55
7,"z0102485",21,29.1187390908728,8.11873909087283,"Male",2,0.2
7,"z0102500",12,10.1111414351225,-1.88885856487751,"Male",4,0.75
7,"z0123188",24,27.6152312807046,3.61523128070462,"Female",5,1
7,"z0132631",15,15.7527646664547,0.752764666454684,"Female",3,0.55
7,"z0132632",34,27.0942712789525,-6.90572872104751,"Female",4,0.75
7,"z0132634",12,15.6784035556074,3.67840355560744,"Female",4,0.75
7,"z0132639",29,23.1806795511686,-5.81932044883143,"Female",3,0.55
7,"z0132641",21,12.1365366745167,-8.86346332548328,"Male",3,0.55
7,"z0132642",11,8.4323182473159,-2.5676817526841,"Female",2,0.2
7,"z0132658",36,24.9664542532915,-11.0335457467085,"Male",4,0.75
7,"z0132659",27,27.8779288380587,0.877928838058704,"Female",3,0.55
7,"z0132660",23,18.0994960988774,-4.90050390112263,"Male",4,0.75
7,"z0160208",21,26.960031703993,5.96003170399296,"Female",5,1
7,"z0175867",9,11.4822919774424,2.48229197744243,"Female",4,0.75
7,"z0175874",20,15.4109397007174,-4.58906029928263,"Male",4,0.75
7,"z0175876",12,11.4057921881126,-0.594207811887374,"Male",5,1
7,"z0175877",32,20.0541384633608,-11.9458615366392,"Female",4,0.75
7,"z0178364",10,18.6257535981444,8.6257535981444,"Female",5,1
7,"z0183541",32,28.3152432616984,-3.68475673830163,"Male",4,0.75
7,"z0183543",4,1.50250866265366,-2.49749133734634,"Male",5,1
7,"z0183544",11,13.0384516501561,2.03845165015614,"Female",5,1
7,"z0186431",8,14.3812056503911,6.38120565039107,"Male",2,0.2
7,"z0186433",21,16.3359729383424,-4.6640270616576,"Male",5,1
7,"z0186434",22,15.8590304282214,-6.14096957177863,"Male",3,0.55
7,"z0186435",30,21.4255558737171,-8.57444412628291,"Male",3,0.55
7,"z0186450",4,6.93212896820726,2.93212896820726,"Male",3,0.55
7,"z0190863",11,16.6724084978093,5.67240849780927,"Female",5,1
7,"z0190867",7,9.55795738838264,2.55795738838264,"Female",4,0.75
7,"z0196956",13,15.5698799760889,2.56987997608892,"Male",5,1
7,"z0198374",16,16.1026764477065,0.102676447706468,"Male",4,0.75
7,"z0198377",35,21.919923845046,-13.080076154954,"Female",3,0.55
7,"z0198473",25,19.0376982502332,-5.96230174976679,"Male",5,1
7,"z0198474",19,28.8515485050783,9.85154850507833,"Male",5,1
7,"z0198475",40,25.9672493414655,-14.0327506585345,"Male",3,0.55
7,"z0187739",23,24.2762640239467,1.27626402394667,"Female",3,0.55
7,"z0045928",22,25.5040650453268,3.50406504532682,"Female",2,0.2
8,"z0018943",10,21.9572613912413,11.9572613912413,"Female",3,0.55
8,"z0018944",10,10.9154520068091,0.91545200680906,"Male",3,0.55
8,"z0018945",22,28.5133984653942,6.5133984653942,"Female",3,0.55
8,"z0023316",6,2.91801125823568,-3.08198874176432,"Male",4,0.75
8,"z0023317",25,22.2353282035178,-2.76467179648218,"Male",3,0.55
8,"z0023318",11,13.6598316860164,2.65983168601639,"Female",4,0.75
8,"z0023319",26,25.9612564032299,-0.0387435967700895,"Male",4,0.75
8,"z0023321",11,5.75467225963859,-5.24532774036141,"Female",3,0.55
8,"z0027453",6,12.176107213385,6.17610721338504,"Female",3,0.55
8,"z0033888",6,14.9298245795677,8.92982457956768,"Female",3,0.55
8,"z0033898",10,20.8907067702487,10.8907067702487,"Male",3,0.55
8,"z0033906",15,18.4456574760047,3.44565747600467,"Male",5,1
8,"z0033908",6,21.3647078893731,15.3647078893731,"Male",5,1
8,"z0041286",28,31.5130559098111,3.51305590981114,"Male",3,0.55
8,"z0045925",24,23.9532181036554,-0.0467818963445694,"Male",4,0.75
8,"z0045931",7,5.30661823452839,-1.69338176547161,"Male",4,0.75
8,"z0049046",6,5.56285495975104,-0.437145040248955,"Female",3,0.55
8,"z0049050",11,20.3176867984543,9.31768679845429,"Male",3,0.55
8,"z0049051",37,28.0678229461797,-8.9321770538203,"Female",4,0.75
8,"z0049052",34,31.5427580430306,-2.45724195696945,"Male",4,0.75
8,"z0061425",26,18.1005900853816,-7.89940991461841,"Male",4,0.75
8,"z0071016",8,18.4265409531614,10.4265409531614,"Male",3,0.55
8,"z0075660",18,18.8195648671499,0.819564867149868,"Male",4,0.75
8,"z0075663",18,25.4228968298177,7.42289682981768,"Male",3,0.55
8,"z0075665",27,29.2625717724326,2.26257177243259,"Female",3,0.55
8,"z0075676",9,8.29486862054308,-0.705131379456921,"Female",4,0.75
8,"z0075677",4,-0.979385759076263,-4.97938575907626,"Female",5,1
8,"z0075678",7,12.4908907122076,5.49089071220759,"Female",4,0.75
8,"z0091082",7,4.96039621501721,-2.03960378498279,"Female",3,0.55
8,"z0091085",19,20.2892702878106,1.28927028781056,"Female",3,0.55
8,"z0091275",3,0.353802306353022,-2.64619769364698,"Male",3,0.55
8,"z0091277",3,6.46154099962629,3.46154099962629,"Female",4,0.75
8,"z0091284",3,-2.43288444118349,-5.43288444118349,"Male",4,0.75
8,"z0091285",5,2.84756259333291,-2.15243740666709,"Male",5,1
8,"z0091286",14,20.1477370240897,6.1477370240897,"Male",4,0.75
8,"z0092243",19,17.2681286604791,-1.73187133952091,"Female",4,0.75
8,"z0092256",5,-0.989346103957933,-5.98934610395793,"Male",5,1
8,"z0098734",23,19.2456792159718,-3.7543207840282,"Male",4,0.75
8,"z0098735",30,24.2997193712143,-5.70028062878568,"Male",4,0.75
8,"z0098736",15,5.48151693457662,-9.51848306542338,"Female",3,0.55
8,"z0098737",12,12.3611395050489,0.361139505048856,"Female",5,1
8,"z0098738",19,18.3946292630908,-0.605370736909247,"Male",4,0.75
8,"z0098740",17,16.3821042589484,-0.617895741051584,"Female",4,0.75
8,"z0098745",7,12.9654725544803,5.96547255448028,"Male",4,0.75
8,"z0098746",32,28.330856859923,-3.66914314007703,"Male",4,0.75
8,"z0102483",5,5.90494393297912,0.904943932979124,"Male",5,1
8,"z0102484",13,14.282553475257,1.28255347525702,"Female",3,0.55
8,"z0102500",12,7.94028211923222,-4.05971788076778,"Male",4,0.75
8,"z0123188",24,26.2543805300081,2.25438053000813,"Female",5,1
8,"z0132631",15,16.7906300689811,1.7906300689811,"Female",3,0.55
8,"z0132632",34,24.8734075578487,-9.12659244215126,"Female",4,0.75
8,"z0132634",12,14.8874578240408,2.88745782404085,"Female",4,0.75
8,"z0132639",29,22.8603839873131,-6.13961601268691,"Female",3,0.55
8,"z0132641",21,13.1027742258212,-7.89722577417885,"Male",3,0.55
8,"z0132658",36,28.0389958803052,-7.96100411969484,"Male",4,0.75
8,"z0132659",27,29.8528386084543,2.85283860845425,"Female",3,0.55
8,"z0132660",23,19.4677831945371,-3.53221680546289,"Male",4,0.75
8,"z0160208",21,26.7651986092467,5.7651986092467,"Female",5,1
8,"z0175867",9,12.6745052717651,3.67450527176507,"Female",4,0.75
8,"z0175874",20,14.9753855914928,-5.02461440850725,"Male",4,0.75
8,"z0175876",12,11.9198672615464,-0.080132738453564,"Male",5,1
8,"z0175877",32,20.7852344259975,-11.2147655740025,"Female",4,0.75
8,"z0178364",10,15.172246597482,5.17224659748202,"Female",5,1
8,"z0183541",32,29.5106221533212,-2.48937784667876,"Male",4,0.75
8,"z0183543",4,-0.439851483188768,-4.43985148318877,"Male",5,1
8,"z0183544",11,11.7085151228582,0.708515122858168,"Female",5,1
8,"z0186433",21,16.7626536785861,-4.23734632141394,"Male",5,1
8,"z0186434",22,15.3857924158246,-6.61420758417536,"Male",3,0.55
8,"z0186435",30,22.3541344971138,-7.64586550288622,"Male",3,0.55
8,"z0186450",4,8.58644636736791,4.58644636736791,"Male",3,0.55
8,"z0190863",11,18.5507197260275,7.55071972602752,"Female",5,1
8,"z0190867",7,8.94543983197482,1.94543983197482,"Female",4,0.75
8,"z0196956",13,17.3942122149044,4.39421221490437,"Male",5,1
8,"z0198374",16,16.7757174908466,0.775717490846585,"Male",4,0.75
8,"z0198377",35,24.4799921634601,-10.5200078365399,"Female",3,0.55
8,"z0198473",25,22.0276062065984,-2.97239379340155,"Male",5,1
8,"z0198474",19,29.6614002860763,10.6614002860763,"Male",5,1
8,"z0198475",40,25.4301796225216,-14.5698203774784,"Male",3,0.55
8,"z0187739",23,23.9495299528102,0.94952995281016,"Female",3,0.55
9,"z0023316",6,3.94259463106394,-2.05740536893606,"Male",4,0.75
9,"z0023318",11,12.0111038096945,1.01110380969448,"Female",4,0.75
9,"z0023319",26,30.0797239642119,4.07972396421192,"Male",4,0.75
9,"z0033906",15,14.9914339062331,-0.00856609376691075,"Male",5,1
9,"z0033908",6,22.5631587428269,16.5631587428269,"Male",5,1
9,"z0045925",24,27.3906734401027,3.39067344010267,"Male",4,0.75
9,"z0045931",7,7.79996609487616,0.799966094876157,"Male",4,0.75
9,"z0049051",37,28.5275002267914,-8.47249977320864,"Female",4,0.75
9,"z0049052",34,33.7459944427147,-0.254005557285254,"Male",4,0.75
9,"z0061425",26,16.1203092773552,-9.87969072264482,"Male",4,0.75
9,"z0075660",18,20.5288823276338,2.52888232763381,"Male",4,0.75
9,"z0075676",9,3.76828843786956,-5.23171156213044,"Female",4,0.75
9,"z0075677",4,11.6068458340067,7.60684583400674,"Female",5,1
9,"z0075678",7,12.9302860507901,5.93028605079013,"Female",4,0.75
9,"z0091277",3,9.96781166088169,6.96781166088169,"Female",4,0.75
9,"z0091284",3,-5.34097739352923,-8.34097739352923,"Male",4,0.75
9,"z0091285",5,-1.02549820511114,-6.02549820511114,"Male",5,1
9,"z0091286",14,20.9705006003044,6.97050060030444,"Male",4,0.75
9,"z0092243",19,16.757106943264,-2.24289305673596,"Female",4,0.75
9,"z0092256",5,0.445830954563421,-4.55416904543658,"Male",5,1
9,"z0098734",23,22.1713806916742,-0.828619308325813,"Male",4,0.75
9,"z0098735",30,24.3004239227248,-5.69957607727517,"Male",4,0.75
9,"z0098737",12,10.4756999290016,-1.52430007099843,"Female",5,1
9,"z0098738",19,17.289141902151,-1.71085809784895,"Male",4,0.75
9,"z0098740",17,8.52987773623385,-8.47012226376615,"Female",4,0.75
9,"z0098745",7,12.7120149985591,5.7120149985591,"Male",4,0.75
9,"z0098746",32,30.8035484201812,-1.19645157981884,"Male",4,0.75
9,"z0102483",5,6.71685679522546,1.71685679522546,"Male",5,1
9,"z0102500",12,8.83126253379088,-3.16873746620912,"Male",4,0.75
9,"z0123188",24,25.9332459949942,1.93324599499423,"Female",5,1
9,"z0132632",34,29.3995734858417,-4.60042651415829,"Female",4,0.75
9,"z0132634",12,18.8708006223158,6.87080062231582,"Female",4,0.75
9,"z0132658",36,26.5220805141206,-9.47791948587939,"Male",4,0.75
9,"z0132660",23,18.8395788493581,-4.16042115064191,"Male",4,0.75
9,"z0160208",21,23.064150136585,2.06415013658498,"Female",5,1
9,"z0175867",9,14.6096413476358,5.60964134763577,"Female",4,0.75
9,"z0175874",20,17.0980529354621,-2.90194706453788,"Male",4,0.75
9,"z0175876",12,12.0227246182932,0.0227246182932319,"Male",5,1
9,"z0175877",32,23.8174628118487,-8.18253718815125,"Female",4,0.75
9,"z0178364",10,18.1803491011312,8.18034910113124,"Female",5,1
9,"z0183541",32,27.5925813972783,-4.40741860272173,"Male",4,0.75
9,"z0183543",4,-0.494477055246209,-4.49447705524621,"Male",5,1
9,"z0183544",11,16.075709103859,5.07570910385895,"Female",5,1
9,"z0186433",21,17.640800178695,-3.35919982130499,"Male",5,1
9,"z0190863",11,15.6243148493063,4.62431484930632,"Female",5,1
9,"z0190867",7,10.3290626348789,3.32906263487892,"Female",4,0.75
9,"z0196956",13,12.2875981747201,-0.712401825279862,"Male",5,1
9,"z0198374",16,16.2154252603492,0.215425260349164,"Male",4,0.75
9,"z0198473",25,23.8061363354183,-1.19386366458169,"Male",5,1
9,"z0198474",19,29.2843811273265,10.2843811273265,"Male",5,1
10,"z0018943",10,24.4226385905831,14.4226385905831,"Female",3,1
10,"z0018944",10,8.56580490450785,-1.43419509549215,"Male",3,1
10,"z0018945",22,28.5661914896228,6.56619148962282,"Female",3,1
10,"z0023316",6,2.84313037190279,-3.15686962809721,"Male",4,1
10,"z0023317",25,22.0044618188709,-2.99553818112907,"Male",3,1
10,"z0023318",11,10.8007723200881,-0.199227679911864,"Female",4,1
10,"z0023319",26,19.136063226242,-6.86393677375803,"Male",4,1
10,"z0023321",11,6.01109701671002,-4.98890298328998,"Female",3,1
10,"z0027453",6,9.41653991558672,3.41653991558672,"Female",3,1
10,"z0027455",10,10.8108127140356,0.810812714035572,"Female",2,1
10,"z0033888",6,8.03829368588327,2.03829368588327,"Female",3,1
10,"z0033893",15,19.175545906864,4.17554590686403,"Male",2,1
10,"z0033898",10,15.8087448374569,5.80874483745686,"Male",3,1
10,"z0033906",15,19.1159425724621,4.11594257246206,"Male",5,1
10,"z0033908",6,20.9184471528482,14.9184471528482,"Male",5,1
10,"z0041286",28,32.1286292926324,4.1286292926324,"Male",3,1
10,"z0045921",10,20.7414308778687,10.7414308778687,"Female",2,1
10,"z0045925",24,21.5398513001529,-2.46014869984713,"Male",4,1
10,"z0045931",7,2.23317233217048,-4.76682766782952,"Male",4,1
10,"z0049046",6,5.13067639942327,-0.869323600576726,"Female",3,1
10,"z0049048",11,12.714857662404,1.71485766240396,"Male",2,1
10,"z0049050",11,19.0895294756202,8.08952947562024,"Male",3,1
10,"z0049051",37,21.9576695667535,-15.0423304332465,"Female",4,1
10,"z0049052",34,23.0499643134305,-10.9500356865695,"Male",4,1
10,"z0061425",26,15.700753487978,-10.299246512022,"Male",4,1
10,"z0071016",8,13.2280998962247,5.22809989622467,"Male",3,1
10,"z0075660",18,16.3223911123176,-1.67760888768237,"Male",4,1
10,"z0075663",18,23.094048328756,5.09404832875603,"Male",3,1
10,"z0075665",27,23.570350076265,-3.42964992373503,"Female",3,1
10,"z0075676",9,13.7310672617983,4.7310672617983,"Female",4,1
10,"z0075677",4,2.33673450175765,-1.66326549824235,"Female",5,1
10,"z0075678",7,10.4813712514075,3.48137125140748,"Female",4,1
10,"z0091082",7,5.85824195137933,-1.14175804862067,"Female",3,1
10,"z0091085",19,20.3530977018506,1.35309770185064,"Female",3,1
10,"z0091275",3,5.92428480527691,2.92428480527691,"Male",3,1
10,"z0091276",10,48.7038237877003,38.7038237877003,"Female",2,1
10,"z0091277",3,4.40273542442404,1.40273542442404,"Female",4,1
10,"z0091284",3,3.61173946777868,0.611739467778678,"Male",4,1
10,"z0091285",5,2.55845820358235,-2.44154179641765,"Male",5,1
10,"z0091286",14,16.6210034697741,2.62100346977412,"Male",4,1
10,"z0092243",19,21.7454793367709,2.74547933677088,"Female",4,1
10,"z0092256",5,9.75843116824856,4.75843116824856,"Male",5,1
10,"z0098734",23,16.0390831048183,-6.96091689518168,"Male",4,1
10,"z0098735",30,21.0289753336546,-8.97102466634535,"Male",4,1
10,"z0098736",15,9.12936830518134,-5.87063169481866,"Female",3,1
10,"z0098737",12,14.0343632972139,2.03436329721393,"Female",5,1
10,"z0098738",19,19.1312642534408,0.131264253440754,"Male",4,1
10,"z0098740",17,18.5696795320075,1.5696795320075,"Female",4,1
10,"z0098744",6,15.1891940558711,9.18919405587114,"Male",2,1
10,"z0098745",7,12.0102766456551,5.01027664565507,"Male",4,1
10,"z0098746",32,20.3646885057274,-11.6353114942726,"Male",4,1
10,"z0102483",5,4.10998653285897,-0.890013467141028,"Male",5,1
10,"z0102484",13,18.1187854578929,5.11878545789286,"Female",3,1
10,"z0102485",21,27.0453365977301,6.04533659773009,"Male",2,1
10,"z0102500",12,14.1850137530419,2.18501375304194,"Male",4,1
10,"z0123188",24,29.7663432154875,5.76634321548746,"Female",5,1
10,"z0132631",15,16.4981389035443,1.49813890354431,"Female",3,1
10,"z0132632",34,26.1657951749233,-7.83420482507669,"Female",4,1
10,"z0132634",12,14.5912679476275,2.59126794762748,"Female",4,1
10,"z0132639",29,21.1917750763765,-7.80822492362345,"Female",3,1
10,"z0132641",21,13.3737195510466,-7.62628044895343,"Male",3,1
10,"z0132642",11,6.37139003134177,-4.62860996865823,"Female",2,1
10,"z0132658",36,18.6299832074963,-17.3700167925037,"Male",4,1
10,"z0132659",27,26.4996306638925,-0.500369336107489,"Female",3,1
10,"z0132660",23,17.4412755182741,-5.55872448172586,"Male",4,1
10,"z0160208",21,27.3430817819786,6.34308178197855,"Female",5,1
10,"z0175867",9,12.6910520161872,3.69105201618723,"Female",4,1
10,"z0175874",20,14.3533078662675,-5.6466921337325,"Male",4,1
10,"z0175876",12,16.9086112503814,4.90861125038143,"Male",5,1
10,"z0175877",32,21.941545220246,-10.058454779754,"Female",4,1
10,"z0178364",10,19.2761222466921,9.27612224669214,"Female",5,1
10,"z0183541",32,21.1400554258708,-10.8599445741292,"Male",4,1
10,"z0183543",4,5.91514317665555,1.91514317665555,"Male",5,1
10,"z0183544",11,12.6196284018553,1.61962840185526,"Female",5,1
10,"z0186431",8,13.5834730350043,5.58347303500434,"Male",2,1
10,"z0186433",21,17.1807334231851,-3.81926657681492,"Male",5,1
10,"z0186434",22,18.512773851444,-3.48722614855595,"Male",3,1
10,"z0186435",30,20.0762454582317,-9.92375454176833,"Male",3,1
10,"z0186450",4,5.61534423271847,1.61534423271847,"Male",3,1
10,"z0190863",11,15.7530794753529,4.75307947535293,"Female",5,1
10,"z0190867",7,10.6030855112967,3.60308551129668,"Female",4,1
10,"z0196956",13,19.3996175304269,6.39961753042688,"Male",5,1
10,"z0198374",16,16.5466700493141,0.546670049314137,"Male",4,1
10,"z0198377",35,21.9128609018126,-13.0871390981874,"Female",3,1
10,"z0198473",25,20.5844832245224,-4.41551677547759,"Male",5,1
10,"z0198474",19,27.7132843050842,8.71328430508416,"Male",5,1
10,"z0198475",40,23.9300564161768,-16.0699435838232,"Male",3,1
10,"z0187739",23,24.1312331290306,1.13123312903061,"Female",3,1
10,"z0045928",22,27.3619107102173,5.36191071021731,"Female",2,1
11,"z0018943",10,23.8210887960733,13.8210887960733,"Female",3,1
11,"z0018944",10,9.00773091441687,-0.992269085583132,"Male",3,1
11,"z0018945",22,27.6826402299643,5.6826402299643,"Female",3,1
11,"z0023316",6,4.52793621172826,-1.47206378827174,"Male",4,1
11,"z0023317",25,22.8094475768949,-2.19055242310509,"Male",3,1
11,"z0023318",11,11.8250637043259,0.825063704325915,"Female",4,1
11,"z0023319",26,29.5692062106214,3.56920621062144,"Male",4,1
11,"z0023321",11,7.71044710525061,-3.28955289474939,"Female",3,1
11,"z0027453",6,10.9073087600388,4.90730876003876,"Female",3,1
11,"z0033888",6,10.0992136999577,4.09921369995772,"Female",3,1
11,"z0033898",10,17.1380671680955,7.13806716809549,"Male",3,1
11,"z0033906",15,17.5721092678053,2.57210926780531,"Male",5,1
11,"z0033908",6,20.5141304494162,14.5141304494162,"Male",5,1
11,"z0041286",28,31.704829524712,3.70482952471203,"Male",3,1
11,"z0045925",24,22.1008528544412,-1.89914714555879,"Male",4,1
11,"z0045931",7,2.92078024986719,-4.07921975013281,"Male",4,1
11,"z0049046",6,4.10796010600587,-1.89203989399413,"Female",3,1
11,"z0049050",11,20.9287987431615,9.92879874316155,"Male",3,1
11,"z0049051",37,27.7927091931957,-9.20729080680429,"Female",4,1
11,"z0049052",34,28.7168842598384,-5.28311574016157,"Male",4,1
11,"z0061425",26,20.4453965304001,-5.55460346959987,"Male",4,1
11,"z0071016",8,12.7403028620991,4.74030286209913,"Male",3,1
11,"z0075660",18,17.7924215058087,-0.207578494191281,"Male",4,1
11,"z0075663",18,23.5214352352794,5.52143523527943,"Male",3,1
11,"z0075665",27,30.1939564310095,3.19395643100946,"Female",3,1
11,"z0075676",9,7.78686742949,-1.21313257050999,"Female",4,1
11,"z0075677",4,0.0417965040355546,-3.95820349596445,"Female",5,1
11,"z0075678",7,10.3850607077264,3.38506070772638,"Female",4,1
11,"z0091082",7,6.40512631846551,-0.594873681534493,"Female",3,1
11,"z0091085",19,22.0826180217089,3.08261802170889,"Female",3,1
11,"z0091275",3,1.1235509062826,-1.8764490937174,"Male",3,1
11,"z0091277",3,8.92666595300245,5.92666595300245,"Female",4,1
11,"z0091284",3,-0.153877859481244,-3.15387785948124,"Male",4,1
11,"z0091285",5,2.14724433399228,-2.85275566600772,"Male",5,1
11,"z0091286",14,18.9193013785754,4.91930137857539,"Male",4,1
11,"z0092243",19,20.6205556580726,1.62055565807263,"Female",4,1
11,"z0092256",5,0.849677652083699,-4.1503223479163,"Male",5,1
11,"z0098734",23,18.9006677850051,-4.09933221499493,"Male",4,1
11,"z0098735",30,20.9135050357745,-9.08649496422552,"Male",4,1
11,"z0098736",15,7.8562163273878,-7.1437836726122,"Female",3,1
11,"z0098737",12,13.123784854232,1.123784854232,"Female",5,1
11,"z0098738",19,19.6141963967467,0.614196396746699,"Male",4,1
11,"z0098740",17,14.1702881756715,-2.82971182432853,"Female",4,1
11,"z0098745",7,12.7549900036912,5.75499000369119,"Male",4,1
11,"z0098746",32,29.6060946440927,-2.39390535590727,"Male",4,1
11,"z0102483",5,4.24865981620641,-0.751340183793589,"Male",5,1
11,"z0102484",13,14.808165020107,1.80816502010698,"Female",3,1
11,"z0102500",12,9.2046844684177,-2.7953155315823,"Male",4,1
11,"z0123188",24,27.7730706975079,3.77307069750788,"Female",5,1
11,"z0132631",15,14.2689819772592,-0.731018022740804,"Female",3,1
11,"z0132632",34,25.6747769569857,-8.32522304301429,"Female",4,1
11,"z0132634",12,13.3514680879,1.35146808789997,"Female",4,1
11,"z0132639",29,21.817420259583,-7.18257974041698,"Female",3,1
11,"z0132641",21,16.0249047886594,-4.97509521134061,"Male",3,1
11,"z0132658",36,25.7209146730053,-10.2790853269947,"Male",4,1
11,"z0132659",27,30.0746040302805,3.07460403028048,"Female",3,1
11,"z0132660",23,18.650044381783,-4.34995561821698,"Male",4,1
11,"z0160208",21,27.6219213443868,6.62192134438677,"Female",5,1
11,"z0175867",9,14.5643455797494,5.56434557974941,"Female",4,1
11,"z0175874",20,16.6166877357049,-3.38331226429506,"Male",4,1
11,"z0175876",12,13.0514906698293,1.0514906698293,"Male",5,1
11,"z0175877",32,18.6900419743093,-13.3099580256907,"Female",4,1
11,"z0178364",10,11.5076851129384,1.50768511293837,"Female",5,1
11,"z0183541",32,31.6369577504508,-0.363042249549157,"Male",4,1
11,"z0183543",4,0.145170753043033,-3.85482924695697,"Male",5,1
11,"z0183544",11,10.1253121696277,-0.874687830372277,"Female",5,1
11,"z0186433",21,18.9993967382634,-2.00060326173656,"Male",5,1
11,"z0186434",22,17.5313415441488,-4.46865845585117,"Male",3,1
11,"z0186435",30,21.0359957300062,-8.96400426999383,"Male",3,1
11,"z0186450",4,4.69406597583677,0.69406597583677,"Male",3,1
11,"z0190863",11,15.7666449155261,4.76664491552613,"Female",5,1
11,"z0190867",7,9.80604939807888,2.80604939807888,"Female",4,1
11,"z0196956",13,20.3894306464983,7.38943064649829,"Male",5,1
11,"z0198374",16,18.9158589576334,2.91585895763339,"Male",4,1
11,"z0198377",35,30.3567481185772,-4.64325188142278,"Female",3,1
11,"z0198473",25,24.6695000468849,-0.330499953115059,"Male",5,1
11,"z0198474",19,28.2899101754313,9.28991017543127,"Male",5,1
11,"z0198475",40,29.8928000477,-10.1071999523,"Male",3,1
11,"z0187739",23,24.2215846563979,1.22158465639793,"Female",3,1
12,"z0023316",6,6.0439602601471,0.043960260147105,"Male",4,1
12,"z0023318",11,12.6769918115282,1.6769918115282,"Female",4,1
12,"z0023319",26,25.1744406519031,-0.825559348096895,"Male",4,1
12,"z0033906",15,16.032714338043,1.03271433804304,"Male",5,1
12,"z0033908",6,22.0511817702589,16.0511817702589,"Male",5,1
12,"z0045925",24,22.6525791706534,-1.34742082934663,"Male",4,1
12,"z0045931",7,4.71801562311595,-2.28198437688405,"Male",4,1
12,"z0049051",37,30.8897954763281,-6.11020452367186,"Female",4,1
12,"z0049052",34,30.1814615301066,-3.81853846989345,"Male",4,1
12,"z0061425",26,17.3555280000437,-8.64447199995629,"Male",4,1
12,"z0075660",18,19.827058365836,1.82705836583596,"Male",4,1
12,"z0075676",9,8.517863765727,-0.482136234272996,"Female",4,1
12,"z0075677",4,8.03305527042055,4.03305527042055,"Female",5,1
12,"z0075678",7,9.99638109691676,2.99638109691676,"Female",4,1
12,"z0091277",3,8.83853574870925,5.83853574870925,"Female",4,1
12,"z0091284",3,-1.5686879273162,-4.5686879273162,"Male",4,1
12,"z0091285",5,5.0208433120566,0.0208433120566003,"Male",5,1
12,"z0091286",14,21.0477928538575,7.04779285385749,"Male",4,1
12,"z0092243",19,20.570354712506,1.57035471250604,"Female",4,1
12,"z0092256",5,0.684285585939293,-4.31571441406071,"Male",5,1
12,"z0098734",23,20.5519710200768,-2.44802897992317,"Male",4,1
12,"z0098735",30,22.6986867141909,-7.30131328580914,"Male",4,1
12,"z0098737",12,11.8184821035775,-0.18151789642252,"Female",5,1
12,"z0098738",19,17.0005786313189,-1.99942136868112,"Male",4,1
12,"z0098740",17,11.9046134458293,-5.0953865541707,"Female",4,1
12,"z0098745",7,12.5539794865384,5.55397948653842,"Male",4,1
12,"z0098746",32,27.3600628956064,-4.63993710439358,"Male",4,1
12,"z0102483",5,5.03129449905761,0.0312944990576058,"Male",5,1
12,"z0102500",12,9.53296072848929,-2.46703927151071,"Male",4,1
12,"z0123188",24,29.3224596119269,5.3224596119269,"Female",5,1
12,"z0132632",34,26.1387165616203,-7.86128343837969,"Female",4,1
12,"z0132634",12,15.3452131351572,3.34521313515715,"Female",4,1
12,"z0132658",36,25.6232914489194,-10.3767085510806,"Male",4,1
12,"z0132660",23,20.2996614472372,-2.70033855276281,"Male",4,1
12,"z0160208",21,25.097341015694,4.09734101569402,"Female",5,1
12,"z0175867",9,16.9488831192861,7.94888311928609,"Female",4,1
12,"z0175874",20,19.0893744980172,-0.910625501982818,"Male",4,1
12,"z0175876",12,15.7065474617436,3.70654746174355,"Male",5,1
12,"z0175877",32,24.4780810316266,-7.5219189683734,"Female",4,1
12,"z0178364",10,15.2862608171145,5.28626081711446,"Female",5,1
12,"z0183541",32,29.1755308247341,-2.82446917526585,"Male",4,1
12,"z0183543",4,-0.548028711652433,-4.54802871165243,"Male",5,1
12,"z0183544",11,10.8453046325602,-0.154695367439777,"Female",5,1
12,"z0186433",21,18.2766048971167,-2.72339510288328,"Male",5,1
12,"z0190863",11,16.553370965153,5.55337096515301,"Female",5,1
12,"z0190867",7,10.7841397197651,3.7841397197651,"Female",4,1
12,"z0196956",13,11.4194622567889,-1.58053774321115,"Male",5,1
12,"z0198374",16,16.0641001933223,0.0641001933222718,"Male",4,1
12,"z0198473",25,25.3778084249322,0.377808424932248,"Male",5,1
12,"z0198474",19,28.2481565177288,9.24815651772878,"Male",5,1
13,"z0018943",10,22.4764948208872,12.4764948208872,"Female",3,0.6
13,"z0018944",10,11.6567385967083,1.65673859670827,"Male",3,0.6
13,"z0018945",22,28.3732260591401,6.37322605914008,"Female",3,0.6
13,"z0023316",6,2.36589863760155,-3.63410136239845,"Male",4,0.8
13,"z0023317",25,23.5353508955552,-1.46464910444476,"Male",3,0.6
13,"z0023318",11,11.2399012506432,0.239901250643195,"Female",4,0.8
13,"z0023319",26,22.7119529728419,-3.2880470271581,"Male",4,0.8
13,"z0023321",11,8.09598589103673,-2.90401410896327,"Female",3,0.6
13,"z0027453",6,11.1416098895738,5.14160988957384,"Female",3,0.6
13,"z0027455",10,9.93517747065109,-0.0648225293489126,"Female",2,0.4
13,"z0033888",6,10.1319056157919,4.13190561579187,"Female",3,0.6
13,"z0033893",15,19.1457015818798,4.14570158187977,"Male",2,0.4
13,"z0033898",10,18.5158235082211,8.5158235082211,"Male",3,0.6
13,"z0033906",15,18.2873975354517,3.28739753545166,"Male",5,1
13,"z0033908",6,19.6106830764048,13.6106830764048,"Male",5,1
13,"z0041286",28,30.022152574201,2.02215257420099,"Male",3,0.6
13,"z0045921",10,20.8847266017991,10.8847266017991,"Female",2,0.4
13,"z0045925",24,24.0800998177916,0.0800998177916092,"Male",4,0.8
13,"z0045931",7,3.33459874516592,-3.66540125483408,"Male",4,0.8
13,"z0049046",6,7.14863909729784,1.14863909729784,"Female",3,0.6
13,"z0049048",11,12.6606631690708,1.66066316907085,"Male",2,0.4
13,"z0049050",11,19.6187524905865,8.61875249058646,"Male",3,0.6
13,"z0049051",37,25.3640480063433,-11.6359519936567,"Female",4,0.8
13,"z0049052",34,26.8573979136234,-7.14260208637657,"Male",4,0.8
13,"z0061425",26,17.950845313408,-8.04915468659205,"Male",4,0.8
13,"z0071016",8,14.7693135629318,6.76931356293183,"Male",3,0.6
13,"z0075660",18,18.9495346992093,0.949534699209334,"Male",4,0.8
13,"z0075663",18,22.7360679209006,4.73606792090057,"Male",3,0.6
13,"z0075665",27,27.4924015269879,0.492401526987898,"Female",3,0.6
13,"z0075676",9,11.7522924403966,2.75229244039662,"Female",4,0.8
13,"z0075677",4,0.569864406400801,-3.4301355935992,"Female",5,1
13,"z0075678",7,11.8356336092205,4.83563360922053,"Female",4,0.8
13,"z0091082",7,6.73316531911849,-0.266834680881506,"Female",3,0.6
13,"z0091085",19,20.6679529094646,1.66795290946462,"Female",3,0.6
13,"z0091275",3,2.49320827948663,-0.506791720513372,"Male",3,0.6
13,"z0091276",10,45.333129582719,35.333129582719,"Female",2,0.4
13,"z0091277",3,6.95327499850639,3.95327499850639,"Female",4,0.8
13,"z0091284",3,2.18742630839055,-0.812573691609455,"Male",4,0.8
13,"z0091285",5,0.999334135544781,-4.00066586445522,"Male",5,1
13,"z0091286",14,18.2908022143527,4.29080221435265,"Male",4,0.8
13,"z0092243",19,19.860560094692,0.860560094692016,"Female",4,0.8
13,"z0092256",5,-0.736230955130407,-5.73623095513041,"Male",5,1
13,"z0098734",23,17.9375031985963,-5.06249680140373,"Male",4,0.8
13,"z0098735",30,21.9686047450744,-8.03139525492563,"Male",4,0.8
13,"z0098736",15,8.55211239295026,-6.44788760704974,"Female",3,0.6
13,"z0098737",12,14.2372953108086,2.23729531080856,"Female",5,1
13,"z0098738",19,18.6486798188728,-0.35132018112725,"Male",4,0.8
13,"z0098740",17,16.1264566924725,-0.87354330752752,"Female",4,0.8
13,"z0098744",6,16.8206972901858,10.8206972901858,"Male",2,0.4
13,"z0098745",7,12.2083096557042,5.20830965570418,"Male",4,0.8
13,"z0098746",32,23.7544101164708,-8.24558988352924,"Male",4,0.8
13,"z0102483",5,4.71457345495417,-0.285426545045834,"Male",5,1
13,"z0102484",13,13.9834405916999,0.983440591699884,"Female",3,0.6
13,"z0102485",21,26.963934350496,5.96393435049599,"Male",2,0.4
13,"z0102500",12,11.8691311582001,-0.130868841799851,"Male",4,0.8
13,"z0123188",24,29.0768808996269,5.07688089962685,"Female",5,1
13,"z0132631",15,15.7759578897944,0.775957889794384,"Female",3,0.6
13,"z0132632",34,27.4546399326454,-6.54536006735455,"Female",4,0.8
13,"z0132634",12,15.3432975211193,3.34329752111925,"Female",4,0.8
13,"z0132639",29,22.0345991561885,-6.96540084381152,"Female",3,0.6
13,"z0132641",21,15.5031622313705,-5.49683776862947,"Male",3,0.6
13,"z0132642",11,8.24380474931311,-2.75619525068689,"Female",2,0.4
13,"z0132658",36,21.3995648138998,-14.6004351861002,"Male",4,0.8
13,"z0132659",27,25.7489597257208,-1.25104027427918,"Female",3,0.6
13,"z0132660",23,18.3404008367721,-4.65959916322785,"Male",4,0.8
13,"z0160208",21,26.0899657700819,5.08996577008192,"Female",5,1
13,"z0175867",9,13.4449737770948,4.44497377709481,"Female",4,0.8
13,"z0175874",20,11.94933132358,-8.05066867641999,"Male",4,0.8
13,"z0175876",12,12.0638825987007,0.063882598700701,"Male",5,1
13,"z0175877",32,20.1991025852296,-11.8008974147704,"Female",4,0.8
13,"z0178364",10,17.8785878052381,7.87858780523811,"Female",5,1
13,"z0183541",32,24.2632881047646,-7.7367118952354,"Male",4,0.8
13,"z0183543",4,3.17652674004694,-0.823473259953059,"Male",5,1
13,"z0183544",11,13.5813915187074,2.58139151870741,"Female",5,1
13,"z0186431",8,13.5568918259053,5.55689182590529,"Male",2,0.4
13,"z0186433",21,17.6897785359271,-3.31022146407293,"Male",5,1
13,"z0186434",22,17.527658171744,-4.47234182825605,"Male",3,0.6
13,"z0186435",30,19.1746103977331,-10.8253896022669,"Male",3,0.6
13,"z0186450",4,5.67360308565432,1.67360308565432,"Male",3,0.6
13,"z0190863",11,14.8504272219183,3.85042722191827,"Female",5,1
13,"z0190867",7,8.1458833154756,1.1458833154756,"Female",4,0.8
13,"z0196956",13,15.174129665099,2.17412966509905,"Male",5,1
13,"z0198374",16,18.1216212323223,2.12162123232226,"Male",4,0.8
13,"z0198377",35,23.2082416426755,-11.7917583573245,"Female",3,0.6
13,"z0198473",25,19.9099576623374,-5.09004233766257,"Male",5,1
13,"z0198474",19,26.3336033242115,7.33360332421146,"Male",5,1
13,"z0198475",40,29.4579524884209,-10.5420475115791,"Male",3,0.6
13,"z0187739",23,25.7619417572174,2.76194175721741,"Female",3,0.6
13,"z0045928",22,24.8730736495549,2.87307364955492,"Female",2,0.4
14,"z0018943",10,22.649531280048,12.649531280048,"Female",3,0.6
14,"z0018944",10,10.0657140100896,0.0657140100895752,"Male",3,0.6
14,"z0018945",22,27.2639010950293,5.2639010950293,"Female",3,0.6
14,"z0023316",6,4.18522029135374,-1.81477970864626,"Male",4,0.8
14,"z0023317",25,23.5036987541763,-1.49630124582369,"Male",3,0.6
14,"z0023318",11,11.9787634950402,0.978763495040203,"Female",4,0.8
14,"z0023319",26,27.9736822179444,1.9736822179444,"Male",4,0.8
14,"z0023321",11,8.10856345511577,-2.89143654488423,"Female",3,0.6
14,"z0027453",6,11.7647750384656,5.76477503846565,"Female",3,0.6
14,"z0033888",6,11.2606057418035,5.26060574180353,"Female",3,0.6
14,"z0033898",10,18.5675922054844,8.56759220548443,"Male",3,0.6
14,"z0033906",15,16.4204167388554,1.42041673885537,"Male",5,1
14,"z0033908",6,19.7691399827554,13.7691399827554,"Male",5,1
14,"z0041286",28,30.8440072696279,2.84400726962788,"Male",3,0.6
14,"z0045925",24,24.0405686796905,0.0405686796904696,"Male",4,0.8
14,"z0045931",7,3.40490303588449,-3.59509696411551,"Male",4,0.8
14,"z0049046",6,5.77637436844698,-0.223625631553022,"Female",3,0.6
14,"z0049050",11,20.5593390954559,9.55933909545594,"Male",3,0.6
14,"z0049051",37,27.4808256679936,-9.51917433200638,"Female",4,0.8
14,"z0049052",34,29.8643123933765,-4.13568760662346,"Male",4,0.8
14,"z0061425",26,20.029741728078,-5.97025827192199,"Male",4,0.8
14,"z0071016",8,13.7181153726816,5.71811537268155,"Male",3,0.6
14,"z0075660",18,17.7168572803744,-0.28314271962563,"Male",4,0.8
14,"z0075663",18,23.3795614496485,5.37956144964851,"Male",3,0.6
14,"z0075665",27,30.0912939697092,3.09129396970916,"Female",3,0.6
14,"z0075676",9,9.13148726720293,0.131487267202928,"Female",4,0.8
14,"z0075677",4,0.4465366146671,-3.5534633853329,"Female",5,1
14,"z0075678",7,11.6300188173982,4.63001881739817,"Female",4,0.8
14,"z0091082",7,7.00411385879586,0.0041138587958649,"Female",3,0.6
14,"z0091085",19,21.51749710674,2.51749710674,"Female",3,0.6
14,"z0091275",3,-0.469485267590314,-3.46948526759031,"Male",3,0.6
14,"z0091277",3,8.65388392071001,5.65388392071001,"Female",4,0.8
14,"z0091284",3,0.391789861497453,-2.60821013850255,"Male",4,0.8
14,"z0091285",5,2.60639804500103,-2.39360195499897,"Male",5,1
14,"z0091286",14,18.3886947741685,4.38869477416848,"Male",4,0.8
14,"z0092243",19,20.1809275702056,1.18092757020565,"Female",4,0.8
14,"z0092256",5,0.662236325673171,-4.33776367432683,"Male",5,1
14,"z0098734",23,19.7695567200494,-3.23044327995058,"Male",4,0.8
14,"z0098735",30,22.056135254371,-7.94386474562898,"Male",4,0.8
14,"z0098736",15,7.84818465634319,-7.15181534365681,"Female",3,0.6
14,"z0098737",12,12.5346638861182,0.534663886118235,"Female",5,1
14,"z0098738",19,18.6700165377191,-0.32998346228089,"Male",4,0.8
14,"z0098740",17,13.8746564592816,-3.12534354071843,"Female",4,0.8
14,"z0098745",7,12.8573616932098,5.85736169320977,"Male",4,0.8
14,"z0098746",32,30.1068895229412,-1.89311047705876,"Male",4,0.8
14,"z0102483",5,5.05909947069035,0.0590994706903487,"Male",5,1
14,"z0102484",13,11.7685480086473,-1.2314519913527,"Female",3,0.6
14,"z0102500",12,9.83262857998825,-2.16737142001175,"Male",4,0.8
14,"z0123188",24,27.3928106104409,3.39281061044087,"Female",5,1
14,"z0132631",15,15.0989090198183,0.0989090198183415,"Female",3,0.6
14,"z0132632",34,26.3511839103762,-7.64881608962382,"Female",4,0.8
14,"z0132634",12,14.5593904493967,2.5593904493967,"Female",4,0.8
14,"z0132639",29,21.5704367635213,-7.4295632364787,"Female",3,0.6
14,"z0132641",21,15.7424597020829,-5.25754029791709,"Male",3,0.6
14,"z0132658",36,25.9765717864711,-10.0234282135289,"Male",4,0.8
14,"z0132659",27,28.3173901475955,1.3173901475955,"Female",3,0.6
14,"z0132660",23,19.8184440811272,-3.18155591887277,"Male",4,0.8
14,"z0160208",21,26.9705256977763,5.97052569777625,"Female",5,1
14,"z0175867",9,14.5458435997132,5.54584359971315,"Female",4,0.8
14,"z0175874",20,12.9529715580236,-7.04702844197644,"Male",4,0.8
14,"z0175876",12,12.8413897933905,0.841389793390462,"Male",5,1
14,"z0175877",32,19.0952218951694,-12.9047781048306,"Female",4,0.8
14,"z0178364",10,12.9296002891017,2.92960028910172,"Female",5,1
14,"z0183541",32,31.4865178854508,-0.513482114549213,"Male",4,0.8
14,"z0183543",4,0.755944446910441,-3.24405555308956,"Male",5,1
14,"z0183544",11,11.2063643402033,0.206364340203326,"Female",5,1
14,"z0186433",21,18.4840645020054,-2.5159354979946,"Male",5,1
14,"z0186434",22,17.5908090747067,-4.40919092529326,"Male",3,0.6
14,"z0186435",30,20.2710454261172,-9.72895457388276,"Male",3,0.6
14,"z0186450",4,6.96613030222057,2.96613030222057,"Male",3,0.6
14,"z0190863",11,14.4464258070875,3.44642580708753,"Female",5,1
14,"z0190867",7,8.24147823375007,1.24147823375007,"Female",4,0.8
14,"z0196956",13,18.2193825002608,5.21938250026079,"Male",5,1
14,"z0198374",16,18.8379558906346,2.83795589063463,"Male",4,0.8
14,"z0198377",35,28.654260391317,-6.34573960868298,"Female",3,0.6
14,"z0198473",25,23.6073329384426,-1.39266706155742,"Male",5,1
14,"z0198474",19,27.6096096971376,8.60960969713758,"Male",5,1
14,"z0198475",40,29.6699229230869,-10.3300770769131,"Male",3,0.6
14,"z0187739",23,24.8873581755266,1.88735817552656,"Female",3,0.6
15,"z0023316",6,4.75241755116624,-1.24758244883376,"Male",4,0.8
15,"z0023318",11,12.4778638628709,1.47786386287095,"Female",4,0.8
15,"z0023319",26,26.1713278697111,0.171327869711121,"Male",4,0.8
15,"z0033906",15,15.5719043221891,0.571904322189088,"Male",5,1
15,"z0033908",6,19.3623927669613,13.3623927669613,"Male",5,1
15,"z0045925",24,26.0980938885553,2.09809388855533,"Male",4,0.8
15,"z0045931",7,4.47821748840719,-2.52178251159281,"Male",4,0.8
15,"z0049051",37,31.9732601213893,-5.02673987861066,"Female",4,0.8
15,"z0049052",34,31.7704361074792,-2.22956389252081,"Male",4,0.8
15,"z0061425",26,16.2939485766201,-9.70605142337988,"Male",4,0.8
15,"z0075660",18,18.6695356524034,0.669535652403383,"Male",4,0.8
15,"z0075676",9,6.38921945514776,-2.61078054485224,"Female",4,0.8
15,"z0075677",4,8.77059058625711,4.77059058625711,"Female",5,1
15,"z0075678",7,13.9033092096216,6.90330920962162,"Female",4,0.8
15,"z0091277",3,8.38794402163517,5.38794402163517,"Female",4,0.8
15,"z0091284",3,-4.01271390237113,-7.01271390237113,"Male",4,0.8
15,"z0091285",5,3.97036926839982,-1.02963073160018,"Male",5,1
15,"z0091286",14,21.2360704340309,7.2360704340309,"Male",4,0.8
15,"z0092243",19,20.7243876562928,1.72438765629282,"Female",4,0.8
15,"z0092256",5,2.18409285742002,-2.81590714257998,"Male",5,1
15,"z0098734",23,23.1606020622044,0.160602062204426,"Male",4,0.8
15,"z0098735",30,22.2411796554391,-7.75882034456092,"Male",4,0.8
15,"z0098737",12,11.4932889484204,-0.506711051579554,"Female",5,1
15,"z0098738",19,17.1010592320918,-1.89894076790819,"Male",4,0.8
15,"z0098740",17,7.03399520589034,-9.96600479410966,"Female",4,0.8
15,"z0098745",7,14.0529821856497,7.05298218564974,"Male",4,0.8
15,"z0098746",32,29.7284623730036,-2.27153762699641,"Male",4,0.8
15,"z0102483",5,5.24433642451875,0.244336424518746,"Male",5,1
15,"z0102500",12,8.36612538470395,-3.63387461529605,"Male",4,0.8
15,"z0123188",24,27.933805950167,3.93380595016704,"Female",5,1
15,"z0132632",34,28.6613629587324,-5.33863704126762,"Female",4,0.8
15,"z0132634",12,16.360182388314,4.36018238831404,"Female",4,0.8
15,"z0132658",36,24.5656513720173,-11.4343486279827,"Male",4,0.8
15,"z0132660",23,20.7557428303954,-2.24425716960455,"Male",4,0.8
15,"z0160208",21,24.2167017145477,3.21670171454766,"Female",5,1
15,"z0175867",9,15.405699826386,6.40569982638603,"Female",4,0.8
15,"z0175874",20,10.5806106877534,-9.41938931224659,"Male",4,0.8
15,"z0175876",12,14.5470693884431,2.5470693884431,"Male",5,1
15,"z0175877",32,23.7698771080273,-8.23012289197272,"Female",4,0.8
15,"z0178364",10,17.531844397969,7.53184439796905,"Female",5,1
15,"z0183541",32,28.3099771760462,-3.69002282395382,"Male",4,0.8
15,"z0183543",4,-3.23836205800764,-7.23836205800764,"Male",5,1
15,"z0183544",11,15.2323389218799,4.23233892187989,"Female",5,1
15,"z0186433",21,16.9342224632524,-4.06577753674761,"Male",5,1
15,"z0190863",11,15.4800185296918,4.48001852969184,"Female",5,1
15,"z0190867",7,10.2343276099245,3.23432760992447,"Female",4,0.8
15,"z0196956",13,9.65249893944669,-3.34750106055331,"Male",5,1
15,"z0198374",16,16.2316790652963,0.231679065296259,"Male",4,0.8
15,"z0198473",25,25.5278758541272,0.527875854127196,"Male",5,1
15,"z0198474",19,27.5030743928042,8.50307439280417,"Male",5,1
16,"z0018943",10,22.7644644856462,12.7644644856462,"Female",3,0.55
16,"z0018944",10,11.4237732578359,1.42377325783585,"Male",3,0.55
16,"z0018945",22,27.4565836516085,5.45658365160848,"Female",3,0.55
16,"z0023316",6,2.86128475567943,-3.13871524432057,"Male",4,0.75
16,"z0023317",25,23.6365166590277,-1.36348334097235,"Male",3,0.55
16,"z0023318",11,12.5473559582524,1.54735595825244,"Female",4,0.75
16,"z0023319",26,23.6789770699811,-2.32102293001894,"Male",4,0.75
16,"z0023321",11,7.34752438298408,-3.65247561701592,"Female",3,0.55
16,"z0027453",6,11.3983293507123,5.39832935071229,"Female",3,0.55
16,"z0027455",10,8.6778797464073,-1.3221202535927,"Female",2,0.2
16,"z0033888",6,11.3594952275515,5.3594952275515,"Female",3,0.55
16,"z0033893",15,19.7958677964418,4.79586779644185,"Male",2,0.2
16,"z0033898",10,18.3660881918023,8.36608819180234,"Male",3,0.55
16,"z0033906",15,14.7214820749865,-0.278517925013487,"Male",5,1
16,"z0033908",6,18.662157884732,12.662157884732,"Male",5,1
16,"z0041286",28,30.8941927000801,2.89419270008013,"Male",3,0.55
16,"z0045921",10,21.0514101001911,11.0514101001911,"Female",2,0.2
16,"z0045925",24,24.9229201965185,0.922920196518497,"Male",4,0.75
16,"z0045931",7,3.20328211196254,-3.79671788803746,"Male",4,0.75
16,"z0049046",6,6.49657084121752,0.496570841217515,"Female",3,0.55
16,"z0049048",11,12.108165241581,1.10816524158096,"Male",2,0.2
16,"z0049050",11,19.5187893339285,8.51878933392849,"Male",3,0.55
16,"z0049051",37,25.3388867063838,-11.6611132936162,"Female",4,0.75
16,"z0049052",34,28.8649604078581,-5.13503959214188,"Male",4,0.75
16,"z0061425",26,18.5753389807734,-7.42466101922656,"Male",4,0.75
16,"z0071016",8,14.5975372415997,6.59753724159971,"Male",3,0.55
16,"z0075660",18,18.7748784500132,0.774878450013205,"Male",4,0.75
16,"z0075663",18,23.665520161886,5.665520161886,"Male",3,0.55
16,"z0075665",27,28.6855368197375,1.68553681973752,"Female",3,0.55
16,"z0075676",9,11.2432337237835,2.24323372378354,"Female",4,0.75
16,"z0075677",4,1.44662885577821,-2.55337114422179,"Female",5,1
16,"z0075678",7,11.5330202226272,4.53302022262723,"Female",4,0.75
16,"z0091082",7,5.81625879911993,-1.18374120088007,"Female",3,0.55
16,"z0091085",19,21.1150743390658,2.1150743390658,"Female",3,0.55
16,"z0091275",3,2.41942180776791,-0.580578192232085,"Male",3,0.55
16,"z0091276",10,43.6906924940434,33.6906924940434,"Female",2,0.2
16,"z0091277",3,8.1146025532549,5.1146025532549,"Female",4,0.75
16,"z0091284",3,1.55867437327573,-1.44132562672427,"Male",4,0.75
16,"z0091285",5,1.40133002246835,-3.59866997753165,"Male",5,1
16,"z0091286",14,17.8969813163461,3.89698131634614,"Male",4,0.75
16,"z0092243",19,19.2055074509713,0.205507450971272,"Female",4,0.75
16,"z0092256",5,-0.0922566438832133,-5.09225664388321,"Male",5,1
16,"z0098734",23,18.3810999049174,-4.61890009508263,"Male",4,0.75
16,"z0098735",30,22.6569738833239,-7.34302611667606,"Male",4,0.75
16,"z0098736",15,7.37257175365781,-7.62742824634219,"Female",3,0.55
16,"z0098737",12,14.4446247609997,2.44462476099971,"Female",5,1
16,"z0098738",19,18.6823551426894,-0.317644857310608,"Male",4,0.75
16,"z0098740",17,15.6570748776886,-1.34292512231136,"Female",4,0.75
16,"z0098744",6,17.2722408274214,11.2722408274214,"Male",2,0.2
16,"z0098745",7,11.875848709413,4.87584870941295,"Male",4,0.75
16,"z0098746",32,26.3488043100977,-5.65119568990232,"Male",4,0.75
16,"z0102483",5,5.46503354560385,0.465033545603854,"Male",5,1
16,"z0102484",13,13.311663947125,0.311663947124975,"Female",3,0.55
16,"z0102485",21,27.5622859662245,6.56228596622454,"Male",2,0.2
16,"z0102500",12,11.724342848062,-0.275657151937986,"Male",4,0.75
16,"z0123188",24,27.2621330745233,3.26213307452328,"Female",5,1
16,"z0132631",15,15.329768487167,0.329768487166987,"Female",3,0.55
16,"z0132632",34,29.4152012067125,-4.58479879328748,"Female",4,0.75
16,"z0132634",12,15.2405817185242,3.24058171852421,"Female",4,0.75
16,"z0132639",29,21.9238632710887,-7.0761367289113,"Female",3,0.55
16,"z0132641",21,13.9813018217501,-7.01869817824988,"Male",3,0.55
16,"z0132642",11,9.77556430063702,-1.22443569936298,"Female",2,0.2
16,"z0132658",36,22.2562946669774,-13.7437053330226,"Male",4,0.75
16,"z0132659",27,27.4467857230912,0.44678572309121,"Female",3,0.55
16,"z0132660",23,19.2588191090945,-3.74118089090553,"Male",4,0.75
16,"z0160208",21,26.2038876946881,5.20388769468807,"Female",5,1
16,"z0175867",9,14.6115901845863,5.6115901845863,"Female",4,0.75
16,"z0175874",20,11.9918723303587,-8.00812766964132,"Male",4,0.75
16,"z0175876",12,11.9178138225449,-0.0821861774551493,"Male",5,1
16,"z0175877",32,19.7379310264925,-12.2620689735075,"Female",4,0.75
16,"z0178364",10,14.5940065760605,4.59400657606046,"Female",5,1
16,"z0183541",32,26.8902854826899,-5.10971451731009,"Male",4,0.75
16,"z0183543",4,2.19945281326877,-1.80054718673123,"Male",5,1
16,"z0183544",11,11.823273934843,0.823273934842987,"Female",5,1
16,"z0186431",8,13.4175637241801,5.41756372418006,"Male",2,0.2
16,"z0186433",21,18.2971964282583,-2.70280357174165,"Male",5,1
16,"z0186434",22,19.077394227941,-2.92260577205898,"Male",3,0.55
16,"z0186435",30,19.2571719259784,-10.7428280740216,"Male",3,0.55
16,"z0186450",4,5.86663475021064,1.86663475021064,"Male",3,0.55
16,"z0190863",11,12.9981159243918,1.99811592439183,"Female",5,1
16,"z0190867",7,9.12827089133475,2.12827089133475,"Female",4,0.75
16,"z0196956",13,17.4692435418657,4.46924354186567,"Male",5,1
16,"z0198374",16,17.949181686033,1.94918168603301,"Male",4,0.75
16,"z0198377",35,25.6695457960308,-9.33045420396924,"Female",3,0.55
16,"z0198473",25,20.6869613456704,-4.31303865432963,"Male",5,1
16,"z0198474",19,27.0090966647078,8.00909666470781,"Male",5,1
16,"z0198475",40,29.82965025499,-10.17034974501,"Male",3,0.55
16,"z0187739",23,24.9887745339572,1.98877453395723,"Female",3,0.55
16,"z0045928",22,26.0500642286489,4.05006422864892,"Female",2,0.2
17,"z0018943",10,22.7675341167924,12.7675341167924,"Female",3,0.55
17,"z0018944",10,10.6558888313721,0.655888831372097,"Male",3,0.55
17,"z0018945",22,27.0647398391401,5.06473983914013,"Female",3,0.55
17,"z0023316",6,4.28610598364851,-1.71389401635149,"Male",4,0.75
17,"z0023317",25,23.7051069228949,-1.29489307710508,"Male",3,0.55
17,"z0023318",11,12.7069557860144,1.70695578601438,"Female",4,0.75
17,"z0023319",26,27.5919630681947,1.5919630681947,"Male",4,0.75
17,"z0023321",11,7.84216572525022,-3.15783427474978,"Female",3,0.55
17,"z0027453",6,11.9917870331414,5.99178703314143,"Female",3,0.55
17,"z0033888",6,12.0116040420419,6.01160404204187,"Female",3,0.55
17,"z0033898",10,18.246216094258,8.246216094258,"Male",3,0.55
17,"z0033906",15,16.7596531148735,1.75965311487352,"Male",5,1
17,"z0033908",6,20.082956428908,14.082956428908,"Male",5,1
17,"z0041286",28,30.6463507411748,2.64635074117484,"Male",3,0.55
17,"z0045925",24,24.5859201595034,0.585920159503356,"Male",4,0.75
17,"z0045931",7,3.43502359465784,-3.56497640534216,"Male",4,0.75
17,"z0049046",6,5.63474456743307,-0.365255432566929,"Female",3,0.55
17,"z0049050",11,20.7723323014072,9.77233230140715,"Male",3,0.55
17,"z0049051",37,26.9086122883022,-10.0913877116978,"Female",4,0.75
17,"z0049052",34,29.8113816905819,-4.18861830941815,"Male",4,0.75
17,"z0061425",26,19.4627551274765,-6.53724487252348,"Male",4,0.75
17,"z0071016",8,13.9247126412898,5.92471264128977,"Male",3,0.55
17,"z0075660",18,18.7858216430748,0.785821643074826,"Male",4,0.75
17,"z0075663",18,23.4391802716842,5.43918027168417,"Male",3,0.55
17,"z0075665",27,30.1469641633667,3.14696416336672,"Female",3,0.55
17,"z0075676",9,9.8463315366539,0.846331536653901,"Female",4,0.75
17,"z0075677",4,1.35529020787463,-2.64470979212537,"Female",5,1
17,"z0075678",7,11.3093583731994,4.30935837319942,"Female",4,0.75
17,"z0091082",7,6.4688371158203,-0.531162884179702,"Female",3,0.55
17,"z0091085",19,21.8440195100186,2.84401951001859,"Female",3,0.55
17,"z0091275",3,0.00961740101238284,-2.99038259898762,"Male",3,0.55
17,"z0091277",3,8.86872946760901,5.86872946760901,"Female",4,0.75
17,"z0091284",3,0.885624303212809,-2.11437569678719,"Male",4,0.75
17,"z0091285",5,2.28040007668373,-2.71959992331627,"Male",5,1
17,"z0091286",14,18.2648214091985,4.26482140919848,"Male",4,0.75
17,"z0092243",19,19.7482100960492,0.748210096049167,"Female",4,0.75
17,"z0092256",5,0.7730447945203,-4.2269552054797,"Male",5,1
17,"z0098734",23,19.3998816983609,-3.60011830163907,"Male",4,0.75
17,"z0098735",30,22.649405928496,-7.35059407150405,"Male",4,0.75
17,"z0098736",15,7.27441451147501,-7.72558548852499,"Female",3,0.55
17,"z0098737",12,13.0966636730192,1.09666367301916,"Female",5,1
17,"z0098738",19,18.5697861512248,-0.430213848775246,"Male",4,0.75
17,"z0098740",17,13.6473948835041,-3.35260511649586,"Female",4,0.75
17,"z0098745",7,12.5543904368611,5.55439043686114,"Male",4,0.75
17,"z0098746",32,28.9417940313021,-3.05820596869791,"Male",4,0.75
17,"z0102483",5,5.10600543186393,0.106005431863927,"Male",5,1
17,"z0102484",13,12.0189829235609,-0.981017076439105,"Female",3,0.55
17,"z0102500",12,10.4414619999272,-1.55853800007284,"Male",4,0.75
17,"z0123188",24,26.4322235815316,2.4322235815316,"Female",5,1
17,"z0132631",15,15.0098270507298,0.0098270507298075,"Female",3,0.55
17,"z0132632",34,28.1411404438514,-5.85885955614858,"Female",4,0.75
17,"z0132634",12,13.935379830914,1.93537983091402,"Female",4,0.75
17,"z0132639",29,21.689580870456,-7.31041912954395,"Female",3,0.55
17,"z0132641",21,14.9896496086768,-6.01035039132323,"Male",3,0.55
17,"z0132658",36,25.2923138533031,-10.7076861466969,"Male",4,0.75
17,"z0132659",27,28.9782997617157,1.97829976171571,"Female",3,0.55
17,"z0132660",23,20.1610194194769,-2.83898058052313,"Male",4,0.75
17,"z0160208",21,26.6985591760543,5.69855917605434,"Female",5,1
17,"z0175867",9,15.0237004383392,6.02370043833916,"Female",4,0.75
17,"z0175874",20,12.6833897560967,-7.31661024390332,"Male",4,0.75
17,"z0175876",12,12.5247199953958,0.524719995395811,"Male",5,1
17,"z0175877",32,18.9757312445258,-13.0242687554742,"Female",4,0.75
17,"z0178364",10,12.2947746664375,2.29477466643752,"Female",5,1
17,"z0183541",32,31.4865071724923,-0.51349282750774,"Male",4,0.75
17,"z0183543",4,0.777580498948629,-3.22241950105137,"Male",5,1
17,"z0183544",11,10.8549325183981,-0.14506748160186,"Female",5,1
17,"z0186433",21,18.8604270723445,-2.13957292765551,"Male",5,1
17,"z0186434",22,19.1464217831967,-2.85357821680326,"Male",3,0.55
17,"z0186435",30,20.0857042141116,-9.91429578588838,"Male",3,0.55
17,"z0186450",4,7.10040551055538,3.10040551055538,"Male",3,0.55
17,"z0190863",11,13.1688065138206,2.16880651382057,"Female",5,1
17,"z0190867",7,8.8885796099967,1.88857960999671,"Female",4,0.75
17,"z0196956",13,18.9845053172731,5.98450531727305,"Male",5,1
17,"z0198374",16,18.3018237289067,2.30182372890665,"Male",4,0.75
17,"z0198377",35,28.8961548461487,-6.10384515385129,"Female",3,0.55
17,"z0198473",25,23.8764936239551,-1.12350637604485,"Male",5,1
17,"z0198474",19,27.3655547685651,8.36555476856512,"Male",5,1
17,"z0198475",40,29.6069973288268,-10.3930026711732,"Male",3,0.55
17,"z0187739",23,24.8447845059712,1.84478450597121,"Female",3,0.55
18,"z0023316",6,5.20452856852385,-0.795471431476146,"Male",4,0.75
18,"z0023318",11,13.0481409276517,2.04814092765174,"Female",4,0.75
18,"z0023319",26,25.6604978427368,-0.339502157263219,"Male",4,0.75
18,"z0033906",15,16.695228092914,1.69522809291395,"Male",5,1
18,"z0033908",6,19.5145138354913,13.5145138354913,"Male",5,1
18,"z0045925",24,26.5143648306823,2.51436483068229,"Male",4,0.75
18,"z0045931",7,5.1766858049771,-1.8233141950229,"Male",4,0.75
18,"z0049051",37,28.3143757796851,-8.68562422031492,"Female",4,0.75
18,"z0049052",34,30.3160402354966,-3.68395976450341,"Male",4,0.75
18,"z0061425",26,17.6269720372884,-8.37302796271162,"Male",4,0.75
18,"z0075660",18,21.3322723037815,3.33227230378152,"Male",4,0.75
18,"z0075676",9,8.68513457481916,-0.314865425180837,"Female",4,0.75
18,"z0075677",4,7.58504581698197,3.58504581698197,"Female",5,1
18,"z0075678",7,11.9419499319636,4.94194993196365,"Female",4,0.75
18,"z0091277",3,9.07380181827137,6.07380181827137,"Female",4,0.75
18,"z0091284",3,-1.52853093367836,-4.52853093367836,"Male",4,0.75
18,"z0091285",5,3.1928820087095,-1.8071179912905,"Male",5,1
18,"z0091286",14,20.160954969525,6.16095496952505,"Male",4,0.75
18,"z0092243",19,11.719686949957,-7.280313050043,"Female",4,0.75
18,"z0092256",5,1.59298553973962,-3.40701446026038,"Male",5,1
18,"z0098734",23,21.4578045294978,-1.54219547050224,"Male",4,0.75
18,"z0098735",30,23.456927229548,-6.54307277045205,"Male",4,0.75
18,"z0098737",12,12.5415307868352,0.541530786835192,"Female",5,1
18,"z0098738",19,15.6768201547701,-3.32317984522993,"Male",4,0.75
18,"z0098740",17,12.2145951959385,-4.78540480406153,"Female",4,0.75
18,"z0098745",7,13.1486389007189,6.14863890071892,"Male",4,0.75
18,"z0098746",32,29.5556174375551,-2.44438256244493,"Male",4,0.75
18,"z0102483",5,5.3573700058689,0.357370005868895,"Male",5,1
18,"z0102500",12,9.65446986157789,-2.34553013842211,"Male",4,0.75
18,"z0123188",24,26.8836155131605,2.88361551316046,"Female",5,1
18,"z0132632",34,29.0333971743861,-4.96660282561393,"Female",4,0.75
18,"z0132634",12,15.8628240576641,3.86282405766413,"Female",4,0.75
18,"z0132658",36,24.5190766272414,-11.4809233727586,"Male",4,0.75
18,"z0132660",23,20.8437797173687,-2.15622028263127,"Male",4,0.75
18,"z0160208",21,24.6952260003387,3.6952260003387,"Female",5,1
18,"z0175867",9,16.2245094355986,7.22450943559864,"Female",4,0.75
18,"z0175874",20,11.2289798544006,-8.77102014559938,"Male",4,0.75
18,"z0175876",12,14.3216631230891,2.32166312308911,"Male",5,1
18,"z0175877",32,23.5386074402734,-8.46139255972662,"Female",4,0.75
18,"z0178364",10,13.8752619419085,3.87526194190854,"Female",5,1
18,"z0183541",32,29.5526098242247,-2.44739017577529,"Male",4,0.75
18,"z0183543",4,-2.31965577846659,-6.31965577846659,"Male",5,1
18,"z0183544",11,12.6571314507739,1.6571314507739,"Female",5,1
18,"z0186433",21,17.2518794636058,-3.74812053639416,"Male",5,1
18,"z0190863",11,12.5672618911534,1.56726189115335,"Female",5,1
18,"z0190867",7,9.9881511419823,2.9881511419823,"Female",4,0.75
18,"z0196956",13,12.5530703036675,-0.446929696332539,"Male",5,1
18,"z0198374",16,16.3291560701119,0.329156070111924,"Male",4,0.75
18,"z0198473",25,24.2269900287506,-0.773009971249373,"Male",5,1
18,"z0198474",19,27.3277787486088,8.32777874860875,"Male",5,1
19,"z0018943",10,19.8832517144582,9.88325171445821,"Female",3,1
19,"z0018944",10,11.4190751177237,1.41907511772373,"Male",3,1
19,"z0018945",22,23.0179341781526,1.01793417815257,"Female",3,1
19,"z0023316",6,6.52347234691234,0.523472346912341,"Male",4,1
19,"z0023317",25,20.4018784780611,-4.59812152193889,"Male",3,1
19,"z0023318",11,12.7131191573501,1.7131191573501,"Female",4,1
19,"z0023319",26,17.8348919258923,-8.16510807410774,"Male",4,1
19,"z0023321",11,9.23219318397211,-1.76780681602789,"Female",3,1
19,"z0027453",6,14.2712514061354,8.27125140613541,"Female",3,1
19,"z0027455",10,10.7129892648835,0.712989264883515,"Female",2,1
19,"z0033888",6,13.7276369856132,7.7276369856132,"Female",3,1
19,"z0033893",15,18.7161400729479,3.7161400729479,"Male",2,1
19,"z0033898",10,20.7348049106892,10.7348049106892,"Male",3,1
19,"z0033906",15,19.0771462205452,4.07714622054521,"Male",5,1
19,"z0033908",6,18.7133116610228,12.7133116610228,"Male",5,1
19,"z0041286",28,29.0077662292125,1.00776622921249,"Male",3,1
19,"z0045921",10,19.940593563767,9.94059356376697,"Female",2,1
19,"z0045925",24,21.5904381957608,-2.40956180423916,"Male",4,1
19,"z0045931",7,6.52642336712106,-0.473576632878942,"Male",4,1
19,"z0049046",6,13.4867708187506,7.48677081875055,"Female",3,1
19,"z0049048",11,16.8166671251091,5.81666712510912,"Male",2,1
19,"z0049050",11,19.4819116101553,8.48191161015531,"Male",3,1
19,"z0049051",37,17.9174237445859,-19.0825762554141,"Female",4,1
19,"z0049052",34,26.9730296251402,-7.02697037485981,"Male",4,1
19,"z0061425",26,16.875226168428,-9.12477383157201,"Male",4,1
19,"z0071016",8,19.8244740322526,11.8244740322526,"Male",3,1
19,"z0075660",18,20.1289641250553,2.12896412505528,"Male",4,1
19,"z0075663",18,23.8450307744252,5.84503077442522,"Male",3,1
19,"z0075665",27,18.23253419509,-8.76746580491004,"Female",3,1
19,"z0075676",9,10.762112073424,1.76211207342396,"Female",4,1
19,"z0075677",4,-2.72655312454746,-6.72655312454746,"Female",5,1
19,"z0075678",7,8.13356487395812,1.13356487395812,"Female",4,1
19,"z0091082",7,12.9372379186742,5.9372379186742,"Female",3,1
19,"z0091085",19,16.287521050313,-2.71247894968696,"Female",3,1
19,"z0091275",3,12.2736025267466,9.27360252674661,"Male",3,1
19,"z0091276",10,44.9380300844865,34.9380300844865,"Female",2,1
19,"z0091277",3,6.85398150328355,3.85398150328355,"Female",4,1
19,"z0091284",3,-2.98869691009103,-5.98869691009103,"Male",4,1
19,"z0091285",5,-0.642338289561459,-5.64233828956146,"Male",5,1
19,"z0091286",14,19.5267499442424,5.52674994424237,"Male",4,1
19,"z0092243",19,18.5363644062059,-0.463635593794073,"Female",4,1
19,"z0092256",5,9.60955615070794,4.60955615070794,"Male",5,1
19,"z0098734",23,16.9071808031853,-6.0928191968147,"Male",4,1
19,"z0098735",30,21.5637800066255,-8.43621999337446,"Male",4,1
19,"z0098736",15,3.69190283348753,-11.3080971665125,"Female",3,1
19,"z0098737",12,12.6303672737456,0.630367273745557,"Female",5,1
19,"z0098738",19,21.3714359451966,2.37143594519657,"Male",4,1
19,"z0098740",17,12.7470230608264,-4.25297693917357,"Female",4,1
19,"z0098744",6,18.2180802306885,12.2180802306885,"Male",2,1
19,"z0098745",7,12.5258337651547,5.52583376515469,"Male",4,1
19,"z0098746",32,18.5243325916549,-13.4756674083451,"Male",4,1
19,"z0102483",5,11.9221412855293,6.92214128552927,"Male",5,1
19,"z0102484",13,15.4070954275834,2.40709542758342,"Female",3,1
19,"z0102485",21,24.5168906488204,3.51689064882044,"Male",2,1
19,"z0102500",12,15.274034456847,3.27403445684697,"Male",4,1
19,"z0123188",24,22.4085134045679,-1.59148659543214,"Female",5,1
19,"z0132631",15,18.4194892223009,3.4194892223009,"Female",3,1
19,"z0132632",34,21.1077976012256,-12.8922023987744,"Female",4,1
19,"z0132634",12,13.9618555249728,1.96185552497276,"Female",4,1
19,"z0132639",29,20.4910780614381,-8.50892193856192,"Female",3,1
19,"z0132641",21,15.1485686853897,-5.8514313146103,"Male",3,1
19,"z0132642",11,15.4759718531217,4.47597185312171,"Female",2,1
19,"z0132658",36,17.100588086953,-18.899411913047,"Male",4,1
19,"z0132659",27,25.680739252261,-1.31926074773899,"Female",3,1
19,"z0132660",23,19.4884066317481,-3.51159336825188,"Male",4,1
19,"z0160208",21,26.4075359673458,5.40753596734577,"Female",5,1
19,"z0175867",9,17.6804664680537,8.68046646805372,"Female",4,1
19,"z0175874",20,15.3727568422636,-4.62724315773637,"Male",4,1
19,"z0175876",12,17.4396804727895,5.43968047278952,"Male",5,1
19,"z0175877",32,19.0021837211617,-12.9978162788383,"Female",4,1
19,"z0178364",10,15.6533423180893,5.65334231808933,"Female",5,1
19,"z0183541",32,20.4397323997091,-11.5602676002909,"Male",4,1
19,"z0183543",4,1.99245917882941,-2.00754082117059,"Male",5,1
19,"z0183544",11,13.4993131843798,2.49931318437981,"Female",5,1
19,"z0186431",8,12.9536357193653,4.95363571936533,"Male",2,1
19,"z0186433",21,19.2991105191472,-1.70088948085276,"Male",5,1
19,"z0186434",22,17.6470915675224,-4.35290843247755,"Male",3,1
19,"z0186435",30,13.9955665450194,-16.0044334549806,"Male",3,1
19,"z0186450",4,8.6739549983014,4.6739549983014,"Male",3,1
19,"z0190863",11,15.2208040755022,4.22080407550215,"Female",5,1
19,"z0190867",7,11.0268297032108,4.02682970321078,"Female",4,1
19,"z0196956",13,19.3343177278378,6.33431772783785,"Male",5,1
19,"z0198374",16,16.2844129245134,0.284412924513362,"Male",4,1
19,"z0198377",35,16.8310673257105,-18.1689326742895,"Female",3,1
19,"z0198473",25,22.7050370172645,-2.29496298273545,"Male",5,1
19,"z0198474",19,22.6534782907397,3.6534782907397,"Male",5,1
19,"z0198475",40,23.7972456419714,-16.2027543580286,"Male",3,1
19,"z0187739",23,26.4212288396431,3.42122883964313,"Female",3,1
19,"z0045928",22,19.3786277152958,-2.62137228470417,"Female",2,1
20,"z0018943",10,20.3435652578975,10.3435652578975,"Female",3,1
20,"z0018944",10,10.7579047943542,0.757904794354245,"Male",3,1
20,"z0018945",22,27.016591640123,5.016591640123,"Female",3,1
20,"z0023316",6,5.3255805450501,-0.674419454949902,"Male",4,1
20,"z0023317",25,21.830691680519,-3.169308319481,"Male",3,1
20,"z0023318",11,13.9409731615743,2.94097316157432,"Female",4,1
20,"z0023319",26,24.3065928691351,-1.69340713086487,"Male",4,1
20,"z0023321",11,6.5032217465594,-4.4967782534406,"Female",3,1
20,"z0027453",6,13.9613558372329,7.96135583723289,"Female",3,1
20,"z0033888",6,15.544792179809,9.54479217980895,"Female",3,1
20,"z0033898",10,20.2945313729297,10.2945313729297,"Male",3,1
20,"z0033906",15,23.6675169448356,8.66751694483558,"Male",5,1
20,"z0033908",6,20.665816280417,14.665816280417,"Male",5,1
20,"z0041286",28,29.6613798015967,1.66137980159668,"Male",3,1
20,"z0045925",24,20.3129658952264,-3.68703410477358,"Male",4,1
20,"z0045931",7,7.84758810782935,0.847588107829346,"Male",4,1
20,"z0049046",6,10.1529729107614,4.15297291076137,"Female",3,1
20,"z0049050",11,23.1254555564921,12.1254555564921,"Male",3,1
20,"z0049051",37,24.8502309023249,-12.1497690976751,"Female",4,1
20,"z0049052",34,27.3002601086033,-6.69973989139669,"Male",4,1
20,"z0061425",26,17.1614862972819,-8.8385137027181,"Male",4,1
20,"z0071016",8,17.2677034810579,9.26770348105789,"Male",3,1
20,"z0075660",18,21.2089259854411,3.20892598544108,"Male",4,1
20,"z0075663",18,23.1441449278118,5.14414492781176,"Male",3,1
20,"z0075665",27,26.1938481177045,-0.806151882295541,"Female",3,1
20,"z0075676",9,10.0924498141415,1.09244981414152,"Female",4,1
20,"z0075677",4,-2.36508296826096,-6.36508296826096,"Female",5,1
20,"z0075678",7,10.6989919837282,3.69899198372818,"Female",4,1
20,"z0091082",7,7.68522249664343,0.685222496643434,"Female",3,1
20,"z0091085",19,17.8700999837916,-1.1299000162084,"Female",3,1
20,"z0091275",3,4.19266380723731,1.19266380723731,"Male",3,1
20,"z0091277",3,6.11545156054419,3.11545156054419,"Female",4,1
20,"z0091284",3,0.509985838273126,-2.49001416172687,"Male",4,1
20,"z0091285",5,6.34197213033292,1.34197213033292,"Male",5,1
20,"z0091286",14,19.1330091189307,5.13300911893065,"Male",4,1
20,"z0092243",19,18.8612572299507,-0.13874277004934,"Female",4,1
20,"z0092256",5,4.58033039552188,-0.419669604478123,"Male",5,1
20,"z0098734",23,18.3238420502159,-4.67615794978406,"Male",4,1
20,"z0098735",30,24.132361895566,-5.86763810443402,"Male",4,1
20,"z0098736",15,5.16298654430863,-9.83701345569137,"Female",3,1
20,"z0098737",12,10.4766935730552,-1.52330642694478,"Female",5,1
20,"z0098738",19,18.6116061492124,-0.388393850787594,"Male",4,1
20,"z0098740",17,11.9511223983929,-5.04887760160708,"Female",4,1
20,"z0098745",7,13.3968671970095,6.39686719700952,"Male",4,1
20,"z0098746",32,22.2992539703596,-9.70074602964038,"Male",4,1
20,"z0102483",5,6.51238825195039,1.51238825195039,"Male",5,1
20,"z0102484",13,16.5000449750652,3.50004497506518,"Female",3,1
20,"z0102500",12,10.5434057429736,-1.45659425702644,"Male",4,1
20,"z0123188",24,24.542675964881,0.54267596488096,"Female",5,1
20,"z0132631",15,18.1848245575565,3.18482455755646,"Female",3,1
20,"z0132632",34,22.7587760949165,-11.2412239050835,"Female",4,1
20,"z0132634",12,13.7567280950672,1.75672809506719,"Female",4,1
20,"z0132639",29,21.1596312893002,-7.84036871069981,"Female",3,1
20,"z0132641",21,16.6481787640705,-4.35182123592951,"Male",3,1
20,"z0132658",36,25.1505718200869,-10.8494281799131,"Male",4,1
20,"z0132659",27,29.195931992891,2.19593199289097,"Female",3,1
20,"z0132660",23,21.4353203261475,-1.56467967385249,"Male",4,1
20,"z0160208",21,27.7678828249876,6.76788282498764,"Female",5,1
20,"z0175867",9,14.4665534374122,5.46655343741219,"Female",4,1
20,"z0175874",20,13.7281499989306,-6.27185000106939,"Male",4,1
20,"z0175876",12,14.5625677499745,2.56256774997454,"Male",5,1
20,"z0175877",32,25.1837247372766,-6.81627526272343,"Female",4,1
20,"z0178364",10,11.1806453118043,1.18064531180433,"Female",5,1
20,"z0183541",32,27.7656192428485,-4.23438075715147,"Male",4,1
20,"z0183543",4,1.33145560498891,-2.66854439501109,"Male",5,1
20,"z0183544",11,10.6547006639327,-0.345299336067292,"Female",5,1
20,"z0186433",21,19.4003103338777,-1.59968966612231,"Male",5,1
20,"z0186434",22,17.4052734236206,-4.59472657637935,"Male",3,1
20,"z0186435",30,21.1002986665654,-8.89970133343458,"Male",3,1
20,"z0186450",4,9.12854292169366,5.12854292169366,"Male",3,1
20,"z0190863",11,16.7843215477422,5.7843215477422,"Female",5,1
20,"z0190867",7,8.63077913412115,1.63077913412115,"Female",4,1
20,"z0196956",13,18.1195785884617,5.11957858846167,"Male",5,1
20,"z0198374",16,17.0821481374116,1.0821481374116,"Male",4,1
20,"z0198377",35,22.9312178937928,-12.0687821062072,"Female",3,1
20,"z0198473",25,25.3631652239441,0.363165223944073,"Male",5,1
20,"z0198474",19,27.2717717143968,8.27177171439681,"Male",5,1
20,"z0198475",40,23.7269322864271,-16.2730677135729,"Male",3,1
20,"z0187739",23,26.3788571466646,3.37885714666459,"Female",3,1
21,"z0023316",6,5.93252039664184,-0.0674796033581604,"Male",4,1
21,"z0023318",11,9.38879553347571,-1.61120446652429,"Female",4,1
21,"z0023319",26,25.7916996569216,-0.208300343078434,"Male",4,1
21,"z0033906",15,13.2343712007737,-1.76562879922627,"Male",5,1
21,"z0033908",6,15.6280429977591,9.62804299775911,"Male",5,1
21,"z0045925",24,24.9413173593714,0.941317359371364,"Male",4,1
21,"z0045931",7,5.12101041465378,-1.87898958534622,"Male",4,1
21,"z0049051",37,27.8089580086511,-9.19104199134893,"Female",4,1
21,"z0049052",34,35.8960122208379,1.89601222083793,"Male",4,1
21,"z0061425",26,23.3299101097103,-2.67008989028967,"Male",4,1
21,"z0075660",18,18.1363357317414,0.136335731741401,"Male",4,1
21,"z0075676",9,10.3719300765129,1.37193007651295,"Female",4,1
21,"z0075677",4,9.64340516411579,5.64340516411579,"Female",5,1
21,"z0075678",7,4.8680999655357,-2.1319000344643,"Female",4,1
21,"z0091277",3,8.6855925654571,5.6855925654571,"Female",4,1
21,"z0091284",3,-2.37025419986908,-5.37025419986908,"Male",4,1
21,"z0091285",5,6.8531926322997,1.8531926322997,"Male",5,1
21,"z0091286",14,13.6588725346715,-0.341127465328537,"Male",4,1
21,"z0092243",19,23.2335662520646,4.23356625206464,"Female",4,1
21,"z0092256",5,4.38522082842976,-0.614779171570243,"Male",5,1
21,"z0098734",23,26.7693433468314,3.76934334683137,"Male",4,1
21,"z0098735",30,24.2129030722888,-5.78709692771119,"Male",4,1
21,"z0098737",12,10.5751791927054,-1.42482080729457,"Female",5,1
21,"z0098738",19,18.1245543675753,-0.875445632424725,"Male",4,1
21,"z0098740",17,14.8096908754739,-2.19030912452606,"Female",4,1
21,"z0098745",7,4.50816799445135,-2.49183200554865,"Male",4,1
21,"z0098746",32,30.4938205132329,-1.50617948676712,"Male",4,1
21,"z0102483",5,6.57505388910886,1.57505388910886,"Male",5,1
21,"z0102500",12,7.05189335537848,-4.94810664462152,"Male",4,1
21,"z0123188",24,22.7581319222397,-1.24186807776026,"Female",5,1
21,"z0132632",34,30.215300168491,-3.78469983150902,"Female",4,1
21,"z0132634",12,15.9202035531627,3.92020355316268,"Female",4,1
21,"z0132658",36,31.0585298308344,-4.94147016916559,"Male",4,1
21,"z0132660",23,21.8037539685963,-1.19624603140372,"Male",4,1
21,"z0160208",21,30.3687183858177,9.36871838581767,"Female",5,1
21,"z0175867",9,11.59778464815,2.59778464815003,"Female",4,1
21,"z0175874",20,13.0429404670421,-6.95705953295792,"Male",4,1
21,"z0175876",12,19.7802853320493,7.78028533204927,"Male",5,1
21,"z0175877",32,28.9705830306079,-3.02941696939211,"Female",4,1
21,"z0178364",10,11.6111646783303,1.61116467833032,"Female",5,1
21,"z0183541",32,27.9278184152473,-4.07218158475268,"Male",4,1
21,"z0183543",4,4.08572068186828,0.0857206818682794,"Male",5,1
21,"z0183544",11,12.7327695986283,1.73276959862834,"Female",5,1
21,"z0186433",21,16.4454040915215,-4.55459590847845,"Male",5,1
21,"z0190863",11,12.3888698063254,1.38886980632543,"Female",5,1
21,"z0190867",7,13.2966064201246,6.29660642012465,"Female",4,1
21,"z0196956",13,14.0416559339596,1.04165593395959,"Male",5,1
21,"z0198374",16,17.0650818810699,1.06508188106985,"Male",4,1
21,"z0198473",25,20.6547390946697,-4.34526090533031,"Male",5,1
21,"z0198474",19,25.3590427054752,6.35904270547525,"Male",5,1
22,"z0018943",10,20.1979233314904,10.1979233314904,"Female",3,0.6
22,"z0018944",10,12.7174471703198,2.71744717031975,"Male",3,0.6
22,"z0018945",22,26.878196292285,4.87819629228497,"Female",3,0.6
22,"z0023316",6,3.64376006294293,-2.35623993705707,"Male",4,0.8
22,"z0023317",25,22.7895248994381,-2.2104751005619,"Male",3,0.6
22,"z0023318",11,12.3119961233962,1.31199612339624,"Female",4,0.8
22,"z0023319",26,21.2860089404467,-4.71399105955329,"Male",4,0.8
22,"z0023321",11,6.14920576051969,-4.85079423948031,"Female",3,0.6
22,"z0027453",6,12.9934576334705,6.99345763347048,"Female",3,0.6
22,"z0027455",10,11.2686921360176,1.26869213601762,"Female",2,0.4
22,"z0033888",6,15.5002924552654,9.50029245526545,"Female",3,0.6
22,"z0033893",15,18.2698531267668,3.26985312676678,"Male",2,0.4
22,"z0033898",10,20.2441698545033,10.2441698545033,"Male",3,0.6
22,"z0033906",15,16.2657054491964,1.26570544919642,"Male",5,1
22,"z0033908",6,18.1590644919444,12.1590644919444,"Male",5,1
22,"z0041286",28,27.561609277199,-0.438390722800989,"Male",3,0.6
22,"z0045921",10,18.5472613029688,8.54726130296884,"Female",2,0.4
22,"z0045925",24,21.8393301574648,-2.16066984253516,"Male",4,0.8
22,"z0045931",7,7.97806413761564,0.978064137615645,"Male",4,0.8
22,"z0049046",6,11.8306797028027,5.83067970280269,"Female",3,0.6
22,"z0049048",11,13.2367766565464,2.23677665654637,"Male",2,0.4
22,"z0049050",11,20.0833856705666,9.08338567056662,"Male",3,0.6
22,"z0049051",37,24.0125498018643,-12.9874501981357,"Female",4,0.8
22,"z0049052",34,27.9228984085847,-6.07710159141528,"Male",4,0.8
22,"z0061425",26,17.4758408145677,-8.52415918543234,"Male",4,0.8
22,"z0071016",8,17.8430996581916,9.84309965819157,"Male",3,0.6
22,"z0075660",18,17.9288029950399,-0.0711970049601192,"Male",4,0.8
22,"z0075663",18,23.0304220426764,5.03042204267642,"Male",3,0.6
22,"z0075665",27,24.0892580671096,-2.91074193289043,"Female",3,0.6
22,"z0075676",9,10.2391820441843,1.23918204418435,"Female",4,0.8
22,"z0075677",4,-0.506680380320278,-4.50668038032028,"Female",5,1
22,"z0075678",7,10.4402410674173,3.44024106741731,"Female",4,0.8
22,"z0091082",7,8.53680053094789,1.53680053094789,"Female",3,0.6
22,"z0091085",19,16.1676896441929,-2.83231035580705,"Female",3,0.6
22,"z0091275",3,2.79418199019685,-0.205818009803151,"Male",3,0.6
22,"z0091276",10,41.3277508024077,31.3277508024077,"Female",2,0.4
22,"z0091277",3,9.22420416953747,6.22420416953747,"Female",4,0.8
22,"z0091284",3,1.83195096751665,-1.16804903248335,"Male",4,0.8
22,"z0091285",5,0.360454365239617,-4.63954563476038,"Male",5,1
22,"z0091286",14,18.4119542721446,4.41195427214462,"Male",4,0.8
22,"z0092243",19,18.258724630565,-0.741275369434995,"Female",4,0.8
22,"z0092256",5,2.56714735982243,-2.43285264017757,"Male",5,1
22,"z0098734",23,18.3749514408704,-4.62504855912963,"Male",4,0.8
22,"z0098735",30,22.7284801726527,-7.27151982734729,"Male",4,0.8
22,"z0098736",15,3.47877734358008,-11.5212226564199,"Female",3,0.6
22,"z0098737",12,11.6392785460719,-0.360721453928104,"Female",5,1
22,"z0098738",19,19.2351906504111,0.235190650411063,"Male",4,0.8
22,"z0098740",17,13.0909924782084,-3.90900752179162,"Female",4,0.8
22,"z0098744",6,18.8072579237312,12.8072579237312,"Male",2,0.4
22,"z0098745",7,11.9579932702866,4.95799327028657,"Male",4,0.8
22,"z0098746",32,20.7339680001613,-11.2660319998387,"Male",4,0.8
22,"z0102483",5,5.76826935956552,0.768269359565517,"Male",5,1
22,"z0102484",13,14.7890549771338,1.78905497713378,"Female",3,0.6
22,"z0102485",21,26.5305123976464,5.53051239764635,"Male",2,0.4
22,"z0102500",12,11.7995454452916,-0.200454554708427,"Male",4,0.8
22,"z0123188",24,26.3774638040255,2.37746380402548,"Female",5,1
22,"z0132631",15,17.5390161267765,2.53901612677649,"Female",3,0.6
22,"z0132632",34,24.3803021125538,-9.61969788744623,"Female",4,0.8
22,"z0132634",12,14.4968365582791,2.49683655827911,"Female",4,0.8
22,"z0132639",29,21.0355334705021,-7.96446652949787,"Female",3,0.6
22,"z0132641",21,14.486826595955,-6.51317340404496,"Male",3,0.6
22,"z0132642",11,11.5799509739519,0.579950973951879,"Female",2,0.4
22,"z0132658",36,21.5216214743835,-14.4783785256165,"Male",4,0.8
22,"z0132659",27,24.9347277654011,-2.06527223459887,"Female",3,0.6
22,"z0132660",23,20.7334356780465,-2.26656432195352,"Male",4,0.8
22,"z0160208",21,25.1673626164977,4.16736261649769,"Female",5,1
22,"z0175867",9,14.8134204620022,5.81342046200221,"Female",4,0.8
22,"z0175874",20,11.9109430618974,-8.08905693810261,"Male",4,0.8
22,"z0175876",12,12.9987588831411,0.998758883141107,"Male",5,1
22,"z0175877",32,21.639211287915,-10.360788712085,"Female",4,0.8
22,"z0178364",10,14.3745071637712,4.37450716377124,"Female",5,1
22,"z0183541",32,24.8805717917731,-7.11942820822686,"Male",4,0.8
22,"z0183543",4,3.37367936072981,-0.626320639270193,"Male",5,1
22,"z0183544",11,12.346109271429,1.34610927142904,"Female",5,1
22,"z0186431",8,13.5672116495281,5.56721164952808,"Male",2,0.4
22,"z0186433",21,19.2991021675135,-1.7008978324865,"Male",5,1
22,"z0186434",22,17.5440085006733,-4.45599149932667,"Male",3,0.6
22,"z0186435",30,18.8432826977107,-11.1567173022893,"Male",3,0.6
22,"z0186450",4,10.7554549886928,6.75545498869279,"Male",3,0.6
22,"z0190863",11,14.9106012675023,3.91060126750227,"Female",5,1
22,"z0190867",7,9.558141575269,2.558141575269,"Female",4,0.8
22,"z0196956",13,16.3984759412819,3.39847594128189,"Male",5,1
22,"z0198374",16,17.3714334520114,1.37143345201139,"Male",4,0.8
22,"z0198377",35,18.916998222238,-16.083001777762,"Female",3,0.6
22,"z0198473",25,23.4180183819724,-1.5819816180276,"Male",5,1
22,"z0198474",19,25.9185961241726,6.91859612417257,"Male",5,1
22,"z0198475",40,24.5354693276616,-15.4645306723384,"Male",3,0.6
22,"z0187739",23,26.2054265876998,3.20542658769978,"Female",3,0.6
22,"z0045928",22,26.3457488630324,4.34574886303241,"Female",2,0.4
23,"z0018943",10,21.0069751491008,11.0069751491008,"Female",3,0.6
23,"z0018944",10,11.3824868980168,1.38248689801682,"Male",3,0.6
23,"z0018945",22,26.3229684724701,4.32296847247012,"Female",3,0.6
23,"z0023316",6,4.88638893341043,-1.11361106658957,"Male",4,0.8
23,"z0023317",25,22.1051330563469,-2.89486694365312,"Male",3,0.6
23,"z0023318",11,13.3196230040449,2.31962300404487,"Female",4,0.8
23,"z0023319",26,24.4583272322927,-1.54167276770726,"Male",4,0.8
23,"z0023321",11,5.32959363817567,-5.67040636182433,"Female",3,0.6
23,"z0027453",6,13.7858057935986,7.78580579359857,"Female",3,0.6
23,"z0033888",6,15.6898193412387,9.68981934123873,"Female",3,0.6
23,"z0033898",10,20.2747600712584,10.2747600712584,"Male",3,0.6
23,"z0033906",15,21.5552927734456,6.55529277344561,"Male",5,1
23,"z0033908",6,20.2002259499522,14.2002259499522,"Male",5,1
23,"z0041286",28,28.8985238294877,0.898523829487715,"Male",3,0.6
23,"z0045925",24,21.4113179602116,-2.58868203978843,"Male",4,0.8
23,"z0045931",7,8.00378546340961,1.00378546340961,"Male",4,0.8
23,"z0049046",6,10.7140710913435,4.71407109134352,"Female",3,0.6
23,"z0049050",11,22.906671232616,11.906671232616,"Male",3,0.6
23,"z0049051",37,26.1878402532174,-10.8121597467826,"Female",4,0.8
23,"z0049052",34,28.4071775625312,-5.59282243746878,"Male",4,0.8
23,"z0061425",26,16.8962727458007,-9.10372725419934,"Male",4,0.8
23,"z0071016",8,17.7431204755918,9.74312047559184,"Male",3,0.6
23,"z0075660",18,21.0419368359717,3.04193683597167,"Male",4,0.8
23,"z0075663",18,23.4283329927059,5.42833299270588,"Male",3,0.6
23,"z0075665",27,27.0160946635005,0.0160946635004642,"Female",3,0.6
23,"z0075676",9,9.61061066533353,0.610610665333532,"Female",4,0.8
23,"z0075677",4,-1.76203704911002,-5.76203704911002,"Female",5,1
23,"z0075678",7,11.4804620655507,4.48046206555072,"Female",4,0.8
23,"z0091082",7,7.57848208317553,0.578482083175534,"Female",3,0.6
23,"z0091085",19,18.712287117766,-0.287712882234018,"Female",3,0.6
23,"z0091275",3,0.85716174700348,-2.14283825299652,"Male",3,0.6
23,"z0091277",3,6.96397823298994,3.96397823298994,"Female",4,0.8
23,"z0091284",3,-1.80216514305255,-4.80216514305255,"Male",4,0.8
23,"z0091285",5,4.97051583224198,-0.0294841677580191,"Male",5,1
23,"z0091286",14,19.0397210624405,5.03972106244054,"Male",4,0.8
23,"z0092243",19,19.491741851345,0.491741851345047,"Female",4,0.8
23,"z0092256",5,3.9894473702631,-1.0105526297369,"Male",5,1
23,"z0098734",23,18.73795247954,-4.26204752045996,"Male",4,0.8
23,"z0098735",30,24.0215357465649,-5.97846425343506,"Male",4,0.8
23,"z0098736",15,6.15574093750925,-8.84425906249075,"Female",3,0.6
23,"z0098737",12,10.9776329965564,-1.02236700344358,"Female",5,1
23,"z0098738",19,18.5157675852481,-0.484232414751855,"Male",4,0.8
23,"z0098740",17,12.7437775718941,-4.25622242810586,"Female",4,0.8
23,"z0098745",7,13.6241331871778,6.62413318717779,"Male",4,0.8
23,"z0098746",32,21.9949022154072,-10.0050977845928,"Male",4,0.8
23,"z0102483",5,6.30054907756874,1.30054907756874,"Male",5,1
23,"z0102484",13,15.5015601231753,2.50156012317529,"Female",3,0.6
23,"z0102500",12,9.59126499555964,-2.40873500444036,"Male",4,0.8
23,"z0123188",24,24.7026139086015,0.702613908601457,"Female",5,1
23,"z0132631",15,18.0520604370018,3.05206043700182,"Female",3,0.6
23,"z0132632",34,22.9162297733892,-11.0837702266108,"Female",4,0.8
23,"z0132634",12,13.926342417018,1.92634241701803,"Female",4,0.8
23,"z0132639",29,20.6277697171371,-8.3722302828629,"Female",3,0.6
23,"z0132641",21,14.4835766553378,-6.51642334466216,"Male",3,0.6
23,"z0132658",36,24.1904936713539,-11.8095063286461,"Male",4,0.8
23,"z0132659",27,28.3363377382774,1.3363377382774,"Female",3,0.6
23,"z0132660",23,21.3672105976473,-1.63278940235271,"Male",4,0.8
23,"z0160208",21,27.3928810209422,6.39288102094219,"Female",5,1
23,"z0175867",9,13.9707784879002,4.97077848790024,"Female",4,0.8
23,"z0175874",20,13.3600643275681,-6.63993567243193,"Male",4,0.8
23,"z0175876",12,13.9891632712828,1.98916327128279,"Male",5,1
23,"z0175877",32,24.0938348805896,-7.90616511941041,"Female",4,0.8
23,"z0178364",10,12.3900423069929,2.39004230699287,"Female",5,1
23,"z0183541",32,27.6112866339841,-4.38871336601586,"Male",4,0.8
23,"z0183543",4,1.44339089590472,-2.55660910409528,"Male",5,1
23,"z0183544",11,10.9641369042212,-0.0358630957787938,"Female",5,1
23,"z0186433",21,18.5482418979047,-2.45175810209527,"Male",5,1
23,"z0186434",22,17.3755470267232,-4.62445297327683,"Male",3,0.6
23,"z0186435",30,20.9450046902769,-9.05499530972307,"Male",3,0.6
23,"z0186450",4,10.20993636463,6.20993636462998,"Male",3,0.6
23,"z0190863",11,16.9154580633997,5.91545806339966,"Female",5,1
23,"z0190867",7,8.95762216339844,1.95762216339844,"Female",4,0.8
23,"z0196956",13,16.6094883500073,3.60948835000728,"Male",5,1
23,"z0198374",16,17.1599165396066,1.15991653960659,"Male",4,0.8
23,"z0198377",35,22.5087795960105,-12.4912204039895,"Female",3,0.6
23,"z0198473",25,25.2410412675487,0.241041267548731,"Male",5,1
23,"z0198474",19,27.9067685131925,8.9067685131925,"Male",5,1
23,"z0198475",40,23.7365399883548,-16.2634600116452,"Male",3,0.6
23,"z0187739",23,25.7458928509855,2.74589285098548,"Female",3,0.6
24,"z0023316",6,5.64261963290368,-0.35738036709632,"Male",4,0.8
24,"z0023318",11,8.66661012016149,-2.33338987983851,"Female",4,0.8
24,"z0023319",26,26.7074432000209,0.707443200020911,"Male",4,0.8
24,"z0033906",15,12.6940122721785,-2.30598772782154,"Male",5,1
24,"z0033908",6,13.1379763141107,7.13797631411074,"Male",5,1
24,"z0045925",24,25.0549592223548,1.05495922235481,"Male",4,0.8
24,"z0045931",7,4.85354089459493,-2.14645910540507,"Male",4,0.8
24,"z0049051",37,27.8704281480404,-9.1295718519596,"Female",4,0.8
24,"z0049052",34,37.1504094046059,3.1504094046059,"Male",4,0.8
24,"z0061425",26,26.2391167153424,0.239116715342362,"Male",4,0.8
24,"z0075660",18,18.0529978061837,0.0529978061837255,"Male",4,0.8
24,"z0075676",9,10.9930838194822,1.9930838194822,"Female",4,0.8
24,"z0075677",4,10.1752599790292,6.17525997902918,"Female",5,1
24,"z0075678",7,3.11294988527781,-3.88705011472219,"Female",4,0.8
24,"z0091277",3,8.90233303661836,5.90233303661836,"Female",4,0.8
24,"z0091284",3,-2.90775024505547,-5.90775024505547,"Male",4,0.8
24,"z0091285",5,7.56612940866792,2.56612940866792,"Male",5,1
24,"z0091286",14,13.7243980720786,-0.275601927921358,"Male",4,0.8
24,"z0092243",19,24.1255570310721,5.12555703107212,"Female",4,0.8
24,"z0092256",5,4.28825847472696,-0.711741525273036,"Male",5,1
24,"z0098734",23,28.3087702346231,5.30877023462312,"Male",4,0.8
24,"z0098735",30,24.2608041235989,-5.73919587640114,"Male",4,0.8
24,"z0098737",12,11.0068743253242,-0.993125674675793,"Female",5,1
24,"z0098738",19,18.0359228200832,-0.964077179916828,"Male",4,0.8
24,"z0098740",17,14.9153380326576,-2.08466196734242,"Female",4,0.8
24,"z0098745",7,2.70201587115048,-4.29798412884952,"Male",4,0.8
24,"z0098746",32,33.8968136119696,1.89681361196965,"Male",4,0.8
24,"z0102483",5,6.28672313286812,1.28672313286812,"Male",5,1
24,"z0102500",12,7.45141635379979,-4.54858364620021,"Male",4,0.8
24,"z0123188",24,20.5414797215713,-3.45852027842867,"Female",5,1
24,"z0132632",34,31.1369898745141,-2.86301012548593,"Female",4,0.8
24,"z0132634",12,14.9037090280326,2.90370902803263,"Female",4,0.8
24,"z0132658",36,31.7673741138339,-4.23262588616613,"Male",4,0.8
24,"z0132660",23,22.358985579245,-0.641014420754974,"Male",4,0.8
24,"z0160208",21,30.2920944142382,9.29209441423824,"Female",5,1
24,"z0175867",9,10.7928810505593,1.79288105055933,"Female",4,0.8
24,"z0175874",20,12.5796915063087,-7.42030849369127,"Male",4,0.8
24,"z0175876",12,19.3569178950192,7.35691789501917,"Male",5,1
24,"z0175877",32,30.9495769879174,-1.05042301208262,"Female",4,0.8
24,"z0178364",10,5.59753969307443,-4.40246030692557,"Female",5,1
24,"z0183541",32,27.7725845164781,-4.22741548352188,"Male",4,0.8
24,"z0183543",4,4.60857258779931,0.608572587799312,"Male",5,1
24,"z0183544",11,13.6723827284443,2.67238272844433,"Female",5,1
24,"z0186433",21,17.2290331908548,-3.77096680914524,"Male",5,1
24,"z0190863",11,12.3663241370563,1.36632413705633,"Female",5,1
24,"z0190867",7,19.8538972659168,12.8538972659168,"Female",4,0.8
24,"z0196956",13,13.2234278724189,0.223427872418947,"Male",5,1
24,"z0198374",16,17.3388007245441,1.33880072454407,"Male",4,0.8
24,"z0198473",25,21.9722942764835,-3.02770572351653,"Male",5,1
24,"z0198474",19,25.6852235660442,6.6852235660442,"Male",5,1
25,"z0018943",10,21.2412579252274,11.2412579252274,"Female",3,0.55
25,"z0018944",10,11.8925176019523,1.89251760195225,"Male",3,0.55
25,"z0018945",22,26.9354141868249,4.93541418682491,"Female",3,0.55
25,"z0023316",6,3.96208463071752,-2.03791536928248,"Male",4,0.75
25,"z0023317",25,22.8208603297967,-2.17913967020331,"Male",3,0.55
25,"z0023318",11,11.1937350144856,0.193735014485581,"Female",4,0.75
25,"z0023319",26,22.1690050885142,-3.83099491148582,"Male",4,0.75
25,"z0023321",11,5.29711299575728,-5.70288700424272,"Female",3,0.55
25,"z0027453",6,12.656858865173,6.65685886517298,"Female",3,0.55
25,"z0027455",10,11.5800041837223,1.58000418372227,"Female",2,0.2
25,"z0033888",6,14.2723608704581,8.27236087045814,"Female",3,0.55
25,"z0033893",15,18.6064339439139,3.60643394391388,"Male",2,0.2
25,"z0033898",10,20.6158506750581,10.6158506750581,"Male",3,0.55
25,"z0033906",15,16.8093517043321,1.80935170433213,"Male",5,1
25,"z0033908",6,18.0996572160409,12.0996572160409,"Male",5,1
25,"z0041286",28,27.5043478227714,-0.495652177228632,"Male",3,0.55
25,"z0045921",10,17.7242286421921,7.72422864219207,"Female",2,0.2
25,"z0045925",24,22.2938228649639,-1.70617713503612,"Male",4,0.75
25,"z0045931",7,6.97899288410881,-0.0210071158911864,"Male",4,0.75
25,"z0049046",6,11.0356545994919,5.03565459949186,"Female",3,0.55
25,"z0049048",11,12.5612977849179,1.5612977849179,"Male",2,0.2
25,"z0049050",11,19.5306010001458,8.53060100014577,"Male",3,0.55
25,"z0049051",37,24.2079565027542,-12.7920434972458,"Female",4,0.75
25,"z0049052",34,27.6633702998248,-6.33662970017521,"Male",4,0.75
25,"z0061425",26,17.7309560014758,-8.26904399852423,"Male",4,0.75
25,"z0071016",8,18.6751897044633,10.6751897044633,"Male",3,0.55
25,"z0075660",18,19.858788590354,1.85878859035398,"Male",4,0.75
25,"z0075663",18,23.716942984392,5.71694298439195,"Male",3,0.55
25,"z0075665",27,25.0862514222583,-1.91374857774166,"Female",3,0.55
25,"z0075676",9,10.2481950380468,1.2481950380468,"Female",4,0.75
25,"z0075677",4,-0.575485245247291,-4.57548524524729,"Female",5,1
25,"z0075678",7,12.1960626442578,5.19606264425783,"Female",4,0.75
25,"z0091082",7,3.88430962620007,-3.11569037379993,"Female",3,0.55
25,"z0091085",19,17.783082255528,-1.21691774447203,"Female",3,0.55
25,"z0091275",3,4.06219779529413,1.06219779529413,"Male",3,0.55
25,"z0091276",10,42.4366191027198,32.4366191027198,"Female",2,0.2
25,"z0091277",3,9.80827845011256,6.80827845011256,"Female",4,0.75
25,"z0091284",3,-0.796563398035855,-3.79656339803586,"Male",4,0.75
25,"z0091285",5,3.4358440826847,-1.5641559173153,"Male",5,1
25,"z0091286",14,17.7293412114365,3.72934121143654,"Male",4,0.75
25,"z0092243",19,19.5833779928019,0.58337799280185,"Female",4,0.75
25,"z0092256",5,1.53765690156744,-3.46234309843256,"Male",5,1
25,"z0098734",23,17.8501021847631,-5.14989781523691,"Male",4,0.75
25,"z0098735",30,24.3315860722496,-5.66841392775036,"Male",4,0.75
25,"z0098736",15,5.81310941017378,-9.18689058982622,"Female",3,0.55
25,"z0098737",12,11.4239047136253,-0.576095286374729,"Female",5,1
25,"z0098738",19,19.7310247360534,0.731024736053435,"Male",4,0.75
25,"z0098740",17,14.343892852631,-2.65610714736898,"Female",4,0.75
25,"z0098744",6,17.5075569743009,11.5075569743009,"Male",2,0.2
25,"z0098745",7,12.9323335970708,5.93233359707081,"Male",4,0.75
25,"z0098746",32,23.0696413409697,-8.93035865903034,"Male",4,0.75
25,"z0102483",5,5.67142619125596,0.671426191255963,"Male",5,1
25,"z0102484",13,14.9585639902461,1.95856399024612,"Female",3,0.55
25,"z0102485",21,27.1994113600165,6.19941136001651,"Male",2,0.2
25,"z0102500",12,9.75602971100502,-2.24397028899498,"Male",4,0.75
25,"z0123188",24,26.1016605895011,2.10166058950108,"Female",5,1
25,"z0132631",15,18.2822376858378,3.28223768583784,"Female",3,0.55
25,"z0132632",34,25.2104103864518,-8.78958961354824,"Female",4,0.75
25,"z0132634",12,14.6255263027219,2.62552630272188,"Female",4,0.75
25,"z0132639",29,21.4057216184326,-7.5942783815674,"Female",3,0.55
25,"z0132641",21,15.2913268556088,-5.70867314439116,"Male",3,0.55
25,"z0132642",11,11.3686377294222,0.368637729422213,"Female",2,0.2
25,"z0132658",36,20.5888989219961,-15.4111010780039,"Male",4,0.75
25,"z0132659",27,26.5979499012092,-0.402050098790795,"Female",3,0.55
25,"z0132660",23,20.1746877698811,-2.82531223011886,"Male",4,0.75
25,"z0160208",21,27.0110845733527,6.01108457335266,"Female",5,1
25,"z0175867",9,14.6413834458651,5.64138344586509,"Female",4,0.75
25,"z0175874",20,12.7447268443611,-7.25527315563893,"Male",4,0.75
25,"z0175876",12,13.2403744969854,1.24037449698544,"Male",5,1
25,"z0175877",32,20.7888380332634,-11.2111619667366,"Female",4,0.75
25,"z0178364",10,17.9196626283581,7.9196626283581,"Female",5,1
25,"z0183541",32,25.7179603354646,-6.28203966453543,"Male",4,0.75
25,"z0183543",4,0.448335399621245,-3.55166460037875,"Male",5,1
25,"z0183544",11,13.2505086718641,2.25050867186411,"Female",5,1
25,"z0186431",8,15.0689535972226,7.06895359722257,"Male",2,0.2
25,"z0186433",21,18.4987086793796,-2.50129132062045,"Male",5,1
25,"z0186434",22,17.9741180264088,-4.02588197359119,"Male",3,0.55
25,"z0186435",30,17.6334446872282,-12.3665553127718,"Male",3,0.55
25,"z0186450",4,8.89020552167601,4.89020552167601,"Male",3,0.55
25,"z0190863",11,17.679785774692,6.67978577469195,"Female",5,1
25,"z0190867",7,8.49545787749497,1.49545787749497,"Female",4,0.75
25,"z0196956",13,16.1464410766991,3.14644107669907,"Male",5,1
25,"z0198374",16,18.6427268762614,2.64272687626142,"Male",4,0.75
25,"z0198377",35,19.7017372408698,-15.2982627591302,"Female",3,0.55
25,"z0198473",25,23.314334986262,-1.68566501373803,"Male",5,1
25,"z0198474",19,26.6976293538236,7.69762935382364,"Male",5,1
25,"z0198475",40,24.0226917119303,-15.9773082880697,"Male",3,0.55
25,"z0187739",23,25.4791263698638,2.47912636986376,"Female",3,0.55
25,"z0045928",22,26.2967957559914,4.29679575599142,"Female",2,0.2
26,"z0018943",10,21.2653562169642,11.2653562169642,"Female",3,0.55
26,"z0018944",10,11.8004505922888,1.8004505922888,"Male",3,0.55
26,"z0018945",22,27.3452704681702,5.34527046817022,"Female",3,0.55
26,"z0023316",6,5.5284778643321,-0.471522135667904,"Male",4,0.75
26,"z0023317",25,22.0714406968416,-2.92855930315843,"Male",3,0.55
26,"z0023318",11,12.6735864689714,1.67358646897143,"Female",4,0.75
26,"z0023319",26,24.3964401808441,-1.60355981915594,"Male",4,0.75
26,"z0023321",11,6.1348728962336,-4.8651271037664,"Female",3,0.55
26,"z0027453",6,13.838230451288,7.83823045128799,"Female",3,0.55
26,"z0033888",6,14.8990561352285,8.89905613522846,"Female",3,0.55
26,"z0033898",10,19.5237587367346,9.52375873673458,"Male",3,0.55
26,"z0033906",15,20.4360644267528,5.43606442675276,"Male",5,1
26,"z0033908",6,19.5650456316331,13.5650456316331,"Male",5,1
26,"z0041286",28,27.9032851751582,-0.0967148248418432,"Male",3,0.55
26,"z0045925",24,21.708291926021,-2.29170807397905,"Male",4,0.75
26,"z0045931",7,6.54870660247854,-0.451293397521462,"Male",4,0.75
26,"z0049046",6,9.59139042619838,3.59139042619838,"Female",3,0.55
26,"z0049050",11,22.4557620100674,11.4557620100674,"Male",3,0.55
26,"z0049051",37,26.092219913941,-10.907780086059,"Female",4,0.75
26,"z0049052",34,28.4188011483233,-5.58119885167673,"Male",4,0.75
26,"z0061425",26,17.5891004360234,-8.41089956397659,"Male",4,0.75
26,"z0071016",8,17.5806263291287,9.58062632912873,"Male",3,0.55
26,"z0075660",18,20.9214617713483,2.92146177134834,"Male",4,0.75
26,"z0075663",18,23.5412445396762,5.54124453967617,"Male",3,0.55
26,"z0075665",27,26.0961809251533,-0.90381907484667,"Female",3,0.55
26,"z0075676",9,10.0015868238086,1.00158682380857,"Female",4,0.75
26,"z0075677",4,-0.139261383955808,-4.13926138395581,"Female",5,1
26,"z0075678",7,12.1687787811022,5.16877878110224,"Female",4,0.75
26,"z0091082",7,4.9086488736418,-2.0913511263582,"Female",3,0.55
26,"z0091085",19,18.9262628707107,-0.0737371292893165,"Female",3,0.55
26,"z0091275",3,2.09004839715743,-0.909951602842574,"Male",3,0.55
26,"z0091277",3,7.61924985080153,4.61924985080153,"Female",4,0.75
26,"z0091284",3,-0.154999446666406,-3.15499944666641,"Male",4,0.75
26,"z0091285",5,8.08282885807741,3.08282885807741,"Male",5,1
26,"z0091286",14,18.5026614487098,4.50266144870977,"Male",4,0.75
26,"z0092243",19,19.1230015564158,0.123001556415812,"Female",4,0.75
26,"z0092256",5,2.19430036288145,-2.80569963711855,"Male",5,1
26,"z0098734",23,18.4102594104515,-4.58974058954848,"Male",4,0.75
26,"z0098735",30,25.0939966144614,-4.90600338553865,"Male",4,0.75
26,"z0098736",15,5.72534285780804,-9.27465714219196,"Female",3,0.55
26,"z0098737",12,11.2034021207859,-0.796597879214076,"Female",5,1
26,"z0098738",19,18.4181355002348,-0.581864499765217,"Male",4,0.75
26,"z0098740",17,13.1385562748093,-3.86144372519065,"Female",4,0.75
26,"z0098745",7,12.2085231347563,5.20852313475626,"Male",4,0.75
26,"z0098746",32,25.9818148809397,-6.0181851190603,"Male",4,0.75
26,"z0102483",5,5.50653086714032,0.506530867140325,"Male",5,1
26,"z0102484",13,15.1842865407128,2.18428654071278,"Female",3,0.55
26,"z0102500",12,8.4811684914751,-3.5188315085249,"Male",4,0.75
26,"z0123188",24,25.251196220479,1.25119622047903,"Female",5,1
26,"z0132631",15,18.3397735362027,3.33977353620274,"Female",3,0.55
26,"z0132632",34,23.4819975654732,-10.5180024345268,"Female",4,0.75
26,"z0132634",12,14.5133813583167,2.51338135831666,"Female",4,0.75
26,"z0132639",29,22.1698725144401,-6.8301274855599,"Female",3,0.55
26,"z0132641",21,15.0104181744563,-5.98958182554366,"Male",3,0.55
26,"z0132658",36,23.4591919851056,-12.5408080148944,"Male",4,0.75
26,"z0132659",27,28.761732970787,1.76173297078702,"Female",3,0.55
26,"z0132660",23,20.8515083019156,-2.14849169808444,"Male",4,0.75
26,"z0160208",21,28.0487890564644,7.04878905646442,"Female",5,1
26,"z0175867",9,15.1845496369842,6.18454963698419,"Female",4,0.75
26,"z0175874",20,13.14162794811,-6.85837205189004,"Male",4,0.75
26,"z0175876",12,13.2334790280037,1.2334790280037,"Male",5,1
26,"z0175877",32,23.196012630421,-8.80398736957902,"Female",4,0.75
26,"z0178364",10,15.2375274756005,5.23752747560047,"Female",5,1
26,"z0183541",32,27.5875675853111,-4.41243241468886,"Male",4,0.75
26,"z0183543",4,-0.0631890126500627,-4.06318901265006,"Male",5,1
26,"z0183544",11,10.8192333964864,-0.18076660351363,"Female",5,1
26,"z0186433",21,17.7868095554305,-3.21319044456946,"Male",5,1
26,"z0186434",22,17.2455429781129,-4.75445702188713,"Male",3,0.55
26,"z0186435",30,20.5626371690068,-9.43736283099318,"Male",3,0.55
26,"z0186450",4,10.2865635344763,6.28656353447628,"Male",3,0.55
26,"z0190863",11,17.0078897192394,6.00788971923942,"Female",5,1
26,"z0190867",7,9.03556249364299,2.03556249364299,"Female",4,0.75
26,"z0196956",13,17.2275253745803,4.22752537458035,"Male",5,1
26,"z0198374",16,17.600014061607,1.60001406160703,"Male",4,0.75
26,"z0198377",35,22.8369383563535,-12.1630616436465,"Female",3,0.55
26,"z0198473",25,25.1698396569945,0.169839656994512,"Male",5,1
26,"z0198474",19,27.87598528089,8.87598528089002,"Male",5,1
26,"z0198475",40,24.0277181637987,-15.9722818362013,"Male",3,0.55
26,"z0187739",23,25.76713222055,2.76713222054997,"Female",3,0.55
27,"z0023316",6,8.41765494307124,2.41765494307124,"Male",4,0.75
27,"z0023318",11,5.84050196210811,-5.15949803789189,"Female",4,0.75
27,"z0023319",26,25.1453556706699,-0.854644329330114,"Male",4,0.75
27,"z0033906",15,12.5286457165642,-2.47135428343581,"Male",5,1
27,"z0033908",6,13.8870243120917,7.88702431209174,"Male",5,1
27,"z0045925",24,26.0381839385746,2.0381839385746,"Male",4,0.75
27,"z0045931",7,5.52674102341278,-1.47325897658722,"Male",4,0.75
27,"z0049051",37,27.853476752931,-9.14652324706901,"Female",4,0.75
27,"z0049052",34,37.9871017066648,3.98710170666477,"Male",4,0.75
27,"z0061425",26,26.2458384527545,0.245838452754462,"Male",4,0.75
27,"z0075660",18,19.7772188105196,1.77721881051961,"Male",4,0.75
27,"z0075676",9,8.078069090294,-0.921930909706003,"Female",4,0.75
27,"z0075677",4,9.66014121873287,5.66014121873287,"Female",5,1
27,"z0075678",7,1.87057546985285,-5.12942453014715,"Female",4,0.75
27,"z0091277",3,8.94238408308476,5.94238408308476,"Female",4,0.75
27,"z0091284",3,-5.00300357787443,-8.00300357787443,"Male",4,0.75
27,"z0091285",5,7.10601131032409,2.10601131032409,"Male",5,1
27,"z0091286",14,11.2297310876334,-2.77026891236662,"Male",4,0.75
27,"z0092243",19,26.3511607665329,7.35116076653291,"Female",4,0.75
27,"z0092256",5,4.49576872478418,-0.504231275215823,"Male",5,1
27,"z0098734",23,25.3981050682005,2.39810506820049,"Male",4,0.75
27,"z0098735",30,23.3463471259221,-6.65365287407786,"Male",4,0.75
27,"z0098737",12,8.90945825105494,-3.09054174894506,"Female",5,1
27,"z0098738",19,17.9661132457232,-1.03388675427678,"Male",4,0.75
27,"z0098740",17,15.0045670500409,-1.9954329499591,"Female",4,0.75
27,"z0098745",7,4.80241604945005,-2.19758395054995,"Male",4,0.75
27,"z0098746",32,27.2239741024116,-4.77602589758835,"Male",4,0.75
27,"z0102483",5,5.74701593425691,0.747015934256906,"Male",5,1
27,"z0102500",12,7.49839899971108,-4.50160100028892,"Male",4,0.75
27,"z0123188",24,22.623258595527,-1.37674140447299,"Female",5,1
27,"z0132632",34,30.5728778845096,-3.42712211549036,"Female",4,0.75
27,"z0132634",12,18.1426594130675,6.14265941306754,"Female",4,0.75
27,"z0132658",36,35.4273663641553,-0.57263363584471,"Male",4,0.75
27,"z0132660",23,21.2919734706617,-1.70802652933832,"Male",4,0.75
27,"z0160208",21,30.9361738225196,9.93617382251958,"Female",5,1
27,"z0175867",9,11.5848110554511,2.58481105545111,"Female",4,0.75
27,"z0175874",20,12.180278667502,-7.81972133249799,"Male",4,0.75
27,"z0175876",12,18.5573897126738,6.55738971267379,"Male",5,1
27,"z0175877",32,27.6782557411756,-4.3217442588244,"Female",4,0.75
27,"z0178364",10,12.0390351727463,2.03903517274627,"Female",5,1
27,"z0183541",32,29.7914123120696,-2.20858768793036,"Male",4,0.75
27,"z0183543",4,4.57814208396241,0.578142083962415,"Male",5,1
27,"z0183544",11,15.2768354776833,4.27683547768325,"Female",5,1
27,"z0186433",21,15.0227710217069,-5.9772289782931,"Male",5,1
27,"z0190863",11,12.4988097521616,1.49880975216159,"Female",5,1
27,"z0190867",7,14.4647536623675,7.46475366236745,"Female",4,0.75
27,"z0196956",13,12.3298944698766,-0.670105530123356,"Male",5,1
27,"z0198374",16,16.9552199931225,0.955219993122469,"Male",4,0.75
27,"z0198473",25,21.2195926046729,-3.78040739532709,"Male",5,1
27,"z0198474",19,26.7825235770934,7.78252357709338,"Male",5,1
28,"z0018943",10,17.8642899914498,7.86428999144978,"Female",3,1
28,"z0018944",10,15.5971676751863,5.59716767518631,"Male",3,1
28,"z0018945",22,23.2642688858246,1.26426888582462,"Female",3,1
28,"z0023316",6,9.33730653729833,3.33730653729833,"Male",4,1
28,"z0023317",25,20.1684581191854,-4.83154188081456,"Male",3,1
28,"z0023318",11,10.6551633275521,-0.344836672447885,"Female",4,1
28,"z0023319",26,18.382469396923,-7.61753060307698,"Male",4,1
28,"z0023321",11,12.8905687048061,1.89056870480608,"Female",3,1
28,"z0027453",6,14.21274059607,8.21274059606996,"Female",3,1
28,"z0027455",10,13.6684381002229,3.66843810022288,"Female",2,1
28,"z0033888",6,11.0387585777585,5.03875857775852,"Female",3,1
28,"z0033893",15,16.8004381679256,1.80043816792565,"Male",2,1
28,"z0033898",10,16.3528901545404,6.35289015454038,"Male",3,1
28,"z0033906",15,19.5672322784329,4.56723227843286,"Male",5,1
28,"z0033908",6,21.0111226606592,15.0111226606592,"Male",5,1
28,"z0041286",28,19.4202664545824,-8.57973354541761,"Male",3,1
28,"z0045921",10,20.7107682750335,10.7107682750335,"Female",2,1
28,"z0045925",24,18.8922988085352,-5.10770119146481,"Male",4,1
28,"z0045931",7,7.51868508268732,0.51868508268732,"Male",4,1
28,"z0049046",6,11.6073666712473,5.60736667124726,"Female",3,1
28,"z0049048",11,16.2225193249243,5.22251932492428,"Male",2,1
28,"z0049050",11,20.190339652173,9.19033965217297,"Male",3,1
28,"z0049051",37,18.0040771393075,-18.9959228606925,"Female",4,1
28,"z0049052",34,20.7318279858608,-13.2681720141392,"Male",4,1
28,"z0061425",26,17.049374342118,-8.95062565788202,"Male",4,1
28,"z0071016",8,14.240724910671,6.24072491067105,"Male",3,1
28,"z0075660",18,20.4189531810985,2.41895318109855,"Male",4,1
28,"z0075663",18,20.2238433016817,2.22384330168166,"Male",3,1
28,"z0075665",27,20.5841144184009,-6.41588558159913,"Female",3,1
28,"z0075676",9,14.1129093889076,5.11290938890761,"Female",4,1
28,"z0075677",4,4.92550714857314,0.925507148573144,"Female",5,1
28,"z0075678",7,13.8261100546417,6.82611005464171,"Female",4,1
28,"z0091082",7,10.1681106656355,3.16811066563547,"Female",3,1
28,"z0091085",19,16.8780422806405,-2.12195771935952,"Female",3,1
28,"z0091275",3,11.6122792457189,8.61227924571885,"Male",3,1
28,"z0091276",10,37.7641216692036,27.7641216692036,"Female",2,1
28,"z0091277",3,7.79334840312935,4.79334840312935,"Female",4,1
28,"z0091284",3,7.37135731413125,4.37135731413125,"Male",4,1
28,"z0091285",5,7.91097793440567,2.91097793440567,"Male",5,1
28,"z0091286",14,14.3265274776684,0.32652747766836,"Male",4,1
28,"z0092243",19,15.8291455787245,-3.17085442127548,"Female",4,1
28,"z0092256",5,9.26353305766633,4.26353305766633,"Male",5,1
28,"z0098734",23,17.2115811925874,-5.78841880741261,"Male",4,1
28,"z0098735",30,20.880522082624,-9.11947791737603,"Male",4,1
28,"z0098736",15,9.90544282481348,-5.09455717518652,"Female",3,1
28,"z0098737",12,14.5933485313878,2.59334853138781,"Female",5,1
28,"z0098738",19,17.0860899108242,-1.91391008917575,"Male",4,1
28,"z0098740",17,14.9962674756664,-2.00373252433358,"Female",4,1
28,"z0098744",6,12.612159176182,6.61215917618201,"Male",2,1
28,"z0098745",7,12.3086749817805,5.3086749817805,"Male",4,1
28,"z0098746",32,17.9897668410605,-14.0102331589395,"Male",4,1
28,"z0102483",5,8.02702019160878,3.02702019160878,"Male",5,1
28,"z0102484",13,15.5055448331295,2.50554483312947,"Female",3,1
28,"z0102485",21,25.1123193725493,4.11231937254925,"Male",2,1
28,"z0102500",12,13.0607046842968,1.06070468429676,"Male",4,1
28,"z0123188",24,27.0393414526181,3.03934145261811,"Female",5,1
28,"z0132631",15,16.5106069639864,1.51060696398638,"Female",3,1
28,"z0132632",34,23.134899064394,-10.865100935606,"Female",4,1
28,"z0132634",12,15.7734366435658,3.77343664356578,"Female",4,1
28,"z0132639",29,21.6252347946357,-7.37476520536433,"Female",3,1
28,"z0132641",21,17.872870200655,-3.12712979934505,"Male",3,1
28,"z0132642",11,8.02679435891364,-2.97320564108636,"Female",2,1
28,"z0132658",36,18.4192741398256,-17.5807258601744,"Male",4,1
28,"z0132659",27,23.0284947270442,-3.97150527295582,"Female",3,1
28,"z0132660",23,19.2824530714546,-3.71754692854539,"Male",4,1
28,"z0160208",21,25.6495239308773,4.64952393087733,"Female",5,1
28,"z0175867",9,16.4028229238476,7.40282292384762,"Female",4,1
28,"z0175874",20,13.0997379598073,-6.90026204019274,"Male",4,1
28,"z0175876",12,17.1281353252994,5.12813532529936,"Male",5,1
28,"z0175877",32,22.6783908926152,-9.32160910738484,"Female",4,1
28,"z0178364",10,18.0204680781643,8.02046807816435,"Female",5,1
28,"z0183541",32,19.5681727275336,-12.4318272724664,"Male",4,1
28,"z0183543",4,5.26371141444115,1.26371141444115,"Male",5,1
28,"z0183544",11,12.4128945942443,1.41289459424429,"Female",5,1
28,"z0186431",8,13.5595000643033,5.55950006430328,"Male",2,1
28,"z0186433",21,17.7085408547799,-3.29145914522006,"Male",5,1
28,"z0186434",22,19.2106757988014,-2.78932420119863,"Male",3,1
28,"z0186435",30,14.3756912772545,-15.6243087227455,"Male",3,1
28,"z0186450",4,7.79179403765999,3.79179403765999,"Male",3,1
28,"z0190863",11,15.150304108688,4.15030410868802,"Female",5,1
28,"z0190867",7,11.0710420435463,4.07104204354632,"Female",4,1
28,"z0196956",13,19.5601976340649,6.5601976340649,"Male",5,1
28,"z0198374",16,17.1515123376578,1.15151233765782,"Male",4,1
28,"z0198377",35,19.290219469686,-15.709780530314,"Female",3,1
28,"z0198473",25,20.4855280955268,-4.51447190447319,"Male",5,1
28,"z0198474",19,23.3654323303391,4.36543233033914,"Male",5,1
28,"z0198475",40,24.0434956353849,-15.9565043646151,"Male",3,1
28,"z0187739",23,24.5135208631952,1.51352086319518,"Female",3,1
28,"z0045928",22,20.5129014764652,-1.48709852353478,"Female",2,1
29,"z0018943",10,18.9964401771675,8.9964401771675,"Female",3,1
29,"z0018944",10,13.0622144249478,3.06221442494776,"Male",3,1
29,"z0018945",22,23.7563281086195,1.75632810861953,"Female",3,1
29,"z0023316",6,6.75090945329957,0.750909453299568,"Male",4,1
29,"z0023317",25,21.7251439302023,-3.27485606979769,"Male",3,1
29,"z0023318",11,12.0006551754114,1.00065517541143,"Female",4,1
29,"z0023319",26,21.3205112096677,-4.67948879033234,"Male",4,1
29,"z0023321",11,11.8976861328702,0.897686132870179,"Female",3,1
29,"z0027453",6,13.0835123247685,7.08351232476855,"Female",3,1
29,"z0033888",6,12.09540710342,6.09540710342003,"Female",3,1
29,"z0033898",10,17.7232016586003,7.7232016586003,"Male",3,1
29,"z0033906",15,24.6241019904394,9.62410199043937,"Male",5,1
29,"z0033908",6,26.4445611218465,20.4445611218465,"Male",5,1
29,"z0041286",28,26.2750699491387,-1.72493005086132,"Male",3,1
29,"z0045925",24,19.3013700989563,-4.69862990104373,"Male",4,1
29,"z0045931",7,4.29017511817075,-2.70982488182925,"Male",4,1
29,"z0049046",6,10.7039349178268,4.70393491782679,"Female",3,1
29,"z0049050",11,22.7131946392813,11.7131946392813,"Male",3,1
29,"z0049051",37,20.536704855329,-16.463295144671,"Female",4,1
29,"z0049052",34,19.9141206523389,-14.0858793476611,"Male",4,1
29,"z0061425",26,16.9188923761109,-9.08110762388908,"Male",4,1
29,"z0071016",8,15.0495269431513,7.04952694315132,"Male",3,1
29,"z0075660",18,23.4537226926546,5.4537226926546,"Male",4,1
29,"z0075663",18,21.7988202467988,3.79882024679879,"Male",3,1
29,"z0075665",27,21.8845523915838,-5.1154476084162,"Female",3,1
29,"z0075676",9,11.9574162673251,2.95741626732513,"Female",4,1
29,"z0075677",4,0.178395743224685,-3.82160425677532,"Female",5,1
29,"z0075678",7,15.5092174868004,8.50921748680043,"Female",4,1
29,"z0091082",7,7.19988641334114,0.199886413341138,"Female",3,1
29,"z0091085",19,19.7598681010484,0.75986810104844,"Female",3,1
29,"z0091275",3,9.28262115797558,6.28262115797558,"Male",3,1
29,"z0091277",3,6.72366388804912,3.72366388804912,"Female",4,1
29,"z0091284",3,1.64914366913164,-1.35085633086836,"Male",4,1
29,"z0091285",5,9.74320749007322,4.74320749007322,"Male",5,1
29,"z0091286",14,19.2875570358733,5.28755703587331,"Male",4,1
29,"z0092243",19,18.6000093508812,-0.39999064911876,"Female",4,1
29,"z0092256",5,6.53460525007738,1.53460525007738,"Male",5,1
29,"z0098734",23,17.3727307999752,-5.62726920002476,"Male",4,1
29,"z0098735",30,22.3200569572627,-7.67994304273731,"Male",4,1
29,"z0098736",15,5.76229698413159,-9.23770301586841,"Female",3,1
29,"z0098737",12,14.7827190041028,2.78271900410284,"Female",5,1
29,"z0098738",19,16.6995842873306,-2.30041571266944,"Male",4,1
29,"z0098740",17,11.7805611893738,-5.21943881062621,"Female",4,1
29,"z0098745",7,13.2819054667301,6.28190546673007,"Male",4,1
29,"z0098746",32,19.2297311345892,-12.7702688654108,"Male",4,1
29,"z0102483",5,6.14911278976024,1.14911278976024,"Male",5,1
29,"z0102484",13,15.2781333740227,2.27813337402272,"Female",3,1
29,"z0102500",12,10.3082771370569,-1.69172286294308,"Male",4,1
29,"z0123188",24,26.0928551620258,2.09285516202584,"Female",5,1
29,"z0132631",15,17.9904021607279,2.99040216072792,"Female",3,1
29,"z0132632",34,23.5272460083319,-10.4727539916681,"Female",4,1
29,"z0132634",12,16.2798146506188,4.27981465061876,"Female",4,1
29,"z0132639",29,20.9242828344442,-8.07571716555584,"Female",3,1
29,"z0132641",21,16.5175314556032,-4.48246854439677,"Male",3,1
29,"z0132658",36,18.6701893240462,-17.3298106759538,"Male",4,1
29,"z0132659",27,28.0619507177463,1.06195071774633,"Female",3,1
29,"z0132660",23,22.2412672508459,-0.758732749154053,"Male",4,1
29,"z0160208",21,29.0101837112362,8.01018371123617,"Female",5,1
29,"z0175867",9,16.9090191535138,7.90901915351381,"Female",4,1
29,"z0175874",20,14.3778352483553,-5.62216475164474,"Male",4,1
29,"z0175876",12,16.3964931068407,4.39649310684071,"Male",5,1
29,"z0175877",32,19.1544198443581,-12.8455801556419,"Female",4,1
29,"z0178364",10,16.6281884243784,6.62818842437835,"Female",5,1
29,"z0183541",32,21.9833767393325,-10.0166232606675,"Male",4,1
29,"z0183543",4,-0.27524692539533,-4.27524692539533,"Male",5,1
29,"z0183544",11,10.6034590361845,-0.396540963815543,"Female",5,1
29,"z0186433",21,18.0966929537318,-2.90330704626818,"Male",5,1
29,"z0186434",22,18.0038987071214,-3.99610129287864,"Male",3,1
29,"z0186435",30,14.4226642690709,-15.5773357309291,"Male",3,1
29,"z0186450",4,8.80659009663161,4.80659009663161,"Male",3,1
29,"z0190863",11,16.4876128451275,5.48761284512748,"Female",5,1
29,"z0190867",7,10.7665692573919,3.76656925739195,"Female",4,1
29,"z0196956",13,22.8255360635136,9.82553606351361,"Male",5,1
29,"z0198374",16,18.943534400512,2.94353440051201,"Male",4,1
29,"z0198377",35,22.9308671873526,-12.0691328126474,"Female",3,1
29,"z0198473",25,24.5879982964635,-0.412001703536482,"Male",5,1
29,"z0198474",19,28.6463352549583,9.64633525495831,"Male",5,1
29,"z0198475",40,24.1002798595869,-15.8997201404131,"Male",3,1
29,"z0187739",23,25.886028167773,2.88602816777302,"Female",3,1
30,"z0023316",6,7.08883668901442,1.08883668901442,"Male",4,1
30,"z0023318",11,12.3792563055732,1.3792563055732,"Female",4,1
30,"z0023319",26,24.0068077877224,-1.99319221227762,"Male",4,1
30,"z0033906",15,17.8831499087698,2.88314990876981,"Male",5,1
30,"z0033908",6,25.7507624893013,19.7507624893013,"Male",5,1
30,"z0045925",24,23.5871546369923,-0.412845363007694,"Male",4,1
30,"z0045931",7,6.60994849248031,-0.390051507519687,"Male",4,1
30,"z0049051",37,23.0380155732505,-13.9619844267495,"Female",4,1
30,"z0049052",34,21.5352146584809,-12.4647853415191,"Male",4,1
30,"z0061425",26,17.0860800204575,-8.91391997954253,"Male",4,1
30,"z0075660",18,24.0105092792228,6.01050927922281,"Male",4,1
30,"z0075676",9,12.4047230703195,3.40472307031951,"Female",4,1
30,"z0075677",4,10.2559023863836,6.25590238638365,"Female",5,1
30,"z0075678",7,13.2123854845502,6.21238548455018,"Female",4,1
30,"z0091277",3,9.16605612353887,6.16605612353887,"Female",4,1
30,"z0091284",3,3.34625749001855,0.34625749001855,"Male",4,1
30,"z0091285",5,6.81579375075102,1.81579375075102,"Male",5,1
30,"z0091286",14,14.5037704402041,0.503770440204086,"Male",4,1
30,"z0092243",19,18.3504823186634,-0.649517681336565,"Female",4,1
30,"z0092256",5,9.21112993696525,4.21112993696525,"Male",5,1
30,"z0098734",23,23.1767783201576,0.17677832015756,"Male",4,1
30,"z0098735",30,20.2460783999265,-9.75392160007349,"Male",4,1
30,"z0098737",12,14.801195757101,2.80119575710097,"Female",5,1
30,"z0098738",19,15.3871156440735,-3.61288435592651,"Male",4,1
30,"z0098740",17,9.99143002223745,-7.00856997776255,"Female",4,1
30,"z0098745",7,14.2040608918067,7.20406089180669,"Male",4,1
30,"z0098746",32,20.1949960087281,-11.8050039912719,"Male",4,1
30,"z0102483",5,8.28161466453438,3.28161466453438,"Male",5,1
30,"z0102500",12,9.59318366191022,-2.40681633808978,"Male",4,1
30,"z0123188",24,29.4415220560457,5.44152205604575,"Female",5,1
30,"z0132632",34,24.4144332625059,-9.58556673749411,"Female",4,1
30,"z0132634",12,17.1739752471176,5.17397524711756,"Female",4,1
30,"z0132658",36,20.3409343477792,-15.6590656522208,"Male",4,1
30,"z0132660",23,21.2857429980425,-1.7142570019575,"Male",4,1
30,"z0160208",21,34.5675051407585,13.5675051407585,"Female",5,1
30,"z0175867",9,17.4612409925531,8.46124099255307,"Female",4,1
30,"z0175874",20,11.4615944479928,-8.53840555200723,"Male",4,1
30,"z0175876",12,19.3364197545841,7.33641975458406,"Male",5,1
30,"z0175877",32,25.3613832397438,-6.63861676025624,"Female",4,1
30,"z0178364",10,22.0135447279415,12.0135447279415,"Female",5,1
30,"z0183541",32,25.111118270316,-6.888881729684,"Male",4,1
30,"z0183543",4,2.66151677001473,-1.33848322998527,"Male",5,1
30,"z0183544",11,10.1425186461791,-0.85748135382088,"Female",5,1
30,"z0186433",21,15.0546069100726,-5.94539308992739,"Male",5,1
30,"z0190863",11,15.0985542210039,4.0985542210039,"Female",5,1
30,"z0190867",7,12.3539540841749,5.35395408417486,"Female",4,1
30,"z0196956",13,15.4933721392067,2.49337213920673,"Male",5,1
30,"z0198374",16,15.0015837484722,-0.998416251527782,"Male",4,1
30,"z0198473",25,20.7913507213701,-4.20864927862991,"Male",5,1
30,"z0198474",19,31.5552462071638,12.5552462071638,"Male",5,1
31,"z0018943",10,17.2814719420081,7.28147194200813,"Female",3,0.6
31,"z0018944",10,15.3657305593013,5.36573055930126,"Male",3,0.6
31,"z0018945",22,22.2182196906696,0.218219690669571,"Female",3,0.6
31,"z0023316",6,9.06098867745543,3.06098867745543,"Male",4,0.8
31,"z0023317",25,20.6016082012909,-4.39839179870908,"Male",3,0.6
31,"z0023318",11,10.4748261703069,-0.525173829693127,"Female",4,0.8
31,"z0023319",26,18.345843493814,-7.65415650618601,"Male",4,0.8
31,"z0023321",11,12.3741926688328,1.37419266883283,"Female",3,0.6
31,"z0027453",6,13.6048555400148,7.60485554001483,"Female",3,0.6
31,"z0027455",10,13.7029455995361,3.70294559953614,"Female",2,0.4
31,"z0033888",6,10.9439984835648,4.94399848356484,"Female",3,0.6
31,"z0033893",15,16.4056495065833,1.40564950658332,"Male",2,0.4
31,"z0033898",10,17.2476150538615,7.2476150538615,"Male",3,0.6
31,"z0033906",15,20.541055915792,5.54105591579199,"Male",5,1
31,"z0033908",6,21.4367410694864,15.4367410694864,"Male",5,1
31,"z0041286",28,19.2112739160361,-8.78872608396386,"Male",3,0.6
31,"z0045921",10,20.3255598982443,10.3255598982443,"Female",2,0.4
31,"z0045925",24,20.0732385737599,-3.92676142624012,"Male",4,0.8
31,"z0045931",7,5.2049988426758,-1.7950011573242,"Male",4,0.8
31,"z0049046",6,12.9716055203664,6.97160552036642,"Female",3,0.6
31,"z0049048",11,16.532616851908,5.53261685190797,"Male",2,0.4
31,"z0049050",11,21.2483022268467,10.2483022268467,"Male",3,0.6
31,"z0049051",37,18.9273922805534,-18.0726077194466,"Female",4,0.8
31,"z0049052",34,22.1998146752605,-11.8001853247395,"Male",4,0.8
31,"z0061425",26,17.3485725609887,-8.6514274390113,"Male",4,0.8
31,"z0071016",8,16.0862088547392,8.0862088547392,"Male",3,0.6
31,"z0075660",18,21.7287013580044,3.72870135800445,"Male",4,0.8
31,"z0075663",18,19.072052892428,1.07205289242798,"Male",3,0.6
31,"z0075665",27,20.3648133393053,-6.63518666069471,"Female",3,0.6
31,"z0075676",9,13.5264235327404,4.52642353274041,"Female",4,0.8
31,"z0075677",4,5.18290934206051,1.18290934206051,"Female",5,1
31,"z0075678",7,14.0701133861269,7.0701133861269,"Female",4,0.8
31,"z0091082",7,9.40122430643905,2.40122430643905,"Female",3,0.6
31,"z0091085",19,18.1367603788546,-0.863239621145389,"Female",3,0.6
31,"z0091275",3,11.1970842829793,8.19708428297933,"Male",3,0.6
31,"z0091276",10,36.8867602743248,26.8867602743248,"Female",2,0.4
31,"z0091277",3,6.62151759081716,3.62151759081716,"Female",4,0.8
31,"z0091284",3,5.7555939534653,2.7555939534653,"Male",4,0.8
31,"z0091285",5,7.8899937785034,2.8899937785034,"Male",5,1
31,"z0091286",14,14.8421105354131,0.842110535413058,"Male",4,0.8
31,"z0092243",19,17.7553484847728,-1.24465151522722,"Female",4,0.8
31,"z0092256",5,8.64971443520821,3.64971443520821,"Male",5,1
31,"z0098734",23,16.5908992242409,-6.40910077575907,"Male",4,0.8
31,"z0098735",30,21.4456583946403,-8.55434160535974,"Male",4,0.8
31,"z0098736",15,9.9380966862355,-5.0619033137645,"Female",3,0.6
31,"z0098737",12,14.977095111567,2.97709511156698,"Female",5,1
31,"z0098738",19,16.3360132108135,-2.66398678918646,"Male",4,0.8
31,"z0098740",17,13.9584795708588,-3.04152042914118,"Female",4,0.8
31,"z0098744",6,11.8698863125563,5.8698863125563,"Male",2,0.4
31,"z0098745",7,12.7375986916778,5.73759869167785,"Male",4,0.8
31,"z0098746",32,18.1750483513266,-13.8249516486734,"Male",4,0.8
31,"z0102483",5,9.00845891764902,4.00845891764902,"Male",5,1
31,"z0102484",13,15.354696833346,2.35469683334601,"Female",3,0.6
31,"z0102485",21,24.1251354386689,3.12513543866894,"Male",2,0.4
31,"z0102500",12,12.7300095162212,0.730009516221248,"Male",4,0.8
31,"z0123188",24,26.021029621344,2.02102962134401,"Female",5,1
31,"z0132631",15,17.492268427311,2.49226842731099,"Female",3,0.6
31,"z0132632",34,22.5991528095145,-11.4008471904855,"Female",4,0.8
31,"z0132634",12,15.1977419030942,3.19774190309423,"Female",4,0.8
31,"z0132639",29,20.3611032838442,-8.63889671615582,"Female",3,0.6
31,"z0132641",21,18.9157585973059,-2.0842414026941,"Male",3,0.6
31,"z0132642",11,7.66256931869019,-3.33743068130981,"Female",2,0.4
31,"z0132658",36,17.5723132258887,-18.4276867741113,"Male",4,0.8
31,"z0132659",27,23.397975107771,-3.60202489222899,"Female",3,0.6
31,"z0132660",23,20.175541543497,-2.82445845650295,"Male",4,0.8
31,"z0160208",21,25.3373131900156,4.33731319001563,"Female",5,1
31,"z0175867",9,16.6967083037477,7.69670830374766,"Female",4,0.8
31,"z0175874",20,13.2914533806112,-6.70854661938879,"Male",4,0.8
31,"z0175876",12,17.2009192402224,5.20091924022243,"Male",5,1
31,"z0175877",32,22.3507695536597,-9.64923044634035,"Female",4,0.8
31,"z0178364",10,18.8464926546472,8.8464926546472,"Female",5,1
31,"z0183541",32,20.3202419267287,-11.6797580732713,"Male",4,0.8
31,"z0183543",4,4.64281757353336,0.642817573533362,"Male",5,1
31,"z0183544",11,12.286751536272,1.28675153627198,"Female",5,1
31,"z0186431",8,12.8016751662523,4.80167516625228,"Male",2,0.4
31,"z0186433",21,18.2038969211514,-2.79610307884858,"Male",5,1
31,"z0186434",22,18.7735271404331,-3.22647285956691,"Male",3,0.6
31,"z0186435",30,13.3101650149742,-16.6898349850258,"Male",3,0.6
31,"z0186450",4,8.7942747274051,4.7942747274051,"Male",3,0.6
31,"z0190863",11,16.0829495096666,5.08294950966665,"Female",5,1
31,"z0190867",7,11.0652242250521,4.06522422505207,"Female",4,0.8
31,"z0196956",13,19.5064501426648,6.5064501426648,"Male",5,1
31,"z0198374",16,17.5143996199113,1.51439961991131,"Male",4,0.8
31,"z0198377",35,20.6516477949938,-14.3483522050062,"Female",3,0.6
31,"z0198473",25,20.9536255531961,-4.04637444680388,"Male",5,1
31,"z0198474",19,25.8075369667235,6.80753696672349,"Male",5,1
31,"z0198475",40,24.5152992252036,-15.4847007747964,"Male",3,0.6
31,"z0187739",23,24.2759254161328,1.27592541613279,"Female",3,0.6
31,"z0045928",22,20.5385868364302,-1.46141316356976,"Female",2,0.4
32,"z0018943",10,20.7250077306521,10.7250077306521,"Female",3,0.6
32,"z0018944",10,12.7608412550431,2.76084125504313,"Male",3,0.6
32,"z0018945",22,26.0510721393795,4.05107213937949,"Female",3,0.6
32,"z0023316",6,8.56867668083134,2.56867668083134,"Male",4,0.8
32,"z0023317",25,21.3121954145325,-3.68780458546748,"Male",3,0.6
32,"z0023318",11,12.1452376899424,1.14523768994243,"Female",4,0.8
32,"z0023319",26,20.3210287703232,-5.67897122967678,"Male",4,0.8
32,"z0023321",11,11.9981186382153,0.998118638215347,"Female",3,0.6
32,"z0027453",6,13.250889367711,7.25088936771101,"Female",3,0.6
32,"z0033888",6,13.0415089735885,7.04150897358853,"Female",3,0.6
32,"z0033898",10,18.5232164018577,8.52321640185773,"Male",3,0.6
32,"z0033906",15,23.0652248607667,8.06522486076666,"Male",5,1
32,"z0033908",6,25.0488546591687,19.0488546591687,"Male",5,1
32,"z0041286",28,23.6120144775059,-4.38798552249407,"Male",3,0.6
32,"z0045925",24,20.5792720909839,-3.42072790901613,"Male",4,0.8
32,"z0045931",7,5.43593346840447,-1.56406653159553,"Male",4,0.8
32,"z0049046",6,11.1544657099774,5.1544657099774,"Female",3,0.6
32,"z0049050",11,23.5163730443003,12.5163730443003,"Male",3,0.6
32,"z0049051",37,20.77268454966,-16.22731545034,"Female",4,0.8
32,"z0049052",34,23.2933477109465,-10.7066522890535,"Male",4,0.8
32,"z0061425",26,16.8363089143337,-9.16369108566627,"Male",4,0.8
32,"z0071016",8,15.9309764009728,7.93097640097279,"Male",3,0.6
32,"z0075660",18,22.7253624496599,4.72536244965992,"Male",4,0.8
32,"z0075663",18,20.6538148820754,2.65381488207543,"Male",3,0.6
32,"z0075665",27,21.7092541185282,-5.29074588147177,"Female",3,0.6
32,"z0075676",9,11.7010366839473,2.70103668394734,"Female",4,0.8
32,"z0075677",4,2.8292332106134,-1.1707667893866,"Female",5,1
32,"z0075678",7,14.4704866022288,7.47048660222876,"Female",4,0.8
32,"z0091082",7,7.56970404017968,0.569704040179683,"Female",3,0.6
32,"z0091085",19,18.9783338501026,-0.0216661498973991,"Female",3,0.6
32,"z0091275",3,8.47022483525192,5.47022483525192,"Male",3,0.6
32,"z0091277",3,8.4273987501315,5.4273987501315,"Female",4,0.8
32,"z0091284",3,0.875651401145263,-2.12434859885474,"Male",4,0.8
32,"z0091285",5,8.51340083924035,3.51340083924035,"Male",5,1
32,"z0091286",14,19.2727071573986,5.2727071573986,"Male",4,0.8
32,"z0092243",19,18.2390068038031,-0.760993196196875,"Female",4,0.8
32,"z0092256",5,6.33096443853541,1.33096443853541,"Male",5,1
32,"z0098734",23,17.3697031010003,-5.63029689899968,"Male",4,0.8
32,"z0098735",30,21.7038903690783,-8.29610963092174,"Male",4,0.8
32,"z0098736",15,7.17194336083839,-7.82805663916161,"Female",3,0.6
32,"z0098737",12,14.1905186526885,2.1905186526885,"Female",5,1
32,"z0098738",19,16.199342692685,-2.80065730731498,"Male",4,0.8
32,"z0098740",17,11.8364263426998,-5.16357365730015,"Female",4,0.8
32,"z0098745",7,13.3818683910411,6.38186839104106,"Male",4,0.8
32,"z0098746",32,18.8654735720023,-13.1345264279977,"Male",4,0.8
32,"z0102483",5,6.66805477864563,1.66805477864563,"Male",5,1
32,"z0102484",13,14.8910491930133,1.89104919301327,"Female",3,0.6
32,"z0102500",12,10.2656062679226,-1.73439373207742,"Male",4,0.8
32,"z0123188",24,25.9913036234494,1.99130362344942,"Female",5,1
32,"z0132631",15,17.9075753671669,2.90757536716688,"Female",3,0.6
32,"z0132632",34,22.5888567828274,-11.4111432171726,"Female",4,0.8
32,"z0132634",12,16.0574526492493,4.05745264924927,"Female",4,0.8
32,"z0132639",29,20.4324412871881,-8.56755871281191,"Female",3,0.6
32,"z0132641",21,15.8269336423977,-5.17306635760228,"Male",3,0.6
32,"z0132658",36,18.3863907529463,-17.6136092470537,"Male",4,0.8
32,"z0132659",27,28.0346808480981,1.03468084809806,"Female",3,0.6
32,"z0132660",23,21.9959188657152,-1.00408113428479,"Male",4,0.8
32,"z0160208",21,29.0404886657113,8.04048866571126,"Female",5,1
32,"z0175867",9,16.4999910980448,7.49999109804476,"Female",4,0.8
32,"z0175874",20,15.4862151290862,-4.51378487091382,"Male",4,0.8
32,"z0175876",12,16.5744929424107,4.57449294241069,"Male",5,1
32,"z0175877",32,21.4357894584454,-10.5642105415546,"Female",4,0.8
32,"z0178364",10,17.7477680883312,7.74776808833121,"Female",5,1
32,"z0183541",32,22.2055543433761,-9.79444565662388,"Male",4,0.8
32,"z0183543",4,0.118157011165644,-3.88184298883436,"Male",5,1
32,"z0183544",11,11.5480131957006,0.5480131957006,"Female",5,1
32,"z0186433",21,17.9735733801288,-3.02642661987124,"Male",5,1
32,"z0186434",22,18.2623855902009,-3.73761440979909,"Male",3,0.6
32,"z0186435",30,13.3309470918964,-16.6690529081036,"Male",3,0.6
32,"z0186450",4,10.4013135016683,6.40131350166826,"Male",3,0.6
32,"z0190863",11,17.6521370244621,6.65213702446205,"Female",5,1
32,"z0190867",7,9.78913526551604,2.78913526551604,"Female",4,0.8
32,"z0196956",13,20.8267360006108,7.82673600061078,"Male",5,1
32,"z0198374",16,17.1653623772559,1.16536237725595,"Male",4,0.8
32,"z0198377",35,22.3615677450251,-12.6384322549749,"Female",3,0.6
32,"z0198473",25,23.413600049465,-1.58639995053504,"Male",5,1
32,"z0198474",19,26.6621766338207,7.66217663382065,"Male",5,1
32,"z0198475",40,23.5353551582949,-16.4646448417051,"Male",3,0.6
32,"z0187739",23,25.6072843651692,2.60728436516921,"Female",3,0.6
33,"z0023316",6,8.19454841448648,2.19454841448648,"Male",4,0.8
33,"z0023318",11,13.3348859299214,2.33488592992137,"Female",4,0.8
33,"z0023319",26,20.5331134390979,-5.46688656090209,"Male",4,0.8
33,"z0033906",15,19.4747557280151,4.47475572801513,"Male",5,1
33,"z0033908",6,24.4090926556504,18.4090926556504,"Male",5,1
33,"z0045925",24,23.4056542070729,-0.594345792927147,"Male",4,0.8
33,"z0045931",7,6.98634317747955,-0.0136568225204483,"Male",4,0.8
33,"z0049051",37,21.609328676644,-15.390671323356,"Female",4,0.8
33,"z0049052",34,20.8448420713351,-13.1551579286649,"Male",4,0.8
33,"z0061425",26,16.3973175616687,-9.60268243833129,"Male",4,0.8
33,"z0075660",18,23.7840901358108,5.78409013581079,"Male",4,0.8
33,"z0075676",9,9.29491292559507,0.294912925595069,"Female",4,0.8
33,"z0075677",4,12.4178581388542,8.41785813885424,"Female",5,1
33,"z0075678",7,11.7053881992474,4.70538819924742,"Female",4,0.8
33,"z0091277",3,10.3864316070827,7.38643160708273,"Female",4,0.8
33,"z0091284",3,1.85003109835222,-1.14996890164778,"Male",4,0.8
33,"z0091285",5,7.46062786080023,2.46062786080023,"Male",5,1
33,"z0091286",14,14.9024863501396,0.902486350139565,"Male",4,0.8
33,"z0092243",19,19.0152584787003,0.0152584787002752,"Female",4,0.8
33,"z0092256",5,9.70708846838262,4.70708846838262,"Male",5,1
33,"z0098734",23,19.0957648927157,-3.90423510728432,"Male",4,0.8
33,"z0098735",30,21.8920718961005,-8.10792810389951,"Male",4,0.8
33,"z0098737",12,14.5940355229071,2.59403552290712,"Female",5,1
33,"z0098738",19,14.4378291803652,-4.56217081963482,"Male",4,0.8
33,"z0098740",17,8.99054265370851,-8.00945734629149,"Female",4,0.8
33,"z0098745",7,13.7837504861647,6.78375048616469,"Male",4,0.8
33,"z0098746",32,19.8285525559759,-12.1714474440241,"Male",4,0.8
33,"z0102483",5,8.81036529297896,3.81036529297896,"Male",5,1
33,"z0102500",12,7.03942748337481,-4.96057251662519,"Male",4,0.8
33,"z0123188",24,28.2753282027333,4.27532820273326,"Female",5,1
33,"z0132632",34,24.7964522959724,-9.20354770402756,"Female",4,0.8
33,"z0132634",12,17.776029488183,5.77602948818303,"Female",4,0.8
33,"z0132658",36,19.8783176336472,-16.1216823663528,"Male",4,0.8
33,"z0132660",23,21.7163365518345,-1.2836634481655,"Male",4,0.8
33,"z0160208",21,34.9964803116336,13.9964803116336,"Female",5,1
33,"z0175867",9,18.3213588418892,9.32135884188921,"Female",4,0.8
33,"z0175874",20,13.9046779296135,-6.09532207038653,"Male",4,0.8
33,"z0175876",12,22.066367459865,10.066367459865,"Male",5,1
33,"z0175877",32,25.4207205550902,-6.57927944490983,"Female",4,0.8
33,"z0178364",10,22.4171276374983,12.4171276374983,"Female",5,1
33,"z0183541",32,22.5765060293775,-9.4234939706225,"Male",4,0.8
33,"z0183543",4,2.15237807421881,-1.84762192578119,"Male",5,1
33,"z0183544",11,11.0858094740509,0.0858094740508513,"Female",5,1
33,"z0186433",21,13.7140363830106,-7.28596361698937,"Male",5,1
33,"z0190863",11,15.942690851074,4.94269085107401,"Female",5,1
33,"z0190867",7,12.4153277579477,5.41532775794767,"Female",4,0.8
33,"z0196956",13,15.4849371696037,2.48493716960373,"Male",5,1
33,"z0198374",16,14.2049624137341,-1.79503758626591,"Male",4,0.8
33,"z0198473",25,21.7805870060064,-3.21941299399363,"Male",5,1
33,"z0198474",19,31.615185246788,12.615185246788,"Male",5,1
34,"z0018943",10,17.2692478154836,7.26924781548356,"Female",3,0.55
34,"z0018944",10,15.4069097927573,5.40690979275726,"Male",3,0.55
34,"z0018945",22,22.8488188894237,0.848818889423679,"Female",3,0.55
34,"z0023316",6,9.00079726162186,3.00079726162186,"Male",4,0.75
34,"z0023317",25,21.3551408697692,-3.6448591302308,"Male",3,0.55
34,"z0023318",11,11.4104096853176,0.410409685317566,"Female",4,0.75
34,"z0023319",26,18.4730600061909,-7.52693999380911,"Male",4,0.75
34,"z0023321",11,12.1005758642386,1.10057586423856,"Female",3,0.55
34,"z0027453",6,13.1172727959591,7.11727279595914,"Female",3,0.55
34,"z0027455",10,13.4856927701508,3.4856927701508,"Female",2,0.2
34,"z0033888",6,10.7723974851491,4.77239748514907,"Female",3,0.55
34,"z0033893",15,18.7695637658236,3.76956376582362,"Male",2,0.2
34,"z0033898",10,15.5075073550984,5.50750735509836,"Male",3,0.55
34,"z0033906",15,21.5705238079719,6.57052380797187,"Male",5,1
34,"z0033908",6,25.9730993389212,19.9730993389212,"Male",5,1
34,"z0041286",28,20.6388408330776,-7.36115916692238,"Male",3,0.55
34,"z0045921",10,20.2825473609083,10.2825473609083,"Female",2,0.2
34,"z0045925",24,19.5064699127367,-4.49353008726327,"Male",4,0.75
34,"z0045931",7,6.22359291080024,-0.776407089199763,"Male",4,0.75
34,"z0049046",6,13.0403915394103,7.04039153941029,"Female",3,0.55
34,"z0049048",11,14.3890501963133,3.38905019631333,"Male",2,0.2
34,"z0049050",11,21.8985694477443,10.8985694477443,"Male",3,0.55
34,"z0049051",37,18.800330064818,-18.199669935182,"Female",4,0.75
34,"z0049052",34,22.77078144663,-11.22921855337,"Male",4,0.75
34,"z0061425",26,15.7457009359234,-10.2542990640766,"Male",4,0.75
34,"z0071016",8,14.8981369717009,6.89813697170091,"Male",3,0.55
34,"z0075660",18,22.0726333636667,4.07263336366675,"Male",4,0.75
34,"z0075663",18,22.8139661101758,4.81396611017576,"Male",3,0.55
34,"z0075665",27,20.2073964738118,-6.79260352618818,"Female",3,0.55
34,"z0075676",9,13.0681598003573,4.06815980035725,"Female",4,0.75
34,"z0075677",4,0.885540418013902,-3.1144595819861,"Female",5,1
34,"z0075678",7,14.7722918309557,7.7722918309557,"Female",4,0.75
34,"z0091082",7,9.25511661780051,2.25511661780051,"Female",3,0.55
34,"z0091085",19,18.4440305576057,-0.555969442394264,"Female",3,0.55
34,"z0091275",3,8.42158481178274,5.42158481178274,"Male",3,0.55
34,"z0091276",10,40.7610414006776,30.7610414006776,"Female",2,0.2
34,"z0091277",3,7.30625281232518,4.30625281232518,"Female",4,0.75
34,"z0091284",3,6.40492919485235,3.40492919485235,"Male",4,0.75
34,"z0091285",5,7.36832335445256,2.36832335445256,"Male",5,1
34,"z0091286",14,14.9375367121392,0.93753671213916,"Male",4,0.75
34,"z0092243",19,17.6503055553427,-1.34969444465726,"Female",4,0.75
34,"z0092256",5,8.19130167866097,3.19130167866097,"Male",5,1
34,"z0098734",23,16.3702695654738,-6.62973043452622,"Male",4,0.75
34,"z0098735",30,21.9628021181494,-8.03719788185062,"Male",4,0.75
34,"z0098736",15,9.07259670313716,-5.92740329686284,"Female",3,0.55
34,"z0098737",12,15.6978368669911,3.69783686699106,"Female",5,1
34,"z0098738",19,16.0675126994493,-2.93248730055072,"Male",4,0.75
34,"z0098740",17,13.9871942825368,-3.01280571746318,"Female",4,0.75
34,"z0098744",6,11.9807392281958,5.98073922819584,"Male",2,0.2
34,"z0098745",7,13.3437011701226,6.34370117012257,"Male",4,0.75
34,"z0098746",32,17.3996570853094,-14.6003429146906,"Male",4,0.75
34,"z0102483",5,7.93212660615963,2.93212660615963,"Male",5,1
34,"z0102484",13,15.8300738594139,2.83007385941392,"Female",3,0.55
34,"z0102485",21,25.187566525543,4.18756652554303,"Male",2,0.2
34,"z0102500",12,12.7538027119255,0.753802711925493,"Male",4,0.75
34,"z0123188",24,26.5099287203525,2.50992872035251,"Female",5,1
34,"z0132631",15,17.6396144597799,2.63961445977993,"Female",3,0.55
34,"z0132632",34,22.2487080887809,-11.7512919112191,"Female",4,0.75
34,"z0132634",12,15.4660606176753,3.4660606176753,"Female",4,0.75
34,"z0132639",29,19.905729154542,-9.09427084545796,"Female",3,0.55
34,"z0132641",21,15.7499139935369,-5.25008600646312,"Male",3,0.55
34,"z0132642",11,7.03415739130815,-3.96584260869185,"Female",2,0.2
34,"z0132658",36,17.6108604134753,-18.3891395865247,"Male",4,0.75
34,"z0132659",27,24.0887285802595,-2.91127141974052,"Female",3,0.55
34,"z0132660",23,21.2293174005925,-1.77068259940752,"Male",4,0.75
34,"z0160208",21,26.6798009732407,5.67980097324069,"Female",5,1
34,"z0175867",9,17.3967513655804,8.39675136558039,"Female",4,0.75
34,"z0175874",20,15.1892554429462,-4.81074455705377,"Male",4,0.75
34,"z0175876",12,15.2878375720042,3.28783757200417,"Male",5,1
34,"z0175877",32,24.8288867847531,-7.17111321524688,"Female",4,0.75
34,"z0178364",10,19.6621923009148,9.66219230091483,"Female",5,1
34,"z0183541",32,20.8240950719171,-11.1759049280829,"Male",4,0.75
34,"z0183543",4,3.9002592146263,-0.0997407853737027,"Male",5,1
34,"z0183544",11,12.103631988056,1.10363198805603,"Female",5,1
34,"z0186431",8,12.4658698617548,4.46586986175484,"Male",2,0.2
34,"z0186433",21,18.609535645772,-2.39046435422802,"Male",5,1
34,"z0186434",22,18.697188539979,-3.30281146002095,"Male",3,0.55
34,"z0186435",30,13.0733094436943,-16.9266905563057,"Male",3,0.55
34,"z0186450",4,9.55002990747234,5.55002990747234,"Male",3,0.55
34,"z0190863",11,16.8580598567954,5.85805985679544,"Female",5,1
34,"z0190867",7,10.8437787390463,3.8437787390463,"Female",4,0.75
34,"z0196956",13,19.7021888655141,6.70218886551412,"Male",5,1
34,"z0198374",16,17.4777164275676,1.47771642756759,"Male",4,0.75
34,"z0198377",35,20.7716822860155,-14.2283177139845,"Female",3,0.55
34,"z0198473",25,21.763959984053,-3.23604001594702,"Male",5,1
34,"z0198474",19,26.0090419128508,7.00904191285076,"Male",5,1
34,"z0198475",40,24.6935583653256,-15.3064416346744,"Male",3,0.55
34,"z0187739",23,25.7951492645323,2.7951492645323,"Female",3,0.55
34,"z0045928",22,21.3563054440635,-0.643694555936538,"Female",2,0.2
35,"z0018943",10,21.8587660905546,11.8587660905546,"Female",3,0.55
35,"z0018944",10,14.6045696664957,4.60456966649568,"Male",3,0.55
35,"z0018945",22,23.2016085982075,1.20160859820746,"Female",3,0.55
35,"z0023316",6,8.5995441930006,2.5995441930006,"Male",4,0.75
35,"z0023317",25,20.3597231807474,-4.64027681925264,"Male",3,0.55
35,"z0023318",11,12.0195056470461,1.0195056470461,"Female",4,0.75
35,"z0023319",26,20.2337051013773,-5.76629489862271,"Male",4,0.75
35,"z0023321",11,7.96530971549475,-3.03469028450525,"Female",3,0.55
35,"z0027453",6,13.0061743340859,7.00617433408591,"Female",3,0.55
35,"z0033888",6,12.5311168148501,6.53111681485013,"Female",3,0.55
35,"z0033898",10,18.3565266723435,8.35652667234355,"Male",3,0.55
35,"z0033906",15,23.6349666454242,8.63496664542416,"Male",5,1
35,"z0033908",6,25.5562953904404,19.5562953904404,"Male",5,1
35,"z0041286",28,25.7460673208651,-2.25393267913494,"Male",3,0.55
35,"z0045925",24,21.1958082967328,-2.80419170326723,"Male",4,0.75
35,"z0045931",7,4.78260466523331,-2.21739533476669,"Male",4,0.75
35,"z0049046",6,10.3928436997112,4.3928436997112,"Female",3,0.55
35,"z0049050",11,23.1935191388262,12.1935191388262,"Male",3,0.55
35,"z0049051",37,22.1669054884219,-14.8330945115781,"Female",4,0.75
35,"z0049052",34,24.532471868148,-9.46752813185198,"Male",4,0.75
35,"z0061425",26,16.7510451864532,-9.24895481354679,"Male",4,0.75
35,"z0071016",8,16.2908828005269,8.29088280052687,"Male",3,0.55
35,"z0075660",18,23.4318037971979,5.43180379719794,"Male",4,0.75
35,"z0075663",18,23.2073042705223,5.20730427052233,"Male",3,0.55
35,"z0075665",27,24.470115968644,-2.52988403135602,"Female",3,0.55
35,"z0075676",9,11.8051911013136,2.80519110131359,"Female",4,0.75
35,"z0075677",4,1.43122443706379,-2.56877556293621,"Female",5,1
35,"z0075678",7,14.2796785870388,7.27967858703876,"Female",4,0.75
35,"z0091082",7,6.22782079946068,-0.772179200539323,"Female",3,0.55
35,"z0091085",19,19.1337198812554,0.133719881255423,"Female",3,0.55
35,"z0091275",3,5.24480847703661,2.24480847703661,"Male",3,0.55
35,"z0091277",3,9.68691317623638,6.68691317623638,"Female",4,0.75
35,"z0091284",3,2.78483812913705,-0.215161870862945,"Male",4,0.75
35,"z0091285",5,9.33531654182968,4.33531654182968,"Male",5,1
35,"z0091286",14,14.4153572066788,0.41535720667879,"Male",4,0.75
35,"z0092243",19,18.3325354332464,-0.667464566753559,"Female",4,0.75
35,"z0092256",5,7.61113255346086,2.61113255346086,"Male",5,1
35,"z0098734",23,17.5432004068592,-5.45679959314085,"Male",4,0.75
35,"z0098735",30,21.5634404783911,-8.43655952160895,"Male",4,0.75
35,"z0098736",15,6.06179754474413,-8.93820245525587,"Female",3,0.55
35,"z0098737",12,14.0623384601402,2.06233846014024,"Female",5,1
35,"z0098738",19,16.110803373678,-2.88919662632197,"Male",4,0.75
35,"z0098740",17,11.2354310752552,-5.76456892474484,"Female",4,0.75
35,"z0098745",7,13.8703062935739,6.8703062935739,"Male",4,0.75
35,"z0098746",32,18.0290062029854,-13.9709937970146,"Male",4,0.75
35,"z0102483",5,6.6082633549284,1.6082633549284,"Male",5,1
35,"z0102484",13,14.3478251627657,1.34782516276574,"Female",3,0.55
35,"z0102500",12,10.3697676429523,-1.63023235704769,"Male",4,0.75
35,"z0123188",24,26.0812210010668,2.08122100106683,"Female",5,1
35,"z0132631",15,18.3197620524679,3.31976205246791,"Female",3,0.55
35,"z0132632",34,22.570497511518,-11.429502488482,"Female",4,0.75
35,"z0132634",12,16.2233358719168,4.22333587191684,"Female",4,0.75
35,"z0132639",29,20.0542978742117,-8.94570212578828,"Female",3,0.55
35,"z0132641",21,20.1797546082284,-0.820245391771614,"Male",3,0.55
35,"z0132658",36,18.6630740789238,-17.3369259210762,"Male",4,0.75
35,"z0132659",27,28.7772390390058,1.77723903900582,"Female",3,0.55
35,"z0132660",23,20.8008911214152,-2.19910887858483,"Male",4,0.75
35,"z0160208",21,29.4781493607954,8.47814936079541,"Female",5,1
35,"z0175867",9,16.1744063819994,7.17440638199939,"Female",4,0.75
35,"z0175874",20,15.4623902314253,-4.53760976857474,"Male",4,0.75
35,"z0175876",12,16.3419994354019,4.34199943540189,"Male",5,1
35,"z0175877",32,20.1323094075282,-11.8676905924718,"Female",4,0.75
35,"z0178364",10,19.0384547034191,9.03845470341906,"Female",5,1
35,"z0183541",32,22.0947167164561,-9.90528328354388,"Male",4,0.75
35,"z0183543",4,-0.867645340061466,-4.86764534006147,"Male",5,1
35,"z0183544",11,10.4850988123522,-0.514901187647832,"Female",5,1
35,"z0186433",21,18.1432831828343,-2.85671681716567,"Male",5,1
35,"z0186434",22,18.5411644140524,-3.45883558594759,"Male",3,0.55
35,"z0186435",30,12.9366369375176,-17.0633630624824,"Male",3,0.55
35,"z0186450",4,10.7745619857641,6.77456198576411,"Male",3,0.55
35,"z0190863",11,16.6182573672385,5.61825736723845,"Female",5,1
35,"z0190867",7,9.81560354228757,2.81560354228757,"Female",4,0.75
35,"z0196956",13,21.9940334983956,8.99403349839558,"Male",5,1
35,"z0198374",16,17.4920241061875,1.49202410618748,"Male",4,0.75
35,"z0198377",35,21.9737877881744,-13.0262122118256,"Female",3,0.55
35,"z0198473",25,22.6106679536039,-2.38933204639606,"Male",5,1
35,"z0198474",19,27.4490385156764,8.44903851567641,"Male",5,1
35,"z0198475",40,24.8498583715666,-15.1501416284334,"Male",3,0.55
35,"z0187739",23,25.3536034998673,2.35360349986733,"Female",3,0.55
36,"z0023316",6,6.91648375625983,0.916483756259832,"Male",4,0.75
36,"z0023318",11,11.7080466814859,0.708046681485877,"Female",4,0.75
36,"z0023319",26,19.875355080141,-6.12464491985896,"Male",4,0.75
36,"z0033906",15,19.5940123609338,4.59401236093377,"Male",5,1
36,"z0033908",6,28.4826680827765,22.4826680827765,"Male",5,1
36,"z0045925",24,19.8889848132604,-4.11101518673962,"Male",4,0.75
36,"z0045931",7,7.1661727733078,0.166172773307799,"Male",4,0.75
36,"z0049051",37,23.3532741737069,-13.6467258262931,"Female",4,0.75
36,"z0049052",34,21.1159066765985,-12.8840933234015,"Male",4,0.75
36,"z0061425",26,15.7358549394899,-10.2641450605101,"Male",4,0.75
36,"z0075660",18,23.9881473898834,5.98814738988335,"Male",4,0.75
36,"z0075676",9,12.6485465183689,3.6485465183689,"Female",4,0.75
36,"z0075677",4,12.1618122855869,8.16181228558693,"Female",5,1
36,"z0075678",7,11.047756063024,4.047756063024,"Female",4,0.75
36,"z0091277",3,10.9680373685016,7.9680373685016,"Female",4,0.75
36,"z0091284",3,0.77603997956798,-2.22396002043202,"Male",4,0.75
36,"z0091285",5,7.87291180671668,2.87291180671668,"Male",5,1
36,"z0091286",14,14.2713673906119,0.271367390611864,"Male",4,0.75
36,"z0092243",19,23.8385267969613,4.83852679696126,"Female",4,0.75
36,"z0092256",5,10.5680494221566,5.56804942215657,"Male",5,1
36,"z0098734",23,18.1167987323433,-4.88320126765668,"Male",4,0.75
36,"z0098735",30,21.8355148276247,-8.16448517237533,"Male",4,0.75
36,"z0098737",12,14.3648222410519,2.36482224105193,"Female",5,1
36,"z0098738",19,14.677906843546,-4.32209315645398,"Male",4,0.75
36,"z0098740",17,8.2579402854596,-8.7420597145404,"Female",4,0.75
36,"z0098745",7,13.7832673055458,6.78326730554579,"Male",4,0.75
36,"z0098746",32,20.0362238508947,-11.9637761491053,"Male",4,0.75
36,"z0102483",5,8.65541903537834,3.65541903537834,"Male",5,1
36,"z0102500",12,11.5229274519136,-0.477072548086401,"Male",4,0.75
36,"z0123188",24,26.8051325300306,2.80513253003057,"Female",5,1
36,"z0132632",34,21.2203171632201,-12.7796828367799,"Female",4,0.75
36,"z0132634",12,15.6132706251666,3.61327062516659,"Female",4,0.75
36,"z0132658",36,20.2333884013087,-15.7666115986913,"Male",4,0.75
36,"z0132660",23,22.2311391693789,-0.768860830621144,"Male",4,0.75
36,"z0160208",21,34.9021584868873,13.9021584868873,"Female",5,1
36,"z0175867",9,18.6619107274767,9.66191072747669,"Female",4,0.75
36,"z0175874",20,14.0914679376273,-5.9085320623727,"Male",4,0.75
36,"z0175876",12,18.6029957150756,6.60299571507564,"Male",5,1
36,"z0175877",32,24.9217912408746,-7.0782087591254,"Female",4,0.75
36,"z0178364",10,23.8256679238868,13.8256679238868,"Female",5,1
36,"z0183541",32,21.9064525937849,-10.0935474062151,"Male",4,0.75
36,"z0183543",4,0.782537464538311,-3.21746253546169,"Male",5,1
36,"z0183544",11,10.8559364988399,-0.14406350116008,"Female",5,1
36,"z0186433",21,15.735057959904,-5.26494204009605,"Male",5,1
36,"z0190863",11,16.3536281288524,5.3536281288524,"Female",5,1
36,"z0190867",7,10.6259540532081,3.62595405320813,"Female",4,0.75
36,"z0196956",13,14.2509273989895,1.25092739898955,"Male",5,1
36,"z0198374",16,15.2213987522406,-0.778601247759394,"Male",4,0.75
36,"z0198473",25,21.0932919578744,-3.9067080421256,"Male",5,1
36,"z0198474",19,31.8261529272827,12.8261529272827,"Male",5,1
37,"z0018943",10,18.4081634528907,8.40816345289067,"Female",3,1
37,"z0018944",10,11.9883268468828,1.98832684688284,"Male",3,1
37,"z0018945",22,21.3604232176738,-0.639576782326241,"Female",3,1
37,"z0023316",6,3.20102123784994,-2.79897876215006,"Male",4,1
37,"z0023317",25,22.0636862230416,-2.93631377695837,"Male",3,1
37,"z0023318",11,8.34994404743655,-2.65005595256345,"Female",4,1
37,"z0023319",26,18.6448124440822,-7.35518755591779,"Male",4,1
37,"z0023321",11,11.92244116317,0.922441163169974,"Female",3,1
37,"z0027453",6,13.3425088114602,7.34250881146023,"Female",3,1
37,"z0027455",10,13.4964083319629,3.49640833196285,"Female",2,1
37,"z0033888",6,10.1251724073094,4.12517240730937,"Female",3,1
37,"z0033893",15,19.5240191366219,4.52401913662189,"Male",2,1
37,"z0033898",10,16.7563901443211,6.75639014432107,"Male",3,1
37,"z0033906",15,16.7763899908295,1.77638999082952,"Male",5,1
37,"z0033908",6,18.9331486875057,12.9331486875057,"Male",5,1
37,"z0041286",28,29.0674050753882,1.06740507538816,"Male",3,1
37,"z0045921",10,18.2731150509867,8.27311505098669,"Female",2,1
37,"z0045925",24,21.2067567932055,-2.79324320679445,"Male",4,1
37,"z0045931",7,4.29751553165155,-2.70248446834845,"Male",4,1
37,"z0049046",6,10.0639141131343,4.06391411313426,"Female",3,1
37,"z0049048",11,16.6360802138103,5.63608021381032,"Male",2,1
37,"z0049050",11,24.920024971324,13.920024971324,"Male",3,1
37,"z0049051",37,23.5833540538402,-13.4166459461598,"Female",4,1
37,"z0049052",34,24.9486886390061,-9.0513113609939,"Male",4,1
37,"z0061425",26,16.4112766990441,-9.58872330095587,"Male",4,1
37,"z0071016",8,14.5449240647682,6.5449240647682,"Male",3,1
37,"z0075660",18,20.8132658333211,2.81326583332111,"Male",4,1
37,"z0075663",18,19.0656459753307,1.06564597533074,"Male",3,1
37,"z0075665",27,18.5330560317569,-8.46694396824315,"Female",3,1
37,"z0075676",9,12.5617983600846,3.56179836008463,"Female",4,1
37,"z0075677",4,2.10187764516201,-1.89812235483799,"Female",5,1
37,"z0075678",7,15.2685079603466,8.26850796034656,"Female",4,1
37,"z0091082",7,6.72263865508032,-0.277361344919684,"Female",3,1
37,"z0091085",19,18.239691563768,-0.760308436232037,"Female",3,1
37,"z0091086",3,-9.60268647622247,-12.6026864762225,"Female",3,1
37,"z0091275",3,11.2951206684756,8.29512066847562,"Male",3,1
37,"z0091276",10,31.7558635295993,21.7558635295993,"Female",2,1
37,"z0091277",3,5.55722043705488,2.55722043705488,"Female",4,1
37,"z0091284",3,1.62638092384935,-1.37361907615065,"Male",4,1
37,"z0091285",5,5.2638718921227,0.263871892122701,"Male",5,1
37,"z0091286",14,16.1871465962227,2.18714659622272,"Male",4,1
37,"z0092243",19,16.8173561429081,-2.18264385709185,"Female",4,1
37,"z0092256",5,6.57945220385506,1.57945220385506,"Male",5,1
37,"z0098734",23,16.5816320143385,-6.41836798566154,"Male",4,1
37,"z0098735",30,23.0412808205683,-6.95871917943172,"Male",4,1
37,"z0098736",15,10.9494234065806,-4.0505765934194,"Female",3,1
37,"z0098737",12,17.4625712608548,5.46257126085482,"Female",5,1
37,"z0098738",19,16.1684092241843,-2.83159077581566,"Male",4,1
37,"z0098740",17,15.8251303718635,-1.1748696281365,"Female",4,1
37,"z0098744",6,10.5321744832696,4.53217448326962,"Male",2,1
37,"z0098745",7,10.9782992654784,3.97829926547841,"Male",4,1
37,"z0098746",32,16.5707752189436,-15.4292247810564,"Male",4,1
37,"z0102483",5,2.28287506779106,-2.71712493220894,"Male",5,1
37,"z0102484",13,19.2645511130833,6.26455111308329,"Female",3,1
37,"z0102485",21,25.261217298091,4.261217298091,"Male",2,1
37,"z0102500",12,12.6112889507441,0.611288950744125,"Male",4,1
37,"z0123188",24,29.4674586560517,5.46745865605167,"Female",5,1
37,"z0132631",15,21.0282010230645,6.0282010230645,"Female",3,1
37,"z0132632",34,25.2570459785737,-8.74295402142633,"Female",4,1
37,"z0132634",12,13.6468233474267,1.64682334742669,"Female",4,1
37,"z0132639",29,20.8144798537626,-8.18552014623738,"Female",3,1
37,"z0132641",21,17.1588298072795,-3.84117019272047,"Male",3,1
37,"z0132642",11,5.31138698718157,-5.68861301281843,"Female",2,1
37,"z0132658",36,16.8741065674566,-19.1258934325434,"Male",4,1
37,"z0132659",27,26.8771069320649,-0.122893067935074,"Female",3,1
37,"z0132660",23,19.5446862143115,-3.4553137856885,"Male",4,1
37,"z0160208",21,28.11162011889,7.11162011888996,"Female",5,1
37,"z0175867",9,11.039351440692,2.03935144069204,"Female",4,1
37,"z0175874",20,17.7455224304878,-2.25447756951221,"Male",4,1
37,"z0175876",12,19.0462377768249,7.04623777682487,"Male",5,1
37,"z0175877",32,29.9771011832318,-2.02289881676818,"Female",4,1
37,"z0178364",10,15.6248642445344,5.62486424453444,"Female",5,1
37,"z0183541",32,22.2350983721033,-9.76490162789675,"Male",4,1
37,"z0183543",4,-0.105274535565605,-4.1052745355656,"Male",5,1
37,"z0183544",11,11.4472440127469,0.447244012746904,"Female",5,1
37,"z0186431",8,11.9861120425889,3.98611204258885,"Male",2,1
37,"z0186433",21,18.1475387452198,-2.85246125478021,"Male",5,1
37,"z0186434",22,19.4710803281609,-2.52891967183908,"Male",3,1
37,"z0186435",30,15.5630403113717,-14.4369596886283,"Male",3,1
37,"z0186450",4,7.45638971120664,3.45638971120664,"Male",3,1
37,"z0190863",11,17.7733431269602,6.77334312696016,"Female",5,1
37,"z0190867",7,13.462239550558,6.46223955055803,"Female",4,1
37,"z0196956",13,23.2438997801431,10.2438997801431,"Male",5,1
37,"z0198374",16,14.5703643799926,-1.42963562000739,"Male",4,1
37,"z0198377",35,20.9967370207152,-14.0032629792848,"Female",3,1
37,"z0198473",25,22.8231782421783,-2.17682175782168,"Male",5,1
37,"z0198474",19,24.3829464127097,5.38294641270971,"Male",5,1
37,"z0198475",40,28.4848169897582,-11.5151830102418,"Male",3,1
37,"z0187739",23,24.7133603760989,1.71336037609893,"Female",3,1
37,"z0045928",22,22.7385138299802,0.738513829980207,"Female",2,1
38,"z0018943",10,19.0350140093834,9.03501400938339,"Female",3,1
38,"z0018944",10,13.7983868766886,3.79838687668863,"Male",3,1
38,"z0018945",22,23.727860782474,1.727860782474,"Female",3,1
38,"z0023316",6,3.75272306629069,-2.24727693370931,"Male",4,1
38,"z0023317",25,22.1114482837881,-2.88855171621189,"Male",3,1
38,"z0023318",11,8.64084029182118,-2.35915970817882,"Female",4,1
38,"z0023319",26,19.4953487241462,-6.50465127585384,"Male",4,1
38,"z0023321",11,11.6621060035705,0.662106003570504,"Female",3,1
38,"z0027453",6,14.167506013312,8.16750601331198,"Female",3,1
38,"z0033888",6,11.8539340558438,5.85393405584377,"Female",3,1
38,"z0033898",10,15.2587875860515,5.25878758605149,"Male",3,1
38,"z0033906",15,18.8149000147745,3.81490001477451,"Male",5,1
38,"z0033908",6,21.25524538053,15.25524538053,"Male",5,1
38,"z0041286",28,24.8038047436215,-3.19619525637848,"Male",3,1
38,"z0045925",24,23.5691388874157,-0.430861112584257,"Male",4,1
38,"z0045931",7,4.57641698146594,-2.42358301853406,"Male",4,1
38,"z0049046",6,11.2895426538817,5.28954265388174,"Female",3,1
38,"z0049050",11,24.3305324236322,13.3305324236322,"Male",3,1
38,"z0049051",37,21.9197289881624,-15.0802710118376,"Female",4,1
38,"z0049052",34,24.4058174317501,-9.59418256824989,"Male",4,1
38,"z0061425",26,18.8097340138294,-7.19026598617059,"Male",4,1
38,"z0071016",8,13.4846949926375,5.48469499263747,"Male",3,1
38,"z0075660",18,22.9195376278919,4.91953762789192,"Male",4,1
38,"z0075663",18,20.6278994028364,2.6278994028364,"Male",3,1
38,"z0075665",27,20.4807457515748,-6.51925424842517,"Female",3,1
38,"z0075676",9,12.4931506538171,3.49315065381709,"Female",4,1
38,"z0075677",4,1.3602885709967,-2.6397114290033,"Female",5,1
38,"z0075678",7,15.7851847468077,8.78518474680773,"Female",4,1
38,"z0091082",7,6.37428773298887,-0.625712267011131,"Female",3,1
38,"z0091085",19,20.6815102988384,1.68151029883835,"Female",3,1
38,"z0091086",3,-9.65419204655179,-12.6541920465518,"Female",3,1
38,"z0091275",3,8.17343384770014,5.17343384770014,"Male",3,1
38,"z0091277",3,7.24613841860546,4.24613841860546,"Female",4,1
38,"z0091284",3,1.77498339544564,-1.22501660455436,"Male",4,1
38,"z0091285",5,4.81803512076295,-0.181964879237047,"Male",5,1
38,"z0091286",14,17.1730244080786,3.17302440807861,"Male",4,1
38,"z0092243",19,17.5450383626946,-1.45496163730535,"Female",4,1
38,"z0092256",5,6.42205838571357,1.42205838571357,"Male",5,1
38,"z0098734",23,17.4390029151379,-5.5609970848621,"Male",4,1
38,"z0098735",30,24.0361566487344,-5.96384335126558,"Male",4,1
38,"z0098736",15,11.1819246821274,-3.81807531787262,"Female",3,1
38,"z0098737",12,13.0695870305634,1.06958703056339,"Female",5,1
38,"z0098738",19,17.3614231266279,-1.63857687337214,"Male",4,1
38,"z0098740",17,14.1355900397667,-2.86440996023327,"Female",4,1
38,"z0098745",7,12.4260216817479,5.42602168174791,"Male",4,1
38,"z0098746",32,17.5991458578834,-14.4008541421166,"Male",4,1
38,"z0102483",5,5.56089406979555,0.560894069795549,"Male",5,1
38,"z0102484",13,18.5229634689535,5.52296346895352,"Female",3,1
38,"z0102500",12,13.1007143646675,1.10071436466752,"Male",4,1
38,"z0123188",24,28.7480128145524,4.74801281455242,"Female",5,1
38,"z0132631",15,21.0705232946272,6.07052329462715,"Female",3,1
38,"z0132632",34,25.9089126156025,-8.09108738439749,"Female",4,1
38,"z0132634",12,14.1569316117976,2.15693161179763,"Female",4,1
38,"z0132639",29,22.7846004282444,-6.21539957175558,"Female",3,1
38,"z0132641",21,19.8424683580002,-1.15753164199979,"Male",3,1
38,"z0132658",36,19.5186783303822,-16.4813216696178,"Male",4,1
38,"z0132659",27,27.1548260107829,0.154826010782909,"Female",3,1
38,"z0132660",23,22.7190593430477,-0.2809406569523,"Male",4,1
38,"z0160208",21,29.6833148334324,8.68331483343245,"Female",5,1
38,"z0175867",9,15.6206068783816,6.62060687838159,"Female",4,1
38,"z0175874",20,16.9609018532127,-3.03909814678731,"Male",4,1
38,"z0175876",12,17.5352835087353,5.53528350873534,"Male",5,1
38,"z0175877",32,29.6953836899136,-2.30461631008645,"Female",4,1
38,"z0178364",10,14.5490357866895,4.54903578668953,"Female",5,1
38,"z0183541",32,24.0365184329605,-7.96348156703946,"Male",4,1
38,"z0183543",4,-0.682451971378173,-4.68245197137817,"Male",5,1
38,"z0183544",11,11.5094155863205,0.509415586320527,"Female",5,1
38,"z0186433",21,19.5506594778148,-1.44934052218524,"Male",5,1
38,"z0186434",22,20.0940349592782,-1.9059650407218,"Male",3,1
38,"z0186435",30,16.3116360776235,-13.6883639223765,"Male",3,1
38,"z0186450",4,7.73789210645585,3.73789210645585,"Male",3,1
38,"z0190863",11,17.3177402602109,6.31774026021089,"Female",5,1
38,"z0190867",7,12.3322712965708,5.33227129657082,"Female",4,1
38,"z0196956",13,23.4165105757187,10.4165105757187,"Male",5,1
38,"z0198374",16,16.8381316943439,0.838131694343922,"Male",4,1
38,"z0198377",35,21.608185221375,-13.391814778625,"Female",3,1
38,"z0198473",25,24.9331324752249,-0.0668675247750947,"Male",5,1
38,"z0198474",19,24.6043356659591,5.60433566595912,"Male",5,1
38,"z0198475",40,28.4251708614778,-11.5748291385222,"Male",3,1
38,"z0187739",23,27.7165734668532,4.71657346685316,"Female",3,1
39,"z0023316",6,5.0846586992878,-0.915341300712204,"Male",4,1
39,"z0023318",11,8.07984215229072,-2.92015784770928,"Female",4,1
39,"z0023319",26,17.0326194788115,-8.96738052118852,"Male",4,1
39,"z0033906",15,17.7059103472558,2.70591034725578,"Male",5,1
39,"z0033908",6,19.4920692621215,13.4920692621215,"Male",5,1
39,"z0045925",24,24.1549929727089,0.154992972708861,"Male",4,1
39,"z0045931",7,5.61040577957501,-1.38959422042499,"Male",4,1
39,"z0049051",37,23.6951098476845,-13.3048901523155,"Female",4,1
39,"z0049052",34,24.806233930989,-9.19376606901105,"Male",4,1
39,"z0061425",26,18.1227877455066,-7.87721225449345,"Male",4,1
39,"z0075660",18,22.9740677593382,4.97406775933822,"Male",4,1
39,"z0075676",9,12.2803272989166,3.28032729891657,"Female",4,1
39,"z0075677",4,5.29167379838062,1.29167379838062,"Female",5,1
39,"z0075678",7,16.1551722531499,9.15517225314989,"Female",4,1
39,"z0091277",3,4.79355419953511,1.79355419953511,"Female",4,1
39,"z0091284",3,0.786020413417409,-2.21397958658259,"Male",4,1
39,"z0091285",5,1.17699882160564,-3.82300117839436,"Male",5,1
39,"z0091286",14,19.5655201862782,5.56552018627822,"Male",4,1
39,"z0092243",19,18.855296008648,-0.144703991351996,"Female",4,1
39,"z0092256",5,10.6766065978773,5.67660659787731,"Male",5,1
39,"z0098734",23,19.1413791530805,-3.85862084691955,"Male",4,1
39,"z0098735",30,23.9741001248191,-6.02589987518085,"Male",4,1
39,"z0098737",12,17.3255051390901,5.3255051390901,"Female",5,1
39,"z0098738",19,17.7979841821731,-1.20201581782688,"Male",4,1
39,"z0098740",17,11.6554521661495,-5.34454783385048,"Female",4,1
39,"z0098745",7,12.6156234014104,5.61562340141042,"Male",4,1
39,"z0098746",32,18.6360458309532,-13.3639541690468,"Male",4,1
39,"z0102483",5,7.4805400395891,2.4805400395891,"Male",5,1
39,"z0102500",12,12.3728286504699,0.372828650469863,"Male",4,1
39,"z0123188",24,29.8988184514389,5.89881845143893,"Female",5,1
39,"z0132632",34,26.6934605681009,-7.30653943189908,"Female",4,1
39,"z0132634",12,13.9113033485427,1.91130334854265,"Female",4,1
39,"z0132658",36,18.3710010125463,-17.6289989874537,"Male",4,1
39,"z0132660",23,22.6670028830813,-0.332997116918737,"Male",4,1
39,"z0160208",21,29.4106601156317,8.41066011563166,"Female",5,1
39,"z0175867",9,16.2585580651639,7.25855806516386,"Female",4,1
39,"z0175874",20,18.930208305682,-1.06979169431803,"Male",4,1
39,"z0175876",12,17.8127231342958,5.81272313429585,"Male",5,1
39,"z0175877",32,31.2094484431676,-0.79055155683238,"Female",4,1
39,"z0178364",10,17.8969720977706,7.89697209777064,"Female",5,1
39,"z0183541",32,23.1933266551697,-8.8066733448303,"Male",4,1
39,"z0183543",4,-1.86442884425146,-5.86442884425146,"Male",5,1
39,"z0183544",11,12.4965443539133,1.4965443539133,"Female",5,1
39,"z0186433",21,21.6048087176399,0.604808717639859,"Male",5,1
39,"z0190863",11,16.6364348454428,5.63643484544278,"Female",5,1
39,"z0190867",7,12.99916219364,5.99916219363996,"Female",4,1
39,"z0196956",13,19.2165329963752,6.2165329963752,"Male",5,1
39,"z0198374",16,15.3442654881205,-0.655734511879455,"Male",4,1
39,"z0198473",25,24.2305310794604,-0.769468920539623,"Male",5,1
39,"z0198474",19,25.9549420813929,6.95494208139287,"Male",5,1
40,"z0018943",10,19.064092265964,9.06409226596402,"Female",3,0.6
40,"z0018944",10,10.9398722063508,0.939872206350802,"Male",3,0.6
40,"z0018945",22,23.3615401600553,1.36154016005532,"Female",3,0.6
40,"z0023316",6,1.48183219984163,-4.51816780015837,"Male",4,0.8
40,"z0023317",25,20.9957707054707,-4.00422929452932,"Male",3,0.6
40,"z0023318",11,9.28254968876448,-1.71745031123552,"Female",4,0.8
40,"z0023319",26,19.2778976844019,-6.72210231559809,"Male",4,0.8
40,"z0023321",11,11.6828972769519,0.682897276951929,"Female",3,0.6
40,"z0027453",6,14.2112327173976,8.21123271739765,"Female",3,0.6
40,"z0027455",10,15.5554480846512,5.55544808465123,"Female",2,0.4
40,"z0033888",6,12.0825706032668,6.0825706032668,"Female",3,0.6
40,"z0033893",15,21.0839089557004,6.08390895570043,"Male",2,0.4
40,"z0033898",10,16.2862296048363,6.28622960483634,"Male",3,0.6
40,"z0033906",15,16.8172145702995,1.81721457029955,"Male",5,1
40,"z0033908",6,18.7653641682638,12.7653641682638,"Male",5,1
40,"z0041286",28,27.260225337096,-0.739774662903969,"Male",3,0.6
40,"z0045921",10,18.4449302099229,8.4449302099229,"Female",2,0.4
40,"z0045925",24,24.4496626032379,0.449662603237861,"Male",4,0.8
40,"z0045931",7,5.7630337408508,-1.2369662591492,"Male",4,0.8
40,"z0049046",6,11.5169060957257,5.5169060957257,"Female",3,0.6
40,"z0049048",11,15.7054096669738,4.70540966697383,"Male",2,0.4
40,"z0049050",11,24.5040299712245,13.5040299712245,"Male",3,0.6
40,"z0049051",37,21.580079702829,-15.419920297171,"Female",4,0.8
40,"z0049052",34,27.2130166534031,-6.78698334659693,"Male",4,0.8
40,"z0061425",26,18.6112005041857,-7.38879949581434,"Male",4,0.8
40,"z0071016",8,13.6288969393424,5.62889693934243,"Male",3,0.6
40,"z0075660",18,21.8300158115963,3.83001581159631,"Male",4,0.8
40,"z0075663",18,20.2255888958356,2.22558889583556,"Male",3,0.6
40,"z0075665",27,20.7722202953282,-6.22777970467175,"Female",3,0.6
40,"z0075676",9,11.2197844524598,2.21978445245979,"Female",4,0.8
40,"z0075677",4,2.96045151063953,-1.03954848936047,"Female",5,1
40,"z0075678",7,16.3829741576593,9.38297415765931,"Female",4,0.8
40,"z0091082",7,3.24573339161619,-3.75426660838381,"Female",3,0.6
40,"z0091085",19,19.4922386996273,0.492238699627279,"Female",3,0.6
40,"z0091086",3,-8.19801679443198,-11.198016794432,"Female",3,0.6
40,"z0091275",3,8.68714012635048,5.68714012635048,"Male",3,0.6
40,"z0091276",10,30.5544973315827,20.5544973315827,"Female",2,0.4
40,"z0091277",3,4.5762141084095,1.5762141084095,"Female",4,0.8
40,"z0091284",3,-1.17067059082186,-4.17067059082186,"Male",4,0.8
40,"z0091285",5,4.19334975189542,-0.806650248104582,"Male",5,1
40,"z0091286",14,17.1209287263442,3.12092872634423,"Male",4,0.8
40,"z0092243",19,15.1984484129173,-3.80155158708269,"Female",4,0.8
40,"z0092256",5,7.28237767774353,2.28237767774353,"Male",5,1
40,"z0098734",23,17.400412556301,-5.59958744369899,"Male",4,0.8
40,"z0098735",30,23.9843058848022,-6.01569411519781,"Male",4,0.8
40,"z0098736",15,10.1070378974727,-4.8929621025273,"Female",3,0.6
40,"z0098737",12,16.6616859952322,4.66168599523222,"Female",5,1
40,"z0098738",19,16.4914614173835,-2.50853858261654,"Male",4,0.8
40,"z0098740",17,14.2549564440112,-2.74504355598884,"Female",4,0.8
40,"z0098744",6,10.773475536813,4.77347553681304,"Male",2,0.4
40,"z0098745",7,12.0649161013791,5.06491610137913,"Male",4,0.8
40,"z0098746",32,16.7279369276544,-15.2720630723456,"Male",4,0.8
40,"z0102483",5,5.82880062594247,0.82880062594247,"Male",5,1
40,"z0102484",13,17.4996994528461,4.49969945284611,"Female",3,0.6
40,"z0102485",21,26.5652322004486,5.5652322004486,"Male",2,0.4
40,"z0102500",12,13.0043044394736,1.00430443947365,"Male",4,0.8
40,"z0123188",24,28.1476029021301,4.14760290213006,"Female",5,1
40,"z0132631",15,21.0414896345426,6.04148963454256,"Female",3,0.6
40,"z0132632",34,26.8230738066929,-7.17692619330709,"Female",4,0.8
40,"z0132634",12,13.8783883801249,1.87838838012485,"Female",4,0.8
40,"z0132639",29,20.9013821601403,-8.0986178398597,"Female",3,0.6
40,"z0132641",21,17.6754909457567,-3.32450905424334,"Male",3,0.6
40,"z0132642",11,4.89738565539854,-6.10261434460146,"Female",2,0.4
40,"z0132658",36,18.1704831199654,-17.8295168800346,"Male",4,0.8
40,"z0132659",27,26.5405042256734,-0.459495774326601,"Female",3,0.6
40,"z0132660",23,21.2049274563116,-1.79507254368838,"Male",4,0.8
40,"z0160208",21,27.660742985887,6.660742985887,"Female",5,1
40,"z0175867",9,12.6760412765074,3.67604127650744,"Female",4,0.8
40,"z0175874",20,17.1686102304286,-2.83138976957142,"Male",4,0.8
40,"z0175876",12,17.5558755057799,5.55587550577994,"Male",5,1
40,"z0175877",32,28.6072357231928,-3.39276427680722,"Female",4,0.8
40,"z0178364",10,14.805681664413,4.80568166441305,"Female",5,1
40,"z0183541",32,23.2384550444921,-8.7615449555079,"Male",4,0.8
40,"z0183543",4,-0.578661302545851,-4.57866130254585,"Male",5,1
40,"z0183544",11,10.8739671750982,-0.126032824901763,"Female",5,1
40,"z0186431",8,12.4016439350691,4.40164393506915,"Male",2,0.4
40,"z0186433",21,17.8779537738412,-3.12204622615883,"Male",5,1
40,"z0186434",22,17.3857553929547,-4.61424460704533,"Male",3,0.6
40,"z0186435",30,16.5529596661402,-13.4470403338598,"Male",3,0.6
40,"z0186450",4,8.09639837977508,4.09639837977508,"Male",3,0.6
40,"z0190863",11,15.9246865181525,4.92468651815247,"Female",5,1
40,"z0190867",7,12.6848815178684,5.68488151786842,"Female",4,0.8
40,"z0196956",13,23.8419208748001,10.8419208748001,"Male",5,1
40,"z0198374",16,15.420774109956,-0.579225890044047,"Male",4,0.8
40,"z0198377",35,21.5243617525988,-13.4756382474012,"Female",3,0.6
40,"z0198473",25,21.8244467248042,-3.17555327519581,"Male",5,1
40,"z0198474",19,23.7435900277367,4.74359002773675,"Male",5,1
40,"z0198475",40,28.9835068502832,-11.0164931497168,"Male",3,0.6
40,"z0187739",23,24.7847195715745,1.78471957157445,"Female",3,0.6
40,"z0045928",22,23.6488484744773,1.64884847447733,"Female",2,0.4
41,"z0018943",10,19.7081317075347,9.7081317075347,"Female",3,0.6
41,"z0018944",10,10.8188828888875,0.818882888887485,"Male",3,0.6
41,"z0018945",22,24.5543459027831,2.55434590278314,"Female",3,0.6
41,"z0023316",6,1.801375401946,-4.198624598054,"Male",4,0.8
41,"z0023317",25,21.671022834618,-3.32897716538205,"Male",3,0.6
41,"z0023318",11,9.66500221332145,-1.33499778667855,"Female",4,0.8
41,"z0023319",26,19.3498788684067,-6.6501211315933,"Male",4,0.8
41,"z0023321",11,10.8511650793708,-0.148834920629227,"Female",3,0.6
41,"z0027453",6,14.2987412190903,8.29874121909028,"Female",3,0.6
41,"z0033888",6,13.2302700139503,7.23027001395033,"Female",3,0.6
41,"z0033898",10,15.7647461382854,5.76474613828542,"Male",3,0.6
41,"z0033906",15,18.1722973098033,3.1722973098033,"Male",5,1
41,"z0033908",6,20.2231633388403,14.2231633388403,"Male",5,1
41,"z0041286",28,25.3626656610409,-2.63733433895908,"Male",3,0.6
41,"z0045925",24,24.7859572348999,0.785957234899875,"Male",4,0.8
41,"z0045931",7,5.36525369184052,-1.63474630815948,"Male",4,0.8
41,"z0049046",6,12.5166062950953,6.51660629509534,"Female",3,0.6
41,"z0049050",11,24.1119485401399,13.1119485401399,"Male",3,0.6
41,"z0049051",37,21.5161850812677,-15.4838149187323,"Female",4,0.8
41,"z0049052",34,27.5971205534048,-6.40287944659521,"Male",4,0.8
41,"z0061425",26,18.9846312011871,-7.01536879881294,"Male",4,0.8
41,"z0071016",8,14.1393784784215,6.13937847842153,"Male",3,0.6
41,"z0075660",18,22.8882665975069,4.88826659750693,"Male",4,0.8
41,"z0075663",18,21.1383692837341,3.13836928373411,"Male",3,0.6
41,"z0075665",27,20.9537308475072,-6.04626915249281,"Female",3,0.6
41,"z0075676",9,11.530676278694,2.530676278694,"Female",4,0.8
41,"z0075677",4,1.41293222330821,-2.58706777669179,"Female",5,1
41,"z0075678",7,16.6493350102547,9.64933501025467,"Female",4,0.8
41,"z0091082",7,3.91722566788726,-3.08277433211274,"Female",3,0.6
41,"z0091085",19,20.4181031953442,1.41810319534423,"Female",3,0.6
41,"z0091086",3,-8.41664260570116,-11.4166426057012,"Female",3,0.6
41,"z0091275",3,5.82121131124296,2.82121131124296,"Male",3,0.6
41,"z0091277",3,4.93550225715482,1.93550225715482,"Female",4,0.8
41,"z0091284",3,-2.17849161347804,-5.17849161347804,"Male",4,0.8
41,"z0091285",5,2.78075280397719,-2.21924719602281,"Male",5,1
41,"z0091286",14,18.0725252748778,4.07252527487778,"Male",4,0.8
41,"z0092243",19,16.1310539455619,-2.86894605443809,"Female",4,0.8
41,"z0092256",5,7.11919624386422,2.11919624386422,"Male",5,1
41,"z0098734",23,18.249703646658,-4.75029635334197,"Male",4,0.8
41,"z0098735",30,23.8995100928235,-6.10048990717647,"Male",4,0.8
41,"z0098736",15,10.6449493639449,-4.35505063605513,"Female",3,0.6
41,"z0098737",12,14.9725564396475,2.97255643964746,"Female",5,1
41,"z0098738",19,16.9714697186202,-2.02853028137978,"Male",4,0.8
41,"z0098740",17,13.4456266750392,-3.55437332496076,"Female",4,0.8
41,"z0098745",7,12.0341540540229,5.03415405402287,"Male",4,0.8
41,"z0098746",32,16.864722880256,-15.135277119744,"Male",4,0.8
41,"z0102483",5,6.72101490304771,1.72101490304771,"Male",5,1
41,"z0102484",13,17.5264768451927,4.52647684519269,"Female",3,0.6
41,"z0102500",12,13.1726587760567,1.17265877605666,"Male",4,0.8
41,"z0123188",24,28.4520166597547,4.45201665975472,"Female",5,1
41,"z0132631",15,21.5340663339546,6.53406633395456,"Female",3,0.6
41,"z0132632",34,26.4660569949801,-7.53394300501985,"Female",4,0.8
41,"z0132634",12,13.8695160987175,1.86951609871754,"Female",4,0.8
41,"z0132639",29,21.91754025352,-7.08245974648003,"Female",3,0.6
41,"z0132641",21,18.942604039836,-2.057395960164,"Male",3,0.6
41,"z0132658",36,19.5150780812381,-16.4849219187619,"Male",4,0.8
41,"z0132659",27,27.147142248288,0.147142248288038,"Female",3,0.6
41,"z0132660",23,22.9071701713466,-0.0928298286533646,"Male",4,0.8
41,"z0160208",21,29.1948715469493,8.19487154694934,"Female",5,1
41,"z0175867",9,13.8174675518224,4.81746755182239,"Female",4,0.8
41,"z0175874",20,17.1445861649689,-2.85541383503106,"Male",4,0.8
41,"z0175876",12,17.2960391012825,5.29603910128249,"Male",5,1
41,"z0175877",32,29.4755034233653,-2.52449657663474,"Female",4,0.8
41,"z0178364",10,14.9871259246109,4.98712592461085,"Female",5,1
41,"z0183541",32,24.7025334467531,-7.29746655324692,"Male",4,0.8
41,"z0183543",4,-1.23907108997383,-5.23907108997383,"Male",5,1
41,"z0183544",11,11.2340856971401,0.234085697140106,"Female",5,1
41,"z0186433",21,19.2804682365046,-1.71953176349541,"Male",5,1
41,"z0186434",22,18.9493640482217,-3.05063595177828,"Male",3,0.6
41,"z0186435",30,17.1356770464027,-12.8643229535973,"Male",3,0.6
41,"z0186450",4,8.39494174431999,4.39494174431999,"Male",3,0.6
41,"z0190863",11,16.8800261118449,5.88002611184491,"Female",5,1
41,"z0190867",7,13.2277293136597,6.22772931365974,"Female",4,0.8
41,"z0196956",13,25.0138626765636,12.0138626765636,"Male",5,1
41,"z0198374",16,15.6384614350159,-0.36153856498413,"Male",4,0.8
41,"z0198377",35,21.414904437105,-13.585095562895,"Female",3,0.6
41,"z0198473",25,23.1977225303889,-1.80227746961109,"Male",5,1
41,"z0198474",19,24.5321180129526,5.53211801295256,"Male",5,1
41,"z0198475",40,28.7728685807781,-11.2271314192219,"Male",3,0.6
41,"z0187739",23,26.5297452005867,3.52974520058673,"Female",3,0.6
42,"z0023316",6,0.990031370428207,-5.00996862957179,"Male",4,0.8
42,"z0023318",11,7.69788127947022,-3.30211872052978,"Female",4,0.8
42,"z0023319",26,15.8089383695267,-10.1910616304733,"Male",4,0.8
42,"z0033906",15,16.5056701541461,1.50567015414606,"Male",5,1
42,"z0033908",6,12.2106674646026,6.21066746460257,"Male",5,1
42,"z0045925",24,24.9979733308589,0.99797333085894,"Male",4,0.8
42,"z0045931",7,5.82328225640444,-1.17671774359556,"Male",4,0.8
42,"z0049051",37,22.9880447748709,-14.0119552251291,"Female",4,0.8
42,"z0049052",34,26.0772318677941,-7.92276813220593,"Male",4,0.8
42,"z0061425",26,17.5119931764903,-8.48800682350971,"Male",4,0.8
42,"z0075660",18,24.1425221604091,6.14252216040907,"Male",4,0.8
42,"z0075676",9,10.8996611836294,1.89966118362938,"Female",4,0.8
42,"z0075677",4,6.93216527495448,2.93216527495448,"Female",5,1
42,"z0075678",7,16.0380395672482,9.0380395672482,"Female",4,0.8
42,"z0091277",3,3.83165897808675,0.831658978086746,"Female",4,0.8
42,"z0091284",3,-0.401577299787966,-3.40157729978797,"Male",4,0.8
42,"z0091285",5,-0.516636330174731,-5.51663633017473,"Male",5,1
42,"z0091286",14,19.1273453507928,5.12734535079281,"Male",4,0.8
42,"z0092243",19,17.6544069390968,-1.34559306090321,"Female",4,0.8
42,"z0092256",5,12.6039232395563,7.60392323955631,"Male",5,1
42,"z0098734",23,23.1765010242074,0.176501024207351,"Male",4,0.8
42,"z0098735",30,24.6125199494705,-5.38748005052948,"Male",4,0.8
42,"z0098737",12,18.7281994298378,6.72819942983778,"Female",5,1
42,"z0098738",19,17.6807096938745,-1.31929030612551,"Male",4,0.8
42,"z0098740",17,10.7251894887304,-6.27481051126956,"Female",4,0.8
42,"z0098745",7,11.8081825880428,4.80818258804285,"Male",4,0.8
42,"z0098746",32,17.7493607057441,-14.2506392942559,"Male",4,0.8
42,"z0102483",5,8.62467955548325,3.62467955548325,"Male",5,1
42,"z0102500",12,12.3233081278976,0.323308127897649,"Male",4,0.8
42,"z0123188",24,29.0592954646885,5.05929546468847,"Female",5,1
42,"z0132632",34,27.6093625049376,-6.39063749506243,"Female",4,0.8
42,"z0132634",12,13.5701173881945,1.57011738819452,"Female",4,0.8
42,"z0132658",36,16.5658485995022,-19.4341514004978,"Male",4,0.8
42,"z0132660",23,22.8391516500828,-0.160848349917231,"Male",4,0.8
42,"z0160208",21,28.2075341082077,7.20753410820767,"Female",5,1
42,"z0175867",9,16.9170441433393,7.91704414333926,"Female",4,0.8
42,"z0175874",20,18.957414540688,-1.042585459312,"Male",4,0.8
42,"z0175876",12,17.2692776219981,5.26927762199813,"Male",5,1
42,"z0175877",32,30.2103415692476,-1.78965843075235,"Female",4,0.8
42,"z0178364",10,17.9142642875909,7.91426428759091,"Female",5,1
42,"z0183541",32,22.6969058567815,-9.30309414321852,"Male",4,0.8
42,"z0183543",4,-1.99877789972251,-5.99877789972251,"Male",5,1
42,"z0183544",11,12.1919627744141,1.1919627744141,"Female",5,1
42,"z0186433",21,21.5490652437463,0.549065243746295,"Male",5,1
42,"z0190863",11,15.4326115824812,4.43261158248117,"Female",5,1
42,"z0190867",7,14.8396512156086,7.83965121560857,"Female",4,0.8
42,"z0196956",13,22.4614419355306,9.46144193553059,"Male",5,1
42,"z0198374",16,14.7994671755294,-1.20053282447055,"Male",4,0.8
42,"z0198473",25,22.7976055081395,-2.20239449186048,"Male",5,1
42,"z0198474",19,25.7694321540938,6.76943215409383,"Male",5,1
43,"z0018943",10,19.9046069402265,9.90460694022648,"Female",3,0.55
43,"z0018944",10,12.4672211189333,2.46722111893325,"Male",3,0.55
43,"z0018945",22,23.3653949765778,1.36539497657777,"Female",3,0.55
43,"z0023316",6,3.91082435296228,-2.08917564703772,"Male",4,0.75
43,"z0023317",25,21.5958495414023,-3.40415045859774,"Male",3,0.55
43,"z0023318",11,7.9942854209686,-3.0057145790314,"Female",4,0.75
43,"z0023319",26,18.7333162452471,-7.26668375475289,"Male",4,0.75
43,"z0023321",11,7.87458819633489,-3.12541180366511,"Female",3,0.55
43,"z0027453",6,13.9630932036401,7.96309320364014,"Female",3,0.55
43,"z0027455",10,15.9209522454914,5.92095224549138,"Female",2,0.2
43,"z0033888",6,12.8781108758127,6.87811087581271,"Female",3,0.55
43,"z0033893",15,19.9578350014549,4.95783500145486,"Male",2,0.2
43,"z0033898",10,15.9829175778246,5.98291757782463,"Male",3,0.55
43,"z0033906",15,17.9913146218927,2.99131462189274,"Male",5,1
43,"z0033908",6,19.1851453290835,13.1851453290835,"Male",5,1
43,"z0041286",28,24.6316840263083,-3.36831597369165,"Male",3,0.55
43,"z0045921",10,19.7218956567145,9.72189565671455,"Female",2,0.2
43,"z0045925",24,21.5436178595202,-2.45638214047981,"Male",4,0.75
43,"z0045931",7,4.72526777644672,-2.27473222355328,"Male",4,0.75
43,"z0049046",6,11.2486087201564,5.24860872015639,"Female",3,0.55
43,"z0049048",11,17.6547382987452,6.6547382987452,"Male",2,0.2
43,"z0049050",11,24.6168332022584,13.6168332022584,"Male",3,0.55
43,"z0049051",37,22.9642434098083,-14.0357565901917,"Female",4,0.75
43,"z0049052",34,24.2893530923342,-9.7106469076658,"Male",4,0.75
43,"z0061425",26,18.4210184194464,-7.57898158055362,"Male",4,0.75
43,"z0071016",8,14.569270141313,6.569270141313,"Male",3,0.55
43,"z0075660",18,23.5955504748592,5.59555047485916,"Male",4,0.75
43,"z0075663",18,21.0735947533339,3.07359475333385,"Male",3,0.55
43,"z0075665",27,20.777332483192,-6.22266751680804,"Female",3,0.55
43,"z0075676",9,10.3466135504861,1.34661355048607,"Female",4,0.75
43,"z0075677",4,4.25819270071051,0.258192700710515,"Female",5,1
43,"z0075678",7,15.8026709747238,8.80267097472381,"Female",4,0.75
43,"z0091082",7,6.94112345929273,-0.0588765407072724,"Female",3,0.55
43,"z0091085",19,21.1868407624221,2.18684076242208,"Female",3,0.55
43,"z0091086",3,-6.43545098971001,-9.43545098971001,"Female",3,0.55
43,"z0091275",3,8.92473344672124,5.92473344672124,"Male",3,0.55
43,"z0091276",10,30.0693133476716,20.0693133476716,"Female",2,0.2
43,"z0091277",3,3.07179695969971,0.0717969596997112,"Female",4,0.75
43,"z0091284",3,-2.06753162170575,-5.06753162170575,"Male",4,0.75
43,"z0091285",5,4.42126262804937,-0.578737371950632,"Male",5,1
43,"z0091286",14,17.3570801902044,3.35708019020436,"Male",4,0.75
43,"z0092243",19,18.1221710552045,-0.877828944795528,"Female",4,0.75
43,"z0092256",5,7.35187244131624,2.35187244131624,"Male",5,1
43,"z0098734",23,18.0846654905312,-4.91533450946876,"Male",4,0.75
43,"z0098735",30,24.7386981197636,-5.26130188023641,"Male",4,0.75
43,"z0098736",15,10.6961707921729,-4.30382920782708,"Female",3,0.55
43,"z0098737",12,15.5362894432687,3.53628944326872,"Female",5,1
43,"z0098738",19,16.9009507533179,-2.09904924668214,"Male",4,0.75
43,"z0098740",17,14.6756691230924,-2.32433087690764,"Female",4,0.75
43,"z0098744",6,9.27107922771296,3.27107922771296,"Male",2,0.2
43,"z0098745",7,13.442117192586,6.442117192586,"Male",4,0.75
43,"z0098746",32,16.9051001350045,-15.0948998649955,"Male",4,0.75
43,"z0102483",5,5.79776198152972,0.797761981529716,"Male",5,1
43,"z0102484",13,16.1196866874633,3.11968668746333,"Female",3,0.55
43,"z0102485",21,26.4465146699068,5.44651466990681,"Male",2,0.2
43,"z0102500",12,11.5533743291383,-0.446625670861689,"Male",4,0.75
43,"z0123188",24,28.8987770417571,4.89877704175708,"Female",5,1
43,"z0132631",15,21.6629730617043,6.66297306170431,"Female",3,0.55
43,"z0132632",34,26.201226529336,-7.79877347066398,"Female",4,0.75
43,"z0132634",12,13.6729481764443,1.67294817644435,"Female",4,0.75
43,"z0132639",29,20.7763222755127,-8.22367772448733,"Female",3,0.55
43,"z0132641",21,19.9324136760189,-1.06758632398112,"Male",3,0.55
43,"z0132642",11,7.15833162428003,-3.84166837571997,"Female",2,0.2
43,"z0132658",36,17.0731161436088,-18.9268838563912,"Male",4,0.75
43,"z0132659",27,26.6600107025377,-0.339989297462328,"Female",3,0.55
43,"z0132660",23,20.508697784666,-2.49130221533399,"Male",4,0.75
43,"z0160208",21,26.7159956891852,5.71599568918525,"Female",5,1
43,"z0175867",9,15.215309067823,6.21530906782299,"Female",4,0.75
43,"z0175874",20,16.979245576741,-3.02075442325905,"Male",4,0.75
43,"z0175876",12,19.367726915225,7.36772691522503,"Male",5,1
43,"z0175877",32,31.1329623879636,-0.867037612036363,"Female",4,0.75
43,"z0178364",10,15.8538281418445,5.85382814184449,"Female",5,1
43,"z0183541",32,21.8674063933955,-10.1325936066045,"Male",4,0.75
43,"z0183543",4,-0.19008268641256,-4.19008268641256,"Male",5,1
43,"z0183544",11,11.8580962035437,0.858096203543695,"Female",5,1
43,"z0186431",8,11.5703995298503,3.57039952985026,"Male",2,0.2
43,"z0186433",21,19.2405267657611,-1.75947323423887,"Male",5,1
43,"z0186434",22,18.5388853494708,-3.46111465052925,"Male",3,0.55
43,"z0186435",30,14.4463855778697,-15.5536144221303,"Male",3,0.55
43,"z0186450",4,9.2799170204215,5.2799170204215,"Male",3,0.55
43,"z0190863",11,16.2470499466928,5.24704994669277,"Female",5,1
43,"z0190867",7,12.5867473255904,5.58674732559042,"Female",4,0.75
43,"z0196956",13,20.0007062389893,7.00070623898926,"Male",5,1
43,"z0198374",16,14.6481264664573,-1.35187353354271,"Male",4,0.75
43,"z0198377",35,19.4860517778858,-15.5139482221142,"Female",3,0.55
43,"z0198473",25,25.6947749610633,0.694774961063267,"Male",5,1
43,"z0198474",19,24.3979609050178,5.39796090501778,"Male",5,1
43,"z0198475",40,30.8088892902092,-9.19111070979076,"Male",3,0.55
43,"z0187739",23,25.1465869718628,2.14658697186281,"Female",3,0.55
43,"z0045928",22,24.5860573828031,2.58605738280312,"Female",2,0.2
44,"z0018943",10,19.9564694365109,9.95646943651089,"Female",3,0.55
44,"z0018944",10,12.8071612004423,2.80716120044234,"Male",3,0.55
44,"z0018945",22,24.2183145334966,2.2183145334966,"Female",3,0.55
44,"z0023316",6,4.69543756843983,-1.30456243156017,"Male",4,0.75
44,"z0023317",25,21.9979818648585,-3.0020181351415,"Male",3,0.55
44,"z0023318",11,7.98577835466625,-3.01422164533375,"Female",4,0.75
44,"z0023319",26,18.9634574056643,-7.03654259433574,"Male",4,0.75
44,"z0023321",11,8.88274829668748,-2.11725170331252,"Female",3,0.55
44,"z0027453",6,14.1161334195354,8.11613341953536,"Female",3,0.55
44,"z0033888",6,13.1542976025106,7.15429760251059,"Female",3,0.55
44,"z0033898",10,15.3150414785604,5.31504147856038,"Male",3,0.55
44,"z0033906",15,18.2985405136239,3.29854051362389,"Male",5,1
44,"z0033908",6,19.987446316862,13.987446316862,"Male",5,1
44,"z0041286",28,23.3664050747895,-4.63359492521051,"Male",3,0.55
44,"z0045925",24,21.9612750908465,-2.03872490915347,"Male",4,0.75
44,"z0045931",7,4.67631651270342,-2.32368348729658,"Male",4,0.75
44,"z0049046",6,12.3594227360755,6.35942273607552,"Female",3,0.55
44,"z0049050",11,23.3560083516227,12.3560083516227,"Male",3,0.55
44,"z0049051",37,22.4118117107609,-14.5881882892391,"Female",4,0.75
44,"z0049052",34,23.2591405056469,-10.7408594943531,"Male",4,0.75
44,"z0061425",26,18.8869012418373,-7.11309875816275,"Male",4,0.75
44,"z0071016",8,14.7283370644507,6.72833706445068,"Male",3,0.55
44,"z0075660",18,23.3752815630138,5.37528156301383,"Male",4,0.75
44,"z0075663",18,21.4760074778334,3.47600747783344,"Male",3,0.55
44,"z0075665",27,21.3994509212551,-5.60054907874491,"Female",3,0.55
44,"z0075676",9,10.3692992008491,1.36929920084913,"Female",4,0.75
44,"z0075677",4,3.44067692083459,-0.559323079165412,"Female",5,1
44,"z0075678",7,15.0456071828529,8.04560718285292,"Female",4,0.75
44,"z0091082",7,6.58926650043947,-0.410733499560532,"Female",3,0.55
44,"z0091085",19,20.9945614766022,1.9945614766022,"Female",3,0.55
44,"z0091086",3,-6.77134381935651,-9.77134381935651,"Female",3,0.55
44,"z0091275",3,7.10633385270816,4.10633385270816,"Male",3,0.55
44,"z0091277",3,4.47336388949798,1.47336388949798,"Female",4,0.75
44,"z0091284",3,1.93877651862205,-1.06122348137795,"Male",4,0.75
44,"z0091285",5,3.42164885817831,-1.57835114182169,"Male",5,1
44,"z0091286",14,16.7397183810229,2.73971838102294,"Male",4,0.75
44,"z0092243",19,18.0454971485375,-0.954502851462461,"Female",4,0.75
44,"z0092256",5,7.20169977624585,2.20169977624585,"Male",5,1
44,"z0098734",23,18.2364108369433,-4.76358916305671,"Male",4,0.75
44,"z0098735",30,24.9415761396059,-5.05842386039415,"Male",4,0.75
44,"z0098736",15,11.2398291939837,-3.76017080601628,"Female",3,0.55
44,"z0098737",12,14.019444862958,2.01944486295801,"Female",5,1
44,"z0098738",19,17.4163214434508,-1.58367855654918,"Male",4,0.75
44,"z0098740",17,14.3570577605762,-2.64294223942383,"Female",4,0.75
44,"z0098745",7,13.3317898513196,6.33178985131963,"Male",4,0.75
44,"z0098746",32,17.3264384918885,-14.6735615081115,"Male",4,0.75
44,"z0102483",5,5.90014356354124,0.900143563541242,"Male",5,1
44,"z0102484",13,15.6613060691676,2.66130606916762,"Female",3,0.55
44,"z0102500",12,11.9730219184648,-0.0269780815352405,"Male",4,0.75
44,"z0123188",24,29.1828752427466,5.18287524274658,"Female",5,1
44,"z0132631",15,20.8844513942289,5.88445139422894,"Female",3,0.55
44,"z0132632",34,26.8066828509207,-7.19331714907928,"Female",4,0.75
44,"z0132634",12,14.1674363032309,2.16743630323091,"Female",4,0.75
44,"z0132639",29,22.16978808749,-6.83021191251005,"Female",3,0.55
44,"z0132641",21,20.778104397254,-0.221895602746002,"Male",3,0.55
44,"z0132658",36,18.2738938644457,-17.7261061355543,"Male",4,0.75
44,"z0132659",27,27.1480562530357,0.148056253035712,"Female",3,0.55
44,"z0132660",23,21.3252010883551,-1.67479891164491,"Male",4,0.75
44,"z0160208",21,27.5472504686764,6.5472504686764,"Female",5,1
44,"z0175867",9,15.6579272886724,6.65792728867244,"Female",4,0.75
44,"z0175874",20,16.3742666925534,-3.62573330744658,"Male",4,0.75
44,"z0175876",12,18.654584723172,6.65458472317199,"Male",5,1
44,"z0175877",32,29.2284969314196,-2.77150306858037,"Female",4,0.75
44,"z0178364",10,14.9412800945152,4.94128009451515,"Female",5,1
44,"z0183541",32,22.2483920179923,-9.75160798200772,"Male",4,0.75
44,"z0183543",4,-0.224441743047258,-4.22444174304726,"Male",5,1
44,"z0183544",11,11.8392915099664,0.839291509966447,"Female",5,1
44,"z0186433",21,19.8574763309779,-1.1425236690221,"Male",5,1
44,"z0186434",22,19.6653163438057,-2.33468365619433,"Male",3,0.55
44,"z0186435",30,14.911207526744,-15.088792473256,"Male",3,0.55
44,"z0186450",4,9.29966269116638,5.29966269116638,"Male",3,0.55
44,"z0190863",11,15.516418421172,4.51641842117202,"Female",5,1
44,"z0190867",7,12.6755275689021,5.67552756890213,"Female",4,0.75
44,"z0196956",13,20.3938064386176,7.39380643861762,"Male",5,1
44,"z0198374",16,15.5763356945589,-0.423664305441086,"Male",4,0.75
44,"z0198377",35,19.7837277176009,-15.2162722823991,"Female",3,0.55
44,"z0198473",25,25.7150711757776,0.715071175777574,"Male",5,1
44,"z0198474",19,24.8026058742241,5.80260587422413,"Male",5,1
44,"z0198475",40,29.8378212819026,-10.1621787180974,"Male",3,0.55
44,"z0187739",23,25.633050709092,2.63305070909201,"Female",3,0.55
45,"z0023316",6,4.05597923508818,-1.94402076491182,"Male",4,0.75
45,"z0023318",11,6.90993047651399,-4.09006952348601,"Female",4,0.75
45,"z0023319",26,15.5414142894343,-10.4585857105657,"Male",4,0.75
45,"z0033906",15,16.7967493923488,1.79674939234882,"Male",5,1
45,"z0033908",6,17.0664086519198,11.0664086519198,"Male",5,1
45,"z0045925",24,23.4235353610316,-0.576464638968353,"Male",4,0.75
45,"z0045931",7,5.53413508487538,-1.46586491512462,"Male",4,0.75
45,"z0049051",37,23.8353411401366,-13.1646588598634,"Female",4,0.75
45,"z0049052",34,25.1481983430964,-8.85180165690364,"Male",4,0.75
45,"z0061425",26,17.5507750244942,-8.44922497550579,"Male",4,0.75
45,"z0075660",18,22.6276987964476,4.62769879644765,"Male",4,0.75
45,"z0075676",9,9.5910039408521,0.591003940852104,"Female",4,0.75
45,"z0075677",4,6.94613218596044,2.94613218596044,"Female",5,1
45,"z0075678",7,15.5566201568955,8.55662015689554,"Female",4,0.75
45,"z0091277",3,4.27070169769728,1.27070169769728,"Female",4,0.75
45,"z0091284",3,-0.52408580091678,-3.52408580091678,"Male",4,0.75
45,"z0091285",5,0.847559998922091,-4.15244000107791,"Male",5,1
45,"z0091286",14,17.92538030459,3.92538030458996,"Male",4,0.75
45,"z0092243",19,19.1896618429745,0.189661842974541,"Female",4,0.75
45,"z0092256",5,12.0873535781525,7.08735357815252,"Male",5,1
45,"z0098734",23,20.1652375180136,-2.83476248198645,"Male",4,0.75
45,"z0098735",30,24.765920798982,-5.234079201018,"Male",4,0.75
45,"z0098737",12,17.8876585375471,5.88765853754713,"Female",5,1
45,"z0098738",19,17.630201342416,-1.36979865758401,"Male",4,0.75
45,"z0098740",17,11.2832756095992,-5.71672439040078,"Female",4,0.75
45,"z0098745",7,12.799609630958,5.799609630958,"Male",4,0.75
45,"z0098746",32,17.8207807587782,-14.1792192412218,"Male",4,0.75
45,"z0102483",5,7.73828163379566,2.73828163379566,"Male",5,1
45,"z0102500",12,11.4820515463824,-0.517948453617608,"Male",4,0.75
45,"z0123188",24,29.6076246393711,5.60762463937105,"Female",5,1
45,"z0132632",34,27.8058531882184,-6.19414681178165,"Female",4,0.75
45,"z0132634",12,13.4314245043337,1.43142450433368,"Female",4,0.75
45,"z0132658",36,18.2487316899759,-17.7512683100241,"Male",4,0.75
45,"z0132660",23,22.2743402340846,-0.725659765915402,"Male",4,0.75
45,"z0160208",21,26.9342191281044,5.93421912810441,"Female",5,1
45,"z0175867",9,17.2925064023453,8.29250640234527,"Female",4,0.75
45,"z0175874",20,18.4877057252587,-1.51229427474131,"Male",4,0.75
45,"z0175876",12,17.8676613098303,5.86766130983032,"Male",5,1
45,"z0175877",32,30.2119590429373,-1.78804095706269,"Female",4,0.75
45,"z0178364",10,17.6736851702793,7.67368517027932,"Female",5,1
45,"z0183541",32,21.7448082114793,-10.2551917885207,"Male",4,0.75
45,"z0183543",4,-0.34697928193234,-4.34697928193234,"Male",5,1
45,"z0183544",11,12.8807002440062,1.88070024400618,"Female",5,1
45,"z0186433",21,21.7668496716778,0.766849671677814,"Male",5,1
45,"z0190863",11,14.9219613314778,3.9219613314778,"Female",5,1
45,"z0190867",7,14.907221299456,7.90722129945603,"Female",4,0.75
45,"z0196956",13,17.5882270435106,4.58822704351057,"Male",5,1
45,"z0198374",16,14.164692490709,-1.83530750929099,"Male",4,0.75
45,"z0198473",25,24.5664261478238,-0.433573852176231,"Male",5,1
45,"z0198474",19,25.7475331952596,6.74753319525962,"Male",5,1
46,"z0018943",10,18.0896017266373,8.08960172663733,"Female",3,1
46,"z0018944",10,12.2101061079696,2.21010610796962,"Male",3,1
46,"z0018945",22,21.9062208678025,-0.0937791321974792,"Female",3,1
46,"z0023316",6,5.08992915034946,-0.910070849650541,"Male",4,1
46,"z0023317",25,22.0501300608006,-2.94986993919936,"Male",3,1
46,"z0023318",11,8.1295391133963,-2.8704608866037,"Female",4,1
46,"z0023319",26,18.2506044944348,-7.74939550556523,"Male",4,1
46,"z0023321",11,11.0401569318047,0.0401569318046704,"Female",3,1
46,"z0027453",6,13.7952579409739,7.79525794097392,"Female",3,1
46,"z0027455",10,13.245555437678,3.24555543767798,"Female",2,1
46,"z0033888",6,10.1768082094617,4.17680820946167,"Female",3,1
46,"z0033893",15,17.9441305392971,2.94413053929711,"Male",2,1
46,"z0033898",10,16.1323853123969,6.13238531239692,"Male",3,1
46,"z0033906",15,16.5803924982244,1.58039249822435,"Male",5,1
46,"z0033908",6,19.8342461781185,13.8342461781185,"Male",5,1
46,"z0041286",28,24.1164700045852,-3.88352999541484,"Male",3,1
46,"z0045921",10,17.7381509933625,7.73815099336251,"Female",2,1
46,"z0045925",24,21.3285869292049,-2.67141307079513,"Male",4,1
46,"z0045931",7,4.98253164761891,-2.01746835238109,"Male",4,1
46,"z0049046",6,11.5422346039585,5.54223460395851,"Female",3,1
46,"z0049048",11,16.8838698379827,5.88386983798268,"Male",2,1
46,"z0049050",11,24.0397887081416,13.0397887081416,"Male",3,1
46,"z0049051",37,23.9207830734697,-13.0792169265303,"Female",4,1
46,"z0049052",34,24.5637690635548,-9.43623093644517,"Male",4,1
46,"z0061425",26,16.9647211199863,-9.03527888001371,"Male",4,1
46,"z0071016",8,14.9022230212677,6.90222302126773,"Male",3,1
46,"z0075660",18,20.6830293930578,2.68302939305784,"Male",4,1
46,"z0075663",18,19.3012720249303,1.30127202493032,"Male",3,1
46,"z0075665",27,18.6753434712682,-8.32465652873183,"Female",3,1
46,"z0075676",9,13.3044132237167,4.30441322371675,"Female",4,1
46,"z0075677",4,3.53765913013023,-0.462340869869773,"Female",5,1
46,"z0075678",7,15.0962234991347,8.09622349913465,"Female",4,1
46,"z0091082",7,6.06070564372935,-0.939294356270645,"Female",3,1
46,"z0091085",19,17.8115665185065,-1.18843348149354,"Female",3,1
46,"z0091086",3,-9.56869056361015,-12.5686905636101,"Female",3,1
46,"z0091275",3,10.3095294970378,7.30952949703782,"Male",3,1
46,"z0091276",10,31.660343937209,21.660343937209,"Female",2,1
46,"z0091277",3,6.09801198890848,3.09801198890848,"Female",4,1
46,"z0091284",3,1.68799901607259,-1.31200098392741,"Male",4,1
46,"z0091285",5,4.47333012426423,-0.52666987573577,"Male",5,1
46,"z0091286",14,17.1556102959537,3.15561029595374,"Male",4,1
46,"z0092243",19,16.9373505400816,-2.06264945991844,"Female",4,1
46,"z0092256",5,6.82366366152961,1.82366366152961,"Male",5,1
46,"z0098734",23,16.9785196926,-6.02148030740002,"Male",4,1
46,"z0098735",30,23.1685473371687,-6.83145266283129,"Male",4,1
46,"z0098736",15,11.0221203908508,-3.97787960914924,"Female",3,1
46,"z0098737",12,16.483329535874,4.483329535874,"Female",5,1
46,"z0098738",19,16.51991921971,-2.48008078029002,"Male",4,1
46,"z0098740",17,15.582843156564,-1.41715684343601,"Female",4,1
46,"z0098744",6,10.7042622660724,4.70426226607242,"Male",2,1
46,"z0098745",7,10.5673787152306,3.56737871523065,"Male",4,1
46,"z0098746",32,16.9133010736657,-15.0866989263343,"Male",4,1
46,"z0102483",5,4.32851624848557,-0.671483751514428,"Male",5,1
46,"z0102484",13,20.0625582717605,7.06255827176054,"Female",3,1
46,"z0102485",21,25.3014419596978,4.30144195969777,"Male",2,1
46,"z0102500",12,12.4458134421185,0.445813442118489,"Male",4,1
46,"z0123188",24,30.1859297228213,6.18592972282134,"Female",5,1
46,"z0132631",15,20.6435438347146,5.64354383471464,"Female",3,1
46,"z0132632",34,25.472249958669,-8.52775004133099,"Female",4,1
46,"z0132634",12,13.776153150809,1.776153150809,"Female",4,1
46,"z0132639",29,20.8418640838328,-8.1581359161672,"Female",3,1
46,"z0132641",21,16.8027710542777,-4.19722894572234,"Male",3,1
46,"z0132642",11,7.7621599504394,-3.2378400495606,"Female",2,1
46,"z0132658",36,17.0710934706253,-18.9289065293747,"Male",4,1
46,"z0132659",27,26.4410423256636,-0.558957674336352,"Female",3,1
46,"z0132660",23,19.6244743195919,-3.37552568040807,"Male",4,1
46,"z0160208",21,27.8836044974079,6.88360449740793,"Female",5,1
46,"z0175867",9,12.4588730307017,3.45887303070169,"Female",4,1
46,"z0175874",20,16.1367749091898,-3.86322509081025,"Male",4,1
46,"z0175876",12,18.9517570789383,6.95175707893829,"Male",5,1
46,"z0175877",32,27.1823630789856,-4.81763692101442,"Female",4,1
46,"z0178364",10,15.0091497409204,5.00914974092037,"Female",5,1
46,"z0183541",32,22.123028037628,-9.87697196237196,"Male",4,1
46,"z0183543",4,0.994320468528834,-3.00567953147117,"Male",5,1
46,"z0183544",11,11.542524489866,0.542524489865977,"Female",5,1
46,"z0186431",8,11.611583653694,3.61158365369403,"Male",2,1
46,"z0186433",21,18.4043674946892,-2.59563250531084,"Male",5,1
46,"z0186434",22,19.8762407166963,-2.12375928330373,"Male",3,1
46,"z0186435",30,16.1043102441496,-13.8956897558504,"Male",3,1
46,"z0186450",4,7.56382008078651,3.56382008078651,"Male",3,1
46,"z0190863",11,19.5491620698032,8.54916206980321,"Female",5,1
46,"z0190867",7,13.336912976157,6.33691297615703,"Female",4,1
46,"z0196956",13,22.3345120210989,9.33451202109886,"Male",5,1
46,"z0198374",16,14.6527070343253,-1.34729296567467,"Male",4,1
46,"z0198377",35,21.0657547202255,-13.9342452797745,"Female",3,1
46,"z0198473",25,23.0493961296896,-1.95060387031041,"Male",5,1
46,"z0198474",19,24.1819176843873,5.18191768438733,"Male",5,1
46,"z0198475",40,27.5404512882758,-12.4595487117242,"Male",3,1
46,"z0187739",23,24.7342794954938,1.73427949549379,"Female",3,1
46,"z0045928",22,22.1011997749459,0.101199774945879,"Female",2,1
47,"z0018943",10,19.6743818200749,9.67438182007489,"Female",3,1
47,"z0018944",10,13.0373844692791,3.03738446927908,"Male",3,1
47,"z0018945",22,24.036848456231,2.03684845623101,"Female",3,1
47,"z0023316",6,3.01228099469767,-2.98771900530233,"Male",4,1
47,"z0023317",25,22.3231621506242,-2.67683784937578,"Male",3,1
47,"z0023318",11,9.22775417782454,-1.77224582217546,"Female",4,1
47,"z0023319",26,19.4775598521979,-6.52244014780214,"Male",4,1
47,"z0023321",11,11.5758840582021,0.57588405820211,"Female",3,1
47,"z0027453",6,14.256829294947,8.25682929494696,"Female",3,1
47,"z0033888",6,12.1279539364555,6.12795393645553,"Female",3,1
47,"z0033898",10,15.5065956526538,5.50659565265378,"Male",3,1
47,"z0033906",15,18.8297535919881,3.82975359198812,"Male",5,1
47,"z0033908",6,21.5880487047448,15.5880487047448,"Male",5,1
47,"z0041286",28,24.7822513409924,-3.21774865900758,"Male",3,1
47,"z0045925",24,24.6832665087999,0.683266508799907,"Male",4,1
47,"z0045931",7,4.11783288671386,-2.88216711328614,"Male",4,1
47,"z0049046",6,11.4795845502768,5.47958455027682,"Female",3,1
47,"z0049050",11,24.1387691550065,13.1387691550065,"Male",3,1
47,"z0049051",37,23.0603326438145,-13.9396673561855,"Female",4,1
47,"z0049052",34,24.8700720380039,-9.12992796199612,"Male",4,1
47,"z0061425",26,18.764543559897,-7.23545644010298,"Male",4,1
47,"z0071016",8,13.4589112603747,5.45891126037475,"Male",3,1
47,"z0075660",18,23.1932766506387,5.19327665063867,"Male",4,1
47,"z0075663",18,20.5182850825124,2.51828508251236,"Male",3,1
47,"z0075665",27,20.2358735517965,-6.76412644820352,"Female",3,1
47,"z0075676",9,12.0684223154143,3.06842231541427,"Female",4,1
47,"z0075677",4,0.542896617385588,-3.45710338261441,"Female",5,1
47,"z0075678",7,16.2454330187949,9.24543301879493,"Female",4,1
47,"z0091082",7,5.42176837151857,-1.57823162848143,"Female",3,1
47,"z0091085",19,20.8989076189548,1.89890761895482,"Female",3,1
47,"z0091086",3,-11.2285038551316,-14.2285038551316,"Female",3,1
47,"z0091275",3,8.05310216436821,5.05310216436821,"Male",3,1
47,"z0091277",3,6.87123322241627,3.87123322241627,"Female",4,1
47,"z0091284",3,-2.1756399737446,-5.1756399737446,"Male",4,1
47,"z0091285",5,3.14504766973351,-1.85495233026649,"Male",5,1
47,"z0091286",14,19.3643699592247,5.36436995922472,"Male",4,1
47,"z0092243",19,17.4087907758541,-1.59120922414589,"Female",4,1
47,"z0092256",5,6.32729786994882,1.32729786994882,"Male",5,1
47,"z0098734",23,17.6035586156987,-5.39644138430126,"Male",4,1
47,"z0098735",30,23.8983747745462,-6.10162522545383,"Male",4,1
47,"z0098736",15,11.5133638627218,-3.48663613727818,"Female",3,1
47,"z0098737",12,13.3589133822935,1.35891338229353,"Female",5,1
47,"z0098738",19,17.1381323753698,-1.86186762463019,"Male",4,1
47,"z0098740",17,13.9424825292174,-3.05751747078264,"Female",4,1
47,"z0098745",7,12.1300300698974,5.13003006989742,"Male",4,1
47,"z0098746",32,17.1300801248393,-14.8699198751607,"Male",4,1
47,"z0102483",5,5.54575763250207,0.545757632502072,"Male",5,1
47,"z0102484",13,18.5828416654549,5.58284166545493,"Female",3,1
47,"z0102500",12,13.1409178758005,1.14091787580049,"Male",4,1
47,"z0123188",24,29.0151343320917,5.01513433209168,"Female",5,1
47,"z0132631",15,21.6571504491585,6.65715044915849,"Female",3,1
47,"z0132632",34,25.9399390050104,-8.0600609949896,"Female",4,1
47,"z0132634",12,13.9191239457518,1.91912394575176,"Female",4,1
47,"z0132639",29,22.1811867524473,-6.81881324755265,"Female",3,1
47,"z0132641",21,19.2809757674511,-1.71902423254891,"Male",3,1
47,"z0132658",36,19.4165182068038,-16.5834817931962,"Male",4,1
47,"z0132659",27,27.6346345586193,0.634634558619304,"Female",3,1
47,"z0132660",23,22.9696165540949,-0.0303834459051231,"Male",4,1
47,"z0160208",21,29.7925220054261,8.79252200542613,"Female",5,1
47,"z0175867",9,14.9295862818784,5.92958628187835,"Female",4,1
47,"z0175874",20,18.1829899005242,-1.81701009947579,"Male",4,1
47,"z0175876",12,17.1658766932712,5.16587669327124,"Male",5,1
47,"z0175877",32,30.1841933741494,-1.81580662585063,"Female",4,1
47,"z0178364",10,13.5200629529942,3.52006295299421,"Female",5,1
47,"z0183541",32,24.1578262333427,-7.84217376665732,"Male",4,1
47,"z0183543",4,-1.19435619778503,-5.19435619778503,"Male",5,1
47,"z0183544",11,11.4981515561925,0.498151556192489,"Female",5,1
47,"z0186433",21,19.4370789592848,-1.56292104071519,"Male",5,1
47,"z0186434",22,20.2240668937326,-1.77593310626736,"Male",3,1
47,"z0186435",30,16.501895733739,-13.498104266261,"Male",3,1
47,"z0186450",4,7.65375183419741,3.65375183419741,"Male",3,1
47,"z0190863",11,18.5775938624588,7.57759386245885,"Female",5,1
47,"z0190867",7,13.0221296131913,6.0221296131913,"Female",4,1
47,"z0196956",13,24.980182721759,11.980182721759,"Male",5,1
47,"z0198374",16,15.9297504308125,-0.0702495691875491,"Male",4,1
47,"z0198377",35,21.8233039601035,-13.1766960398965,"Female",3,1
47,"z0198473",25,25.0760955229535,0.076095522953544,"Male",5,1
47,"z0198474",19,24.5536607079668,5.55366070796676,"Male",5,1
47,"z0198475",40,28.1054301207945,-11.8945698792055,"Male",3,1
47,"z0187739",23,27.908215550395,4.908215550395,"Female",3,1
48,"z0023316",6,4.84624279860434,-1.15375720139566,"Male",4,1
48,"z0023318",11,7.82578607398922,-3.17421392601078,"Female",4,1
48,"z0023319",26,17.3175425798035,-8.68245742019646,"Male",4,1
48,"z0033906",15,17.7683484943049,2.76834849430492,"Male",5,1
48,"z0033908",6,19.2589274642528,13.2589274642528,"Male",5,1
48,"z0045925",24,24.1665476231855,0.166547623185501,"Male",4,1
48,"z0045931",7,5.84981063575035,-1.15018936424965,"Male",4,1
48,"z0049051",37,23.3942270524584,-13.6057729475416,"Female",4,1
48,"z0049052",34,24.7711261930917,-9.22887380690832,"Male",4,1
48,"z0061425",26,18.4628228230834,-7.53717717691657,"Male",4,1
48,"z0075660",18,23.1585216184965,5.15852161849645,"Male",4,1
48,"z0075676",9,12.9741724056417,3.97417240564172,"Female",4,1
48,"z0075677",4,5.15303635966163,1.15303635966163,"Female",5,1
48,"z0075678",7,15.7293054505268,8.7293054505268,"Female",4,1
48,"z0091277",3,4.55226142512241,1.55226142512241,"Female",4,1
48,"z0091284",3,1.25992804814352,-1.74007195185648,"Male",4,1
48,"z0091285",5,2.73940165718171,-2.26059834281829,"Male",5,1
48,"z0091286",14,19.5506826874847,5.55068268748465,"Male",4,1
48,"z0092243",19,18.4021660581582,-0.597833941841802,"Female",4,1
48,"z0092256",5,9.62829142099305,4.62829142099305,"Male",5,1
48,"z0098734",23,18.7774081088007,-4.2225918911993,"Male",4,1
48,"z0098735",30,24.0682038839179,-5.93179611608209,"Male",4,1
48,"z0098737",12,16.8219575702511,4.8219575702511,"Female",5,1
48,"z0098738",19,17.8237168129199,-1.17628318708012,"Male",4,1
48,"z0098740",17,12.5225974834881,-4.47740251651187,"Female",4,1
48,"z0098745",7,12.6569443941153,5.65694439411529,"Male",4,1
48,"z0098746",32,18.7486992909854,-13.2513007090146,"Male",4,1
48,"z0102483",5,7.66708483965012,2.66708483965012,"Male",5,1
48,"z0102500",12,12.3971240975407,0.397124097540715,"Male",4,1
48,"z0123188",24,29.6919985207192,5.69199852071918,"Female",5,1
48,"z0132632",34,26.7833457719662,-7.21665422803376,"Female",4,1
48,"z0132634",12,14.1692774104335,2.16927741043348,"Female",4,1
48,"z0132658",36,19.4335622669988,-16.5664377330012,"Male",4,1
48,"z0132660",23,22.6837474580425,-0.316252541957489,"Male",4,1
48,"z0160208",21,29.4990994721652,8.49909947216523,"Female",5,1
48,"z0175867",9,16.2956395430042,7.2956395430042,"Female",4,1
48,"z0175874",20,18.4571562682588,-1.54284373174122,"Male",4,1
48,"z0175876",12,17.8478017738503,5.84780177385026,"Male",5,1
48,"z0175877",32,29.9828978948394,-2.01710210516064,"Female",4,1
48,"z0178364",10,17.7610186908404,7.76101869084036,"Female",5,1
48,"z0183541",32,23.7176134181755,-8.28238658182448,"Male",4,1
48,"z0183543",4,-1.33129072991265,-5.33129072991265,"Male",5,1
48,"z0183544",11,12.4451173425695,1.44511734256947,"Female",5,1
48,"z0186433",21,21.1192234887717,0.119223488771706,"Male",5,1
48,"z0190863",11,16.6273916423803,5.6273916423803,"Female",5,1
48,"z0190867",7,12.0831022995244,5.08310229952438,"Female",4,1
48,"z0196956",13,19.2866862722269,6.28668627222692,"Male",5,1
48,"z0198374",16,16.2195968823684,0.219596882368389,"Male",4,1
48,"z0198473",25,24.4745665013068,-0.525433498693239,"Male",5,1
48,"z0198474",19,26.018468573311,7.01846857331099,"Male",5,1
49,"z0018943",10,19.1217844358496,9.12178443584962,"Female",3,0.6
49,"z0018944",10,12.0919346133195,2.09193461331946,"Male",3,0.6
49,"z0018945",22,23.091963074182,1.09196307418203,"Female",3,0.6
49,"z0023316",6,1.61442701691898,-4.38557298308102,"Male",4,0.8
49,"z0023317",25,21.0407458728669,-3.95925412713314,"Male",3,0.6
49,"z0023318",11,9.2972341999134,-1.7027658000866,"Female",4,0.8
49,"z0023319",26,19.4012815841578,-6.5987184158422,"Male",4,0.8
49,"z0023321",11,11.8266681172689,0.826668117268902,"Female",3,0.6
49,"z0027453",6,14.3130984777702,8.31309847777018,"Female",3,0.6
49,"z0027455",10,15.8826079822832,5.88260798228322,"Female",2,0.4
49,"z0033888",6,12.0817797519646,6.08177975196463,"Female",3,0.6
49,"z0033893",15,20.9323058536866,5.93230585368655,"Male",2,0.4
49,"z0033898",10,16.126493390533,6.12649339053305,"Male",3,0.6
49,"z0033906",15,16.7148097868836,1.71480978688361,"Male",5,1
49,"z0033908",6,19.7571359963447,13.7571359963447,"Male",5,1
49,"z0041286",28,27.1783944772034,-0.821605522796599,"Male",3,0.6
49,"z0045921",10,18.412687736821,8.41268773682102,"Female",2,0.4
49,"z0045925",24,24.7113103832889,0.711310383288897,"Male",4,0.8
49,"z0045931",7,5.77338328097197,-1.22661671902803,"Male",4,0.8
49,"z0049046",6,11.799365583794,5.79936558379397,"Female",3,0.6
49,"z0049048",11,15.660135398207,4.66013539820704,"Male",2,0.4
49,"z0049050",11,24.5423895292567,13.5423895292567,"Male",3,0.6
49,"z0049051",37,21.5488572210617,-15.4511427789383,"Female",4,0.8
49,"z0049052",34,27.1487430214517,-6.85125697854828,"Male",4,0.8
49,"z0061425",26,18.6062231787056,-7.39377682129438,"Male",4,0.8
49,"z0071016",8,13.4705237029784,5.47052370297841,"Male",3,0.6
49,"z0075660",18,22.5773129162601,4.57731291626011,"Male",4,0.8
49,"z0075663",18,20.216718340772,2.21671834077198,"Male",3,0.6
49,"z0075665",27,20.9248403781727,-6.07515962182732,"Female",3,0.6
49,"z0075676",9,11.3746379595039,2.37463795950388,"Female",4,0.8
49,"z0075677",4,2.80000119788443,-1.19999880211557,"Female",5,1
49,"z0075678",7,15.8744447320013,8.87444473200134,"Female",4,0.8
49,"z0091082",7,3.38145465942848,-3.61854534057152,"Female",3,0.6
49,"z0091085",19,19.6394450112077,0.639445011207659,"Female",3,0.6
49,"z0091086",3,-7.8212148370612,-10.8212148370612,"Female",3,0.6
49,"z0091275",3,9.65661325753552,6.65661325753552,"Male",3,0.6
49,"z0091276",10,30.5735552074417,20.5735552074417,"Female",2,0.4
49,"z0091277",3,4.23715439867942,1.23715439867942,"Female",4,0.8
49,"z0091284",3,-1.28671938239039,-4.28671938239039,"Male",4,0.8
49,"z0091285",5,4.21637995818246,-0.783620041817537,"Male",5,1
49,"z0091286",14,17.8185489129802,3.81854891298018,"Male",4,0.8
49,"z0092243",19,15.5701308669504,-3.42986913304961,"Female",4,0.8
49,"z0092256",5,7.48409197609347,2.48409197609347,"Male",5,1
49,"z0098734",23,17.3235589240301,-5.67644107596992,"Male",4,0.8
49,"z0098735",30,24.1217431189936,-5.87825688100641,"Male",4,0.8
49,"z0098736",15,10.1926735427348,-4.80732645726517,"Female",3,0.6
49,"z0098737",12,16.4504527531979,4.45045275319793,"Female",5,1
49,"z0098738",19,16.4918330436193,-2.50816695638073,"Male",4,0.8
49,"z0098740",17,13.6972188293851,-3.30278117061494,"Female",4,0.8
49,"z0098744",6,10.7266377123533,4.7266377123533,"Male",2,0.4
49,"z0098745",7,11.9367903321166,4.9367903321166,"Male",4,0.8
49,"z0098746",32,16.6711384706531,-15.3288615293469,"Male",4,0.8
49,"z0102483",5,6.03279309047237,1.03279309047237,"Male",5,1
49,"z0102484",13,17.5827446153857,4.5827446153857,"Female",3,0.6
49,"z0102485",21,26.5416955149366,5.54169551493656,"Male",2,0.4
49,"z0102500",12,13.1719377923533,1.1719377923533,"Male",4,0.8
49,"z0123188",24,28.1196709838224,4.11967098382242,"Female",5,1
49,"z0132631",15,21.0565408001,6.05654080009997,"Female",3,0.6
49,"z0132632",34,27.8135685915523,-6.18643140844774,"Female",4,0.8
49,"z0132634",12,13.8351779805319,1.83517798053185,"Female",4,0.8
49,"z0132639",29,21.0301979077379,-7.96980209226212,"Female",3,0.6
49,"z0132641",21,17.5979851959881,-3.4020148040119,"Male",3,0.6
49,"z0132642",11,4.62584713049836,-6.37415286950164,"Female",2,0.4
49,"z0132658",36,18.1956173595169,-17.8043826404831,"Male",4,0.8
49,"z0132659",27,26.5898692963765,-0.410130703623505,"Female",3,0.6
49,"z0132660",23,21.1782541694638,-1.82174583053621,"Male",4,0.8
49,"z0160208",21,27.4915565397654,6.49155653976539,"Female",5,1
49,"z0175867",9,11.6365277701222,2.63652777012223,"Female",4,0.8
49,"z0175874",20,17.3001709772523,-2.69982902274766,"Male",4,0.8
49,"z0175876",12,17.496112838934,5.49611283893396,"Male",5,1
49,"z0175877",32,29.8030056126234,-2.19699438737662,"Female",4,0.8
49,"z0178364",10,14.741131795418,4.74113179541804,"Female",5,1
49,"z0183541",32,23.363414085369,-8.63658591463104,"Male",4,0.8
49,"z0183543",4,-0.686630081257601,-4.6866300812576,"Male",5,1
49,"z0183544",11,10.9289719622504,-0.0710280377496382,"Female",5,1
49,"z0186431",8,12.3345405742712,4.33454057427123,"Male",2,0.4
49,"z0186433",21,17.7693253247543,-3.23067467524572,"Male",5,1
49,"z0186434",22,17.6033695048798,-4.39663049512025,"Male",3,0.6
49,"z0186435",30,16.4318686371006,-13.5681313628994,"Male",3,0.6
49,"z0186450",4,8.15394700859427,4.15394700859427,"Male",3,0.6
49,"z0190863",11,16.1999341140877,5.1999341140877,"Female",5,1
49,"z0190867",7,12.8090064845334,5.80900648453336,"Female",4,0.8
49,"z0196956",13,24.2669230232687,11.2669230232687,"Male",5,1
49,"z0198374",16,15.3769424376439,-0.623057562356124,"Male",4,0.8
49,"z0198377",35,21.6014245216226,-13.3985754783774,"Female",3,0.6
49,"z0198473",25,21.5490974414107,-3.45090255858932,"Male",5,1
49,"z0198474",19,23.7016786861627,4.70167868616267,"Male",5,1
49,"z0198475",40,28.8250784456304,-11.1749215543696,"Male",3,0.6
49,"z0187739",23,24.7162251996574,1.71622519965736,"Female",3,0.6
49,"z0045928",22,23.4863575111365,1.48635751113652,"Female",2,0.4
50,"z0018943",10,19.8459553615678,9.84595536156779,"Female",3,0.6
50,"z0018944",10,10.4638771524392,0.463877152439192,"Male",3,0.6
50,"z0018945",22,24.5177010240422,2.51770102404218,"Female",3,0.6
50,"z0023316",6,3.01842319789469,-2.98157680210531,"Male",4,0.8
50,"z0023317",25,21.7146217176713,-3.28537828232867,"Male",3,0.6
50,"z0023318",11,9.95668490844043,-1.04331509155957,"Female",4,0.8
50,"z0023319",26,19.328847950053,-6.67115204994701,"Male",4,0.8
50,"z0023321",11,10.4986690418707,-0.50133095812927,"Female",3,0.6
50,"z0027453",6,14.6149777292996,8.61497772929958,"Female",3,0.6
50,"z0033888",6,13.1631793531548,7.16317935315478,"Female",3,0.6
50,"z0033898",10,15.6208156559934,5.62081565599341,"Male",3,0.6
50,"z0033906",15,18.0639273103114,3.06392731031145,"Male",5,1
50,"z0033908",6,20.2161997117061,14.2161997117061,"Male",5,1
50,"z0041286",28,25.7083022046747,-2.29169779532534,"Male",3,0.6
50,"z0045925",24,24.1492778276113,0.149277827611318,"Male",4,0.8
50,"z0045931",7,5.44541655799647,-1.55458344200353,"Male",4,0.8
50,"z0049046",6,12.4966780800106,6.49667808001057,"Female",3,0.6
50,"z0049050",11,24.631218157569,13.631218157569,"Male",3,0.6
50,"z0049051",37,21.7985051488328,-15.2014948511672,"Female",4,0.8
50,"z0049052",34,24.6495991684901,-9.35040083150989,"Male",4,0.8
50,"z0061425",26,18.762815934648,-7.23718406535197,"Male",4,0.8
50,"z0071016",8,14.1020945413963,6.10209454139627,"Male",3,0.6
50,"z0075660",18,23.2091385211082,5.20913852110818,"Male",4,0.8
50,"z0075663",18,20.9046126413875,2.90461264138749,"Male",3,0.6
50,"z0075665",27,20.8729659709927,-6.1270340290073,"Female",3,0.6
50,"z0075676",9,11.1224092665523,2.12240926655225,"Female",4,0.8
50,"z0075677",4,1.31592304149025,-2.68407695850975,"Female",5,1
50,"z0075678",7,16.8530773690184,9.85307736901842,"Female",4,0.8
50,"z0091082",7,5.34635288702747,-1.65364711297253,"Female",3,0.6
50,"z0091085",19,20.648686040151,1.64868604015104,"Female",3,0.6
50,"z0091086",3,-8.47104111656808,-11.4710411165681,"Female",3,0.6
50,"z0091275",3,7.13993989049926,4.13993989049926,"Male",3,0.6
50,"z0091277",3,5.43505181342446,2.43505181342446,"Female",4,0.8
50,"z0091284",3,-1.90380018984651,-4.90380018984651,"Male",4,0.8
50,"z0091285",5,3.01969343405495,-1.98030656594505,"Male",5,1
50,"z0091286",14,17.4384742801352,3.43847428013518,"Male",4,0.8
50,"z0092243",19,16.9588352387404,-2.04116476125963,"Female",4,0.8
50,"z0092256",5,7.37057092592916,2.37057092592916,"Male",5,1
50,"z0098734",23,18.1147514490389,-4.88524855096106,"Male",4,0.8
50,"z0098735",30,24.0009195480138,-5.99908045198625,"Male",4,0.8
50,"z0098736",15,10.5964055986269,-4.40359440137307,"Female",3,0.6
50,"z0098737",12,14.0135907934215,2.01359079342153,"Female",5,1
50,"z0098738",19,17.0004821649652,-1.99951783503477,"Male",4,0.8
50,"z0098740",17,13.4037355839216,-3.5962644160784,"Female",4,0.8
50,"z0098745",7,12.0011380635006,5.00113806350058,"Male",4,0.8
50,"z0098746",32,16.8479579354551,-15.1520420645449,"Male",4,0.8
50,"z0102483",5,6.61480509304342,1.61480509304342,"Male",5,1
50,"z0102484",13,17.7561949828951,4.7561949828951,"Female",3,0.6
50,"z0102500",12,13.3701433956566,1.3701433956566,"Male",4,0.8
50,"z0123188",24,28.5031110742894,4.50311107428945,"Female",5,1
50,"z0132631",15,21.7295204448462,6.7295204448462,"Female",3,0.6
50,"z0132632",34,26.6621354771356,-7.33786452286436,"Female",4,0.8
50,"z0132634",12,13.834730369293,1.834730369293,"Female",4,0.8
50,"z0132639",29,21.8297242237215,-7.17027577627853,"Female",3,0.6
50,"z0132641",21,18.9068242732971,-2.0931757267029,"Male",3,0.6
50,"z0132658",36,19.2107390810103,-16.7892609189897,"Male",4,0.8
50,"z0132659",27,27.1371981277833,0.137198127783286,"Female",3,0.6
50,"z0132660",23,23.2212487894478,0.221248789447792,"Male",4,0.8
50,"z0160208",21,28.7356565307624,7.73565653076239,"Female",5,1
50,"z0175867",9,13.9063271912257,4.90632719122566,"Female",4,0.8
50,"z0175874",20,17.220089666916,-2.77991033308401,"Male",4,0.8
50,"z0175876",12,17.1084449148399,5.10844491483993,"Male",5,1
50,"z0175877",32,29.9271512126747,-2.07284878732526,"Female",4,0.8
50,"z0178364",10,14.1460888185326,4.14608881853255,"Female",5,1
50,"z0183541",32,24.685159874608,-7.31484012539199,"Male",4,0.8
50,"z0183543",4,-0.719929208713246,-4.71992920871325,"Male",5,1
50,"z0183544",11,11.3344872991074,0.334487299107433,"Female",5,1
50,"z0186433",21,19.5422285339949,-1.45777146600505,"Male",5,1
50,"z0186434",22,19.6794231133373,-2.32057688666269,"Male",3,0.6
50,"z0186435",30,16.8832726956102,-13.1167273043898,"Male",3,0.6
50,"z0186450",4,8.37075006760517,4.37075006760517,"Male",3,0.6
50,"z0190863",11,16.6911876468871,5.69118764688707,"Female",5,1
50,"z0190867",7,13.2530403078626,6.2530403078626,"Female",4,0.8
50,"z0196956",13,25.9811751593954,12.9811751593954,"Male",5,1
50,"z0198374",16,15.8356748689012,-0.164325131098842,"Male",4,0.8
50,"z0198377",35,21.7217472307215,-13.2782527692785,"Female",3,0.6
50,"z0198473",25,22.9716562077255,-2.02834379227447,"Male",5,1
50,"z0198474",19,24.4457113193166,5.44571131931657,"Male",5,1
50,"z0198475",40,29.0935345403525,-10.9064654596475,"Male",3,0.6
50,"z0187739",23,26.6434735469613,3.6434735469613,"Female",3,0.6
51,"z0023316",6,2.3220836193887,-3.6779163806113,"Male",4,0.8
51,"z0023318",11,7.78527192841408,-3.21472807158592,"Female",4,0.8
51,"z0023319",26,16.5762642614013,-9.42373573859869,"Male",4,0.8
51,"z0033906",15,16.679271551087,1.67927155108703,"Male",5,1
51,"z0033908",6,17.0693267123169,11.0693267123169,"Male",5,1
51,"z0045925",24,25.5182315708188,1.51823157081884,"Male",4,0.8
51,"z0045931",7,6.07992762385048,-0.920072376149521,"Male",4,0.8
51,"z0049051",37,22.3705722421028,-14.6294277578972,"Female",4,0.8
51,"z0049052",34,24.3072359355298,-9.69276406447016,"Male",4,0.8
51,"z0061425",26,18.0742887828048,-7.92571121719524,"Male",4,0.8
51,"z0075660",18,24.4699431115797,6.46994311157966,"Male",4,0.8
51,"z0075676",9,11.1014303026094,2.10143030260935,"Female",4,0.8
51,"z0075677",4,6.01173375704937,2.01173375704937,"Female",5,1
51,"z0075678",7,15.8260247625908,8.82602476259084,"Female",4,0.8
51,"z0091277",3,4.61111395847597,1.61111395847597,"Female",4,0.8
51,"z0091284",3,0.56490059371612,-2.43509940628388,"Male",4,0.8
51,"z0091285",5,2.36421727120272,-2.63578272879728,"Male",5,1
51,"z0091286",14,18.390927546274,4.39092754627401,"Male",4,0.8
51,"z0092243",19,17.9801683959508,-1.01983160404915,"Female",4,0.8
51,"z0092256",5,11.1027251979392,6.10272519793923,"Male",5,1
51,"z0098734",23,19.8096804582512,-3.19031954174884,"Male",4,0.8
51,"z0098735",30,24.5333562419708,-5.46664375802916,"Male",4,0.8
51,"z0098737",12,18.2992865119644,6.29928651196438,"Female",5,1
51,"z0098738",19,17.4722302878924,-1.52776971210765,"Male",4,0.8
51,"z0098740",17,11.4925305544506,-5.50746944554942,"Female",4,0.8
51,"z0098745",7,12.1499660812347,5.14996608123475,"Male",4,0.8
51,"z0098746",32,17.9435225940395,-14.0564774059605,"Male",4,0.8
51,"z0102483",5,8.18632135052648,3.18632135052648,"Male",5,1
51,"z0102500",12,12.6756584654421,0.675658465442146,"Male",4,0.8
51,"z0123188",24,28.8207862108777,4.8207862108777,"Female",5,1
51,"z0132632",34,26.7703002260066,-7.2296997739934,"Female",4,0.8
51,"z0132634",12,13.8276744612316,1.82767446123156,"Female",4,0.8
51,"z0132658",36,16.7814289305265,-19.2185710694735,"Male",4,0.8
51,"z0132660",23,22.5898352162757,-0.41016478372433,"Male",4,0.8
51,"z0160208",21,28.3724710384151,7.37247103841511,"Female",5,1
51,"z0175867",9,16.1903540476759,7.1903540476759,"Female",4,0.8
51,"z0175874",20,18.3439960807225,-1.65600391927751,"Male",4,0.8
51,"z0175876",12,17.3109180582256,5.31091805822558,"Male",5,1
51,"z0175877",32,30.0213758421111,-1.97862415788887,"Female",4,0.8
51,"z0178364",10,17.7933876901969,7.79338769019693,"Female",5,1
51,"z0183541",32,23.2322475312795,-8.7677524687205,"Male",4,0.8
51,"z0183543",4,-1.20424552737028,-5.20424552737028,"Male",5,1
51,"z0183544",11,12.2169408364881,1.21694083648811,"Female",5,1
51,"z0186433",21,20.9361903704131,-0.0638096295868777,"Male",5,1
51,"z0190863",11,15.5935672282999,4.59356722829992,"Female",5,1
51,"z0190867",7,13.3529507157547,6.35295071575473,"Female",4,0.8
51,"z0196956",13,22.1100344122194,9.1100344122194,"Male",5,1
51,"z0198374",16,15.3853900877596,-0.614609912240377,"Male",4,0.8
51,"z0198473",25,22.9638761867987,-2.03612381320134,"Male",5,1
51,"z0198474",19,25.5774328839743,6.57743288397429,"Male",5,1
52,"z0018943",10,18.9372484410415,8.9372484410415,"Female",3,0.55
52,"z0018944",10,12.0693920006488,2.06939200064875,"Male",3,0.55
52,"z0018945",22,23.9889906469251,1.98899064692512,"Female",3,0.55
52,"z0023316",6,1.73223285647767,-4.26776714352233,"Male",4,0.75
52,"z0023317",25,21.0820657441988,-3.91793425580121,"Male",3,0.55
52,"z0023318",11,8.92214761769831,-2.07785238230169,"Female",4,0.75
52,"z0023319",26,18.9818547164676,-7.01814528353242,"Male",4,0.75
52,"z0023321",11,10.9236922065042,-0.0763077934957828,"Female",3,0.55
52,"z0027453",6,14.148537327491,8.14853732749102,"Female",3,0.55
52,"z0027455",10,15.5395829691664,5.53958296916641,"Female",2,0.2
52,"z0033888",6,12.4761879724113,6.4761879724113,"Female",3,0.55
52,"z0033893",15,20.5730650462282,5.57306504622824,"Male",2,0.2
52,"z0033898",10,15.8515716860169,5.85157168601688,"Male",3,0.55
52,"z0033906",15,17.6904854532081,2.69048545320814,"Male",5,1
52,"z0033908",6,19.6211099837898,13.6211099837898,"Male",5,1
52,"z0041286",28,26.6745822027884,-1.32541779721164,"Male",3,0.55
52,"z0045921",10,18.66766870707,8.66766870706997,"Female",2,0.2
52,"z0045925",24,23.6319697016205,-0.368030298379491,"Male",4,0.75
52,"z0045931",7,5.71188949882305,-1.28811050117695,"Male",4,0.75
52,"z0049046",6,12.4155024055558,6.4155024055558,"Female",3,0.55
52,"z0049048",11,16.5405788133033,5.54057881330332,"Male",2,0.2
52,"z0049050",11,24.6452663502981,13.6452663502981,"Male",3,0.55
52,"z0049051",37,21.0980773022448,-15.9019226977552,"Female",4,0.75
52,"z0049052",34,26.7435238816157,-7.25647611838429,"Male",4,0.75
52,"z0061425",26,18.7911706688019,-7.20882933119805,"Male",4,0.75
52,"z0071016",8,13.8554594224071,5.85545942240709,"Male",3,0.55
52,"z0075660",18,22.3257045387168,4.32570453871682,"Male",4,0.75
52,"z0075663",18,20.6610045193797,2.66100451937972,"Male",3,0.55
52,"z0075665",27,21.2733278915634,-5.72667210843657,"Female",3,0.55
52,"z0075676",9,11.3765549962963,2.37655499629628,"Female",4,0.75
52,"z0075677",4,2.89648068831734,-1.10351931168266,"Female",5,1
52,"z0075678",7,16.7006268465908,9.70062684659081,"Female",4,0.75
52,"z0091082",7,4.8317770092697,-2.1682229907303,"Female",3,0.55
52,"z0091085",19,19.9377342091683,0.93773420916834,"Female",3,0.55
52,"z0091086",3,-7.33315332530866,-10.3331533253087,"Female",3,0.55
52,"z0091275",3,7.86932953665165,4.86932953665165,"Male",3,0.55
52,"z0091276",10,30.3383055898878,20.3383055898878,"Female",2,0.2
52,"z0091277",3,5.90222740942197,2.90222740942197,"Female",4,0.75
52,"z0091284",3,-1.24589795906971,-4.24589795906971,"Male",4,0.75
52,"z0091285",5,3.89698447100682,-1.10301552899318,"Male",5,1
52,"z0091286",14,17.8557468477281,3.85574684772811,"Male",4,0.75
52,"z0092243",19,16.4000249477578,-2.59997505224217,"Female",4,0.75
52,"z0092256",5,7.52233456654934,2.52233456654934,"Male",5,1
52,"z0098734",23,17.5266512118906,-5.47334878810944,"Male",4,0.75
52,"z0098735",30,24.3308422675314,-5.66915773246861,"Male",4,0.75
52,"z0098736",15,10.4740580290459,-4.52594197095414,"Female",3,0.55
52,"z0098737",12,15.7747168570736,3.77471685707365,"Female",5,1
52,"z0098738",19,16.7372847328732,-2.2627152671268,"Male",4,0.75
52,"z0098740",17,13.8823092745116,-3.11769072548842,"Female",4,0.75
52,"z0098744",6,11.0403461977185,5.04034619771846,"Male",2,0.2
52,"z0098745",7,12.1881948848499,5.18819488484994,"Male",4,0.75
52,"z0098746",32,16.866904364644,-15.133095635356,"Male",4,0.75
52,"z0102483",5,6.38045286038389,1.38045286038389,"Male",5,1
52,"z0102484",13,16.5515200471851,3.55152004718508,"Female",3,0.55
52,"z0102485",21,26.4602026339605,5.46020263396053,"Male",2,0.2
52,"z0102500",12,12.8665285858916,0.86652858589159,"Male",4,0.75
52,"z0123188",24,28.2579723302982,4.25797233029817,"Female",5,1
52,"z0132631",15,21.0800905018772,6.08009050187717,"Female",3,0.55
52,"z0132632",34,25.4695583768624,-8.5304416231376,"Female",4,0.75
52,"z0132634",12,13.9766035869358,1.97660358693578,"Female",4,0.75
52,"z0132639",29,21.4857932843152,-7.51420671568485,"Female",3,0.55
52,"z0132641",21,18.4841315671089,-2.51586843289107,"Male",3,0.55
52,"z0132642",11,4.9832238589373,-6.0167761410627,"Female",2,0.2
52,"z0132658",36,18.7631576082467,-17.2368423917533,"Male",4,0.75
52,"z0132659",27,26.5911318352898,-0.408868164710228,"Female",3,0.55
52,"z0132660",23,21.8450120992758,-1.15498790072425,"Male",4,0.75
52,"z0160208",21,28.1422709752862,7.14227097528622,"Female",5,1
52,"z0175867",9,13.2648759269646,4.26487592696463,"Female",4,0.75
52,"z0175874",20,16.4371560324698,-3.56284396753019,"Male",4,0.75
52,"z0175876",12,17.2935246970064,5.29352469700637,"Male",5,1
52,"z0175877",32,28.7736996182613,-3.22630038173872,"Female",4,0.75
52,"z0178364",10,14.6979759392735,4.69797593927346,"Female",5,1
52,"z0183541",32,23.8627696200269,-8.1372303799731,"Male",4,0.75
52,"z0183543",4,-0.733496365405391,-4.73349636540539,"Male",5,1
52,"z0183544",11,10.9235153202464,-0.0764846797535839,"Female",5,1
52,"z0186431",8,12.3511444152676,4.35114441526761,"Male",2,0.2
52,"z0186433",21,18.7315498211518,-2.26845017884821,"Male",5,1
52,"z0186434",22,18.4208555960887,-3.57914440391134,"Male",3,0.55
52,"z0186435",30,16.4455159797908,-13.5544840202092,"Male",3,0.55
52,"z0186450",4,8.22061236265354,4.22061236265354,"Male",3,0.55
52,"z0190863",11,16.3317963449744,5.33179634497439,"Female",5,1
52,"z0190867",7,12.4887547939797,5.48875479397968,"Female",4,0.75
52,"z0196956",13,24.3652754203772,11.3652754203772,"Male",5,1
52,"z0198374",16,15.5987988484831,-0.401201151516855,"Male",4,0.75
52,"z0198377",35,21.6037234507347,-13.3962765492653,"Female",3,0.55
52,"z0198473",25,22.6875333821174,-2.31246661788257,"Male",5,1
52,"z0198474",19,24.1295114467106,5.12951144671061,"Male",5,1
52,"z0198475",40,29.7411282603203,-10.2588717396797,"Male",3,0.55
52,"z0187739",23,25.3110468898577,2.31104688985775,"Female",3,0.55
52,"z0045928",22,24.1692940857303,2.16929408573035,"Female",2,0.2
53,"z0018943",10,19.8572413490695,9.85724134906948,"Female",3,0.55
53,"z0018944",10,11.7703391860732,1.77033918607318,"Male",3,0.55
53,"z0018945",22,24.6117220034254,2.61172200342537,"Female",3,0.55
53,"z0023316",6,0.410234695107524,-5.58976530489248,"Male",4,0.75
53,"z0023317",25,21.6058767755441,-3.39412322445593,"Male",3,0.55
53,"z0023318",11,9.66956530420731,-1.33043469579269,"Female",4,0.75
53,"z0023319",26,19.1933766525179,-6.80662334748214,"Male",4,0.75
53,"z0023321",11,10.513075706722,-0.486924293277976,"Female",3,0.55
53,"z0027453",6,14.447285191113,8.44728519111303,"Female",3,0.55
53,"z0033888",6,13.1929916445109,7.19299164451085,"Female",3,0.55
53,"z0033898",10,15.5918812038716,5.59188120387164,"Male",3,0.55
53,"z0033906",15,17.9286061705459,2.92860617054587,"Male",5,1
53,"z0033908",6,19.8289318545222,13.8289318545222,"Male",5,1
53,"z0041286",28,26.0565468998386,-1.9434531001614,"Male",3,0.55
53,"z0045925",24,24.0910316831228,0.0910316831228499,"Male",4,0.75
53,"z0045931",7,5.47561180771706,-1.52438819228294,"Male",4,0.75
53,"z0049046",6,12.4555660945934,6.45556609459337,"Female",3,0.55
53,"z0049050",11,24.4204279451686,13.4204279451686,"Male",3,0.55
53,"z0049051",37,21.0769084744703,-15.9230915255297,"Female",4,0.75
53,"z0049052",34,25.4101211834155,-8.58987881658454,"Male",4,0.75
53,"z0061425",26,18.895441652122,-7.10455834787797,"Male",4,0.75
53,"z0071016",8,13.8296997701947,5.82969977019474,"Male",3,0.55
53,"z0075660",18,23.1375698739391,5.13756987393908,"Male",4,0.75
53,"z0075663",18,21.1497613054189,3.14976130541895,"Male",3,0.55
53,"z0075665",27,20.8771528736794,-6.12284712632062,"Female",3,0.55
53,"z0075676",9,11.0440365963712,2.04403659637118,"Female",4,0.75
53,"z0075677",4,1.73039941654639,-2.26960058345361,"Female",5,1
53,"z0075678",7,16.949264451564,9.94926445156399,"Female",4,0.75
53,"z0091082",7,4.77253834153056,-2.22746165846944,"Female",3,0.55
53,"z0091085",19,20.3925592190185,1.39255921901849,"Female",3,0.55
53,"z0091086",3,-7.76147925189812,-10.7614792518981,"Female",3,0.55
53,"z0091275",3,6.7189289327741,3.7189289327741,"Male",3,0.55
53,"z0091277",3,5.74930588516613,2.74930588516613,"Female",4,0.75
53,"z0091284",3,-0.770713316590818,-3.77071331659082,"Male",4,0.75
53,"z0091285",5,3.15331616479438,-1.84668383520562,"Male",5,1
53,"z0091286",14,17.3287648364779,3.32876483647792,"Male",4,0.75
53,"z0092243",19,16.7488932742213,-2.25110672577873,"Female",4,0.75
53,"z0092256",5,7.42774392151429,2.42774392151429,"Male",5,1
53,"z0098734",23,17.9917772987749,-5.00822270122509,"Male",4,0.75
53,"z0098735",30,23.8111753876019,-6.18882461239805,"Male",4,0.75
53,"z0098736",15,10.8814985558043,-4.1185014441957,"Female",3,0.55
53,"z0098737",12,14.3076687253969,2.30766872539692,"Female",5,1
53,"z0098738",19,16.9086620811634,-2.09133791883657,"Male",4,0.75
53,"z0098740",17,13.2933328942966,-3.70666710570342,"Female",4,0.75
53,"z0098745",7,12.0860625044522,5.08606250445218,"Male",4,0.75
53,"z0098746",32,16.8217959758938,-15.1782040241062,"Male",4,0.75
53,"z0102483",5,6.32989176478721,1.32989176478721,"Male",5,1
53,"z0102484",13,17.6187717151094,4.61877171510939,"Female",3,0.55
53,"z0102500",12,13.2166954219665,1.21669542196649,"Male",4,0.75
53,"z0123188",24,28.4631364360915,4.4631364360915,"Female",5,1
53,"z0132631",15,21.3872713635686,6.38727136356862,"Female",3,0.55
53,"z0132632",34,25.3102025306401,-8.68979746935991,"Female",4,0.75
53,"z0132634",12,13.9343385678746,1.93433856787457,"Female",4,0.75
53,"z0132639",29,21.7668129753908,-7.23318702460918,"Female",3,0.55
53,"z0132641",21,18.9569411191702,-2.04305888082976,"Male",3,0.55
53,"z0132658",36,19.1387647093012,-16.8612352906988,"Male",4,0.75
53,"z0132659",27,27.0190369753196,0.0190369753196293,"Female",3,0.55
53,"z0132660",23,22.944146671961,-0.0558533280390208,"Male",4,0.75
53,"z0160208",21,29.0525074764013,8.0525074764013,"Female",5,1
53,"z0175867",9,14.0902624843536,5.09026248435362,"Female",4,0.75
53,"z0175874",20,17.2163565661371,-2.78364343386292,"Male",4,0.75
53,"z0175876",12,17.2182506524333,5.2182506524333,"Male",5,1
53,"z0175877",32,29.9154150712885,-2.0845849287115,"Female",4,0.75
53,"z0178364",10,14.8760278705653,4.87602787056534,"Female",5,1
53,"z0183541",32,24.1237278651346,-7.8762721348654,"Male",4,0.75
53,"z0183543",4,-1.19974989716218,-5.19974989716218,"Male",5,1
53,"z0183544",11,11.0709420220474,0.0709420220474328,"Female",5,1
53,"z0186433",21,19.5476059204372,-1.4523940795628,"Male",5,1
53,"z0186434",22,18.7262124163041,-3.27378758369586,"Male",3,0.55
53,"z0186435",30,17.1151049823711,-12.8848950176289,"Male",3,0.55
53,"z0186450",4,8.37825915149115,4.37825915149115,"Male",3,0.55
53,"z0190863",11,16.8554024145065,5.85540241450651,"Female",5,1
53,"z0190867",7,13.4079717242778,6.40797172427779,"Female",4,0.75
53,"z0196956",13,25.5526111702215,12.5526111702215,"Male",5,1
53,"z0198374",16,15.4869805944516,-0.513019405548423,"Male",4,0.75
53,"z0198377",35,21.2653107155995,-13.7346892844005,"Female",3,0.55
53,"z0198473",25,23.3323556289502,-1.66764437104985,"Male",5,1
53,"z0198474",19,24.4091600982819,5.40916009828193,"Male",5,1
53,"z0198475",40,28.9235191277228,-11.0764808722772,"Male",3,0.55
53,"z0187739",23,26.4772316733953,3.47723167339526,"Female",3,0.55
54,"z0023316",6,2.33247828695362,-3.66752171304638,"Male",4,0.75
54,"z0023318",11,7.6917815243654,-3.3082184756346,"Female",4,0.75
54,"z0023319",26,15.7245146249253,-10.2754853750747,"Male",4,0.75
54,"z0033906",15,16.0459072532639,1.04590725326386,"Male",5,1
54,"z0033908",6,16.6839773999112,10.6839773999112,"Male",5,1
54,"z0045925",24,26.0030277105816,2.00302771058155,"Male",4,0.75
54,"z0045931",7,5.78601906220615,-1.21398093779385,"Male",4,0.75
54,"z0049051",37,22.7326771810798,-14.2673228189202,"Female",4,0.75
54,"z0049052",34,23.4335363571004,-10.5664636428996,"Male",4,0.75
54,"z0061425",26,17.1985154509425,-8.80148454905752,"Male",4,0.75
54,"z0075660",18,24.3895426210412,6.38954262104117,"Male",4,0.75
54,"z0075676",9,10.7258169597989,1.72581695979894,"Female",4,0.75
54,"z0075677",4,7.08877765923328,3.08877765923328,"Female",5,1
54,"z0075678",7,18.3180462049346,11.3180462049346,"Female",4,0.75
54,"z0091277",3,4.00473970997123,1.00473970997123,"Female",4,0.75
54,"z0091284",3,-4.45168663486789,-7.45168663486789,"Male",4,0.75
54,"z0091285",5,-4.03948587055245,-9.03948587055245,"Male",5,1
54,"z0091286",14,19.2073927082998,5.20739270829983,"Male",4,0.75
54,"z0092243",19,14.9249669219078,-4.07503307809216,"Female",4,0.75
54,"z0092256",5,12.6515110444031,7.6515110444031,"Male",5,1
54,"z0098734",23,20.2072428972603,-2.79275710273972,"Male",4,0.75
54,"z0098735",30,24.4959568780926,-5.5040431219074,"Male",4,0.75
54,"z0098737",12,18.4190083175183,6.4190083175183,"Female",5,1
54,"z0098738",19,17.5530352116765,-1.44696478832347,"Male",4,0.75
54,"z0098740",17,10.5530890362622,-6.44691096373779,"Female",4,0.75
54,"z0098745",7,11.618715394835,4.61871539483498,"Male",4,0.75
54,"z0098746",32,17.6069969385935,-14.3930030614065,"Male",4,0.75
54,"z0102483",5,10.0378346241141,5.03783462411406,"Male",5,1
54,"z0102500",12,12.334408281725,0.334408281725018,"Male",4,0.75
54,"z0123188",24,29.0205477548106,5.02054775481063,"Female",5,1
54,"z0132632",34,27.6687581350258,-6.33124186497419,"Female",4,0.75
54,"z0132634",12,13.5456174802665,1.54561748026654,"Female",4,0.75
54,"z0132658",36,16.4395534191492,-19.5604465808508,"Male",4,0.75
54,"z0132660",23,22.5122083316953,-0.487791668304681,"Male",4,0.75
54,"z0160208",21,28.0610996975606,7.06109969756058,"Female",5,1
54,"z0175867",9,16.7632990464654,7.76329904646537,"Female",4,0.75
54,"z0175874",20,18.9562175653416,-1.04378243465835,"Male",4,0.75
54,"z0175876",12,17.2712232655104,5.27122326551037,"Male",5,1
54,"z0175877",32,30.0666072564035,-1.93339274359648,"Female",4,0.75
54,"z0178364",10,17.7276945300262,7.72769453002623,"Female",5,1
54,"z0183541",32,22.719357752693,-9.28064224730703,"Male",4,0.75
54,"z0183543",4,-2.11775719915035,-6.11775719915035,"Male",5,1
54,"z0183544",11,13.1565391181263,2.1565391181263,"Female",5,1
54,"z0186433",21,21.5659537781321,0.565953778132098,"Male",5,1
54,"z0190863",11,15.5575272556397,4.55752725563973,"Female",5,1
54,"z0190867",7,14.8673355730671,7.86733557306706,"Female",4,0.75
54,"z0196956",13,22.5836746181788,9.58367461817883,"Male",5,1
54,"z0198374",16,14.5340325842611,-1.46596741573888,"Male",4,0.75
54,"z0198473",25,22.744299530965,-2.25570046903501,"Male",5,1
54,"z0198474",19,27.4357404335448,8.43574043354485,"Male",5,1
55,"z0018943",10,19.0626371289593,9.06263712895934,"Female",3,1
55,"z0018944",10,12.7796748644763,2.77967486447627,"Male",3,1
55,"z0018945",22,21.5679468334038,-0.432053166596152,"Female",3,1
55,"z0023316",6,2.74384606647211,-3.25615393352789,"Male",4,1
55,"z0023317",25,21.5942047834743,-3.40579521652566,"Male",3,1
55,"z0023318",11,7.52198069061158,-3.47801930938842,"Female",4,1
55,"z0023319",26,19.1406127953489,-6.85938720465107,"Male",4,1
55,"z0023321",11,11.0215902828417,0.0215902828417018,"Female",3,1
55,"z0027453",6,13.4730040929972,7.47300409299724,"Female",3,1
55,"z0027455",10,14.8494588168498,4.84945881684979,"Female",2,1
55,"z0033888",6,9.87333059975334,3.87333059975334,"Female",3,1
55,"z0033893",15,20.7382566739192,5.73825667391915,"Male",2,1
55,"z0033898",10,16.4176213470731,6.41762134707313,"Male",3,1
55,"z0033906",15,17.2524136148237,2.25241361482369,"Male",5,1
55,"z0033908",6,19.8379688403977,13.8379688403977,"Male",5,1
55,"z0041286",28,23.4064933965673,-4.59350660343267,"Male",3,1
55,"z0045921",10,18.360428460145,8.36042846014503,"Female",2,1
55,"z0045925",24,22.6405177098168,-1.35948229018322,"Male",4,1
55,"z0045931",7,4.63067669646996,-2.36932330353004,"Male",4,1
55,"z0049046",6,10.3257973721429,4.32579737214292,"Female",3,1
55,"z0049048",11,16.0993638255924,5.09936382559238,"Male",2,1
55,"z0049050",11,24.0902033335543,13.0902033335543,"Male",3,1
55,"z0049051",37,23.2840607593865,-13.7159392406135,"Female",4,1
55,"z0049052",34,25.5361350004457,-8.46386499955426,"Male",4,1
55,"z0061425",26,17.7223172673887,-8.27768273261128,"Male",4,1
55,"z0071016",8,13.1626286647597,5.1626286647597,"Male",3,1
55,"z0075660",18,21.7176353265872,3.71763532658719,"Male",4,1
55,"z0075663",18,18.8961910430193,0.896191043019321,"Male",3,1
55,"z0075665",27,19.5959628764518,-7.40403712354819,"Female",3,1
55,"z0075676",9,11.6083521680354,2.60835216803536,"Female",4,1
55,"z0075677",4,2.61554313564374,-1.38445686435626,"Female",5,1
55,"z0075678",7,16.3973212202596,9.39732122025958,"Female",4,1
55,"z0091082",7,6.85921719611106,-0.14078280388894,"Female",3,1
55,"z0091085",19,19.6490474637482,0.649047463748158,"Female",3,1
55,"z0091086",3,-8.54928629399194,-11.5492862939919,"Female",3,1
55,"z0091275",3,11.7422500033994,8.74225000339943,"Male",3,1
55,"z0091276",10,32.3088115575425,22.3088115575425,"Female",2,1
55,"z0091277",3,4.0677602619172,1.0677602619172,"Female",4,1
55,"z0091284",3,-1.31294445323405,-4.31294445323405,"Male",4,1
55,"z0091285",5,5.50591688119919,0.505916881199192,"Male",5,1
55,"z0091286",14,18.5427740660122,4.54277406601221,"Male",4,1
55,"z0092243",19,16.7456373997074,-2.25436260029256,"Female",4,1
55,"z0092256",5,5.97968130492244,0.97968130492244,"Male",5,1
55,"z0098734",23,16.1607965079043,-6.83920349209572,"Male",4,1
55,"z0098735",30,22.9100603746919,-7.0899396253081,"Male",4,1
55,"z0098736",15,10.794429257593,-4.20557074240696,"Female",3,1
55,"z0098737",12,16.4868883540225,4.48688835402247,"Female",5,1
55,"z0098738",19,15.9115579884454,-3.08844201155459,"Male",4,1
55,"z0098740",17,14.3175414775959,-2.68245852240411,"Female",4,1
55,"z0098744",6,10.2008551139418,4.20085511394176,"Male",2,1
55,"z0098745",7,11.9085485474584,4.90854854745835,"Male",4,1
55,"z0098746",32,17.0700163245951,-14.9299836754049,"Male",4,1
55,"z0102483",5,3.89360643593945,-1.10639356406055,"Male",5,1
55,"z0102484",13,19.357984865891,6.35798486589096,"Female",3,1
55,"z0102485",21,25.5679577489859,4.56795774898586,"Male",2,1
55,"z0102500",12,12.1072397112191,0.107239711219133,"Male",4,1
55,"z0123188",24,28.1219827007937,4.12198270079371,"Female",5,1
55,"z0132631",15,21.0935857783869,6.09358577838689,"Female",3,1
55,"z0132632",34,25.4816972166318,-8.51830278336821,"Female",4,1
55,"z0132634",12,13.1415049633929,1.14150496339288,"Female",4,1
55,"z0132639",29,20.1039941358193,-8.89600586418069,"Female",3,1
55,"z0132641",21,16.413148441755,-4.58685155824504,"Male",3,1
55,"z0132642",11,5.63422697205041,-5.36577302794959,"Female",2,1
55,"z0132658",36,17.1106438828235,-18.8893561171765,"Male",4,1
55,"z0132659",27,26.4398480665,-0.56015193349997,"Female",3,1
55,"z0132660",23,19.9798941097443,-3.02010589025575,"Male",4,1
55,"z0160208",21,27.3306675567864,6.3306675567864,"Female",5,1
55,"z0175867",9,9.49746737746043,0.497467377460431,"Female",4,1
55,"z0175874",20,16.0028362563477,-3.9971637436523,"Male",4,1
55,"z0175876",12,18.5015766489984,6.50157664899844,"Male",5,1
55,"z0175877",32,29.5164452451684,-2.48355475483159,"Female",4,1
55,"z0178364",10,15.0496638738377,5.04966387383772,"Female",5,1
55,"z0183541",32,22.288810070181,-9.71118992981904,"Male",4,1
55,"z0183543",4,-0.245079395098942,-4.24507939509894,"Male",5,1
55,"z0183544",11,11.3000396222692,0.30003962226924,"Female",5,1
55,"z0186431",8,12.168863550718,4.16886355071797,"Male",2,1
55,"z0186433",21,18.0286664921498,-2.97133350785018,"Male",5,1
55,"z0186434",22,18.2314682097998,-3.76853179020017,"Male",3,1
55,"z0186435",30,15.3062361542698,-14.6937638457302,"Male",3,1
55,"z0186450",4,8.30634522297782,4.30634522297782,"Male",3,1
55,"z0190863",11,19.2211756927943,8.22117569279431,"Female",5,1
55,"z0190867",7,12.328405270745,5.32840527074498,"Female",4,1
55,"z0196956",13,21.1602819453554,8.16028194535543,"Male",5,1
55,"z0198374",16,15.2621012016621,-0.737898798337893,"Male",4,1
55,"z0198377",35,21.3842084007251,-13.6157915992749,"Female",3,1
55,"z0198473",25,22.7631964775498,-2.23680352245024,"Male",5,1
55,"z0198474",19,22.7513066103773,3.75130661037731,"Male",5,1
55,"z0198475",40,28.9056755130477,-11.0943244869523,"Male",3,1
55,"z0187739",23,25.446114554545,2.44611455454505,"Female",3,1
55,"z0045928",22,23.1161297662037,1.11612976620368,"Female",2,1
56,"z0018943",10,19.9697021468741,9.96970214687414,"Female",3,1
56,"z0018944",10,13.0373844692791,3.03738446927908,"Male",3,1
56,"z0018945",22,23.2921687736401,1.29216877364007,"Female",3,1
56,"z0023316",6,1.3434835310989,-4.6565164689011,"Male",4,1
56,"z0023317",25,22.7361141561018,-2.26388584389822,"Male",3,1
56,"z0023318",11,9.06154299938385,-1.93845700061615,"Female",4,1
56,"z0023319",26,19.6005882253636,-6.39941177463644,"Male",4,1
56,"z0023321",11,10.2747537814396,-0.725246218560448,"Female",3,1
56,"z0027453",6,14.017787954804,8.01778795480403,"Female",3,1
56,"z0033888",6,11.751504201509,5.75150420150903,"Female",3,1
56,"z0033898",10,15.1160101215247,5.11601012152469,"Male",3,1
56,"z0033906",15,18.2757497730194,3.27574977301945,"Male",5,1
56,"z0033908",6,20.7037096342787,14.7037096342787,"Male",5,1
56,"z0041286",28,25.2691582221855,-2.73084177781453,"Male",3,1
56,"z0045925",24,24.0340034970632,0.0340034970632459,"Male",4,1
56,"z0045931",7,4.44130653724598,-2.55869346275402,"Male",4,1
56,"z0049046",6,9.98085650900701,3.98085650900701,"Female",3,1
56,"z0049050",11,24.2834875670643,13.2834875670643,"Male",3,1
56,"z0049051",37,23.132025428167,-13.867974571833,"Female",4,1
56,"z0049052",34,24.8801568699982,-9.11984313000178,"Male",4,1
56,"z0061425",26,18.7751540329282,-7.2248459670718,"Male",4,1
56,"z0071016",8,12.7154154880435,4.71541548804349,"Male",3,1
56,"z0075660",18,23.1109975673513,5.11099756735133,"Male",4,1
56,"z0075663",18,20.5755879277519,2.57558792775194,"Male",3,1
56,"z0075665",27,20.6788720862859,-6.32112791371413,"Female",3,1
56,"z0075676",9,11.414444864938,2.41444486493802,"Female",4,1
56,"z0075677",4,0.931660565507324,-3.06833943449268,"Female",5,1
56,"z0075678",7,16.3372504345135,9.33725043451348,"Female",4,1
56,"z0091082",7,5.49294868238134,-1.50705131761866,"Female",3,1
56,"z0091085",19,20.930496817076,1.93049681707602,"Female",3,1
56,"z0091086",3,-10.8454377714255,-13.8454377714255,"Female",3,1
56,"z0091275",3,7.79588428837942,4.79588428837942,"Male",3,1
56,"z0091277",3,6.41300936584498,3.41300936584498,"Female",4,1
56,"z0091284",3,-1.04823857000525,-4.04823857000525,"Male",4,1
56,"z0091285",5,3.34948747469802,-1.65051252530198,"Male",5,1
56,"z0091286",14,17.7498223163711,3.74982231637109,"Male",4,1
56,"z0092243",19,17.7410483308359,-1.25895166916406,"Female",4,1
56,"z0092256",5,6.58495532304234,1.58495532304234,"Male",5,1
56,"z0098734",23,17.8792551483234,-5.12074485167664,"Male",4,1
56,"z0098735",30,23.7751025417016,-6.22489745829837,"Male",4,1
56,"z0098736",15,11.2960256950578,-3.70397430494222,"Female",3,1
56,"z0098737",12,12.7335829779213,0.733582977921326,"Female",5,1
56,"z0098738",19,17.128196054208,-1.87180394579204,"Male",4,1
56,"z0098740",17,14.1408376700978,-2.8591623299022,"Female",4,1
56,"z0098745",7,11.7127568203304,4.71275682033043,"Male",4,1
56,"z0098746",32,17.362168576737,-14.637831423263,"Male",4,1
56,"z0102483",5,5.20057320634318,0.200573206343177,"Male",5,1
56,"z0102484",13,19.9351010999708,6.93510109997083,"Female",3,1
56,"z0102500",12,13.144982886363,1.14498288636302,"Male",4,1
56,"z0123188",24,29.3917380022591,5.39173800225909,"Female",5,1
56,"z0132631",15,21.9506860119107,6.95068601191073,"Female",3,1
56,"z0132632",34,25.93680266158,-8.06319733841995,"Female",4,1
56,"z0132634",12,13.8572195398503,1.85721953985026,"Female",4,1
56,"z0132639",29,22.1811867524473,-6.81881324755265,"Female",3,1
56,"z0132641",21,19.615401875353,-1.38459812464702,"Male",3,1
56,"z0132658",36,19.4932896075485,-16.5067103924515,"Male",4,1
56,"z0132659",27,27.7307861929881,0.730786192988141,"Female",3,1
56,"z0132660",23,22.9710163209879,-0.0289836790121392,"Male",4,1
56,"z0160208",21,29.8087066480313,8.80870664803133,"Female",5,1
56,"z0175867",9,14.0841581928613,5.0841581928613,"Female",4,1
56,"z0175874",20,17.381438813619,-2.61856118638105,"Male",4,1
56,"z0175876",12,17.055262378554,5.05526237855401,"Male",5,1
56,"z0175877",32,32.1762938961562,0.17629389615621,"Female",4,1
56,"z0178364",10,14.4546414466104,4.45464144661043,"Female",5,1
56,"z0183541",32,24.4649117609436,-7.53508823905643,"Male",4,1
56,"z0183543",4,-1.81609241065871,-5.8160924106587,"Male",5,1
56,"z0183544",11,11.4981515561925,0.498151556192489,"Female",5,1
56,"z0186433",21,19.5716913213851,-1.42830867861495,"Male",5,1
56,"z0186434",22,20.2698395599143,-1.73016044008569,"Male",3,1
56,"z0186435",30,17.2239945229357,-12.7760054770643,"Male",3,1
56,"z0186450",4,7.55776693358388,3.55776693358388,"Male",3,1
56,"z0190863",11,17.3594439011569,6.35944390115688,"Female",5,1
56,"z0190867",7,12.5518760227183,5.55187602271834,"Female",4,1
56,"z0196956",13,24.8958011311364,11.8958011311364,"Male",5,1
56,"z0198374",16,15.9645661055502,-0.0354338944498203,"Male",4,1
56,"z0198377",35,22.0358902595855,-12.9641097404145,"Female",3,1
56,"z0198473",25,25.1001997787022,0.100199778702233,"Male",5,1
56,"z0198474",19,24.0864706311121,5.08647063111206,"Male",5,1
56,"z0198475",40,28.1922511338782,-11.8077488661218,"Male",3,1
56,"z0187739",23,28.0007893887172,5.00078938871721,"Female",3,1
57,"z0023316",6,4.10786139582952,-1.89213860417048,"Male",4,1
57,"z0023318",11,7.72556989615734,-3.27443010384266,"Female",4,1
57,"z0023319",26,16.638524249858,-9.36147575014196,"Male",4,1
57,"z0033906",15,17.3240711293843,2.32407112938433,"Male",5,1
57,"z0033908",6,18.017195918619,12.017195918619,"Male",5,1
57,"z0045925",24,24.1458850976933,0.14588509769332,"Male",4,1
57,"z0045931",7,5.61264032622,-1.38735967378,"Male",4,1
57,"z0049051",37,23.406649168828,-13.593350831172,"Female",4,1
57,"z0049052",34,24.8060002600206,-9.19399973997943,"Male",4,1
57,"z0061425",26,18.1325795142219,-7.86742048577808,"Male",4,1
57,"z0075660",18,22.9641467111596,4.96414671115956,"Male",4,1
57,"z0075676",9,12.2803272989166,3.28032729891657,"Female",4,1
57,"z0075677",4,5.23393708338116,1.23393708338116,"Female",5,1
57,"z0075678",7,15.9587111030759,8.95871110307588,"Female",4,1
57,"z0091277",3,4.47912785282518,1.47912785282518,"Female",4,1
57,"z0091284",3,0.452419856056018,-2.54758014394398,"Male",4,1
57,"z0091285",5,1.47953319032104,-3.52046680967896,"Male",5,1
57,"z0091286",14,20.1802670698768,6.18026706987683,"Male",4,1
57,"z0092243",19,18.964851166915,-0.035148833084989,"Female",4,1
57,"z0092256",5,10.5173560546485,5.51735605464848,"Male",5,1
57,"z0098734",23,19.1413791530805,-3.85862084691955,"Male",4,1
57,"z0098735",30,24.023355632787,-5.97664436721303,"Male",4,1
57,"z0098737",12,17.326102793218,5.32610279321803,"Female",5,1
57,"z0098738",19,17.8040604311197,-1.19593956888032,"Male",4,1
57,"z0098740",17,12.1301566093701,-4.86984339062987,"Female",4,1
57,"z0098745",7,12.6468366830323,5.64683668303234,"Male",4,1
57,"z0098746",32,18.4568173490507,-13.5431826509493,"Male",4,1
57,"z0102483",5,7.41709263898488,2.41709263898488,"Male",5,1
57,"z0102500",12,12.3728291954204,0.372829195420415,"Male",4,1
57,"z0123188",24,29.8094632221847,5.80946322218465,"Female",5,1
57,"z0132632",34,27.1697688830202,-6.83023111697981,"Female",4,1
57,"z0132634",12,13.6566553630658,1.6566553630658,"Female",4,1
57,"z0132658",36,19.2162531509201,-16.7837468490799,"Male",4,1
57,"z0132660",23,22.8854358573957,-0.114564142604344,"Male",4,1
57,"z0160208",21,29.3304698384189,8.33046983841892,"Female",5,1
57,"z0175867",9,16.4282642127848,7.42826421278483,"Female",4,1
57,"z0175874",20,19.1914168637669,-0.808583136233125,"Male",4,1
57,"z0175876",12,17.720339893575,5.72033989357502,"Male",5,1
57,"z0175877",32,31.3726903015847,-0.62730969841531,"Female",4,1
57,"z0178364",10,18.014358742036,8.01435874203603,"Female",5,1
57,"z0183541",32,23.4886848524151,-8.51131514758494,"Male",4,1
57,"z0183543",4,-2.05712836243193,-6.05712836243193,"Male",5,1
57,"z0183544",11,12.4965449866098,1.49654498660982,"Female",5,1
57,"z0186433",21,21.6766389209293,0.676638920929282,"Male",5,1
57,"z0190863",11,16.9459078707446,5.94590787074461,"Female",5,1
57,"z0190867",7,13.7334903541173,6.7334903541173,"Female",4,1
57,"z0196956",13,19.2128859664356,6.21288596643561,"Male",5,1
57,"z0198374",16,15.5899829673203,-0.410017032679697,"Male",4,1
57,"z0198473",25,24.3539325520601,-0.646067447939938,"Male",5,1
57,"z0198474",19,25.948307275146,6.948307275146,"Male",5,1
58,"z0018943",10,19.0335792545932,9.03357925459319,"Female",3,0.6
58,"z0018944",10,11.5458125576273,1.54581255762729,"Male",3,0.6
58,"z0018945",22,23.2124297096097,1.21242970960969,"Female",3,0.6
58,"z0023316",6,3.80303927691912,-2.19696072308088,"Male",4,0.8
58,"z0023317",25,21.5899281864305,-3.41007181356951,"Male",3,0.6
58,"z0023318",11,8.67883910449913,-2.32116089550087,"Female",4,0.8
58,"z0023319",26,18.7066154921191,-7.2933845078809,"Male",4,0.8
58,"z0023321",11,10.4913345399593,-0.508665460040653,"Female",3,0.6
58,"z0027453",6,13.9934785172177,7.99347851721774,"Female",3,0.6
58,"z0027455",10,15.3760085568508,5.37600855685083,"Female",2,0.4
58,"z0033888",6,11.4059403849161,5.40594038491611,"Female",3,0.6
58,"z0033893",15,19.2857699479662,4.28576994796622,"Male",2,0.4
58,"z0033898",10,15.5008517793115,5.50085177931149,"Male",3,0.6
58,"z0033906",15,16.8805184030696,1.8805184030696,"Male",5,1
58,"z0033908",6,19.5683933371908,13.5683933371908,"Male",5,1
58,"z0041286",28,26.544440313756,-1.45555968624404,"Male",3,0.6
58,"z0045921",10,18.3401213241895,8.34012132418954,"Female",2,0.4
58,"z0045925",24,23.2659722758967,-0.734027724103292,"Male",4,0.8
58,"z0045931",7,5.31858685545322,-1.68141314454678,"Male",4,0.8
58,"z0049046",6,11.7994464939142,5.79944649391419,"Female",3,0.6
58,"z0049048",11,16.7362401184049,5.73624011840487,"Male",2,0.4
58,"z0049050",11,23.9646477975634,12.9646477975634,"Male",3,0.6
58,"z0049051",37,21.8143026088334,-15.1856973911666,"Female",4,0.8
58,"z0049052",34,25.8588579478543,-8.14114205214566,"Male",4,0.8
58,"z0061425",26,17.7890298960096,-8.21097010399043,"Male",4,0.8
58,"z0071016",8,14.5504943156539,6.5504943156539,"Male",3,0.6
58,"z0075660",18,22.2570266190484,4.25702661904838,"Male",4,0.8
58,"z0075663",18,19.6743585159312,1.6743585159312,"Male",3,0.6
58,"z0075665",27,20.2972830751827,-6.70271692481729,"Female",3,0.6
58,"z0075676",9,11.958600333153,2.95860033315304,"Female",4,0.8
58,"z0075677",4,2.51231606284787,-1.48768393715213,"Female",5,1
58,"z0075678",7,14.9429303776598,7.94293037765976,"Female",4,0.8
58,"z0091082",7,6.13118423953071,-0.868815760469294,"Female",3,0.6
58,"z0091085",19,19.9320017898352,0.932001789835226,"Female",3,0.6
58,"z0091086",3,-8.32471197297574,-11.3247119729757,"Female",3,0.6
58,"z0091275",3,10.0530653031408,7.05306530314076,"Male",3,0.6
58,"z0091276",10,31.1168724382635,21.1168724382635,"Female",2,0.4
58,"z0091277",3,4.40748266607186,1.40748266607186,"Female",4,0.8
58,"z0091284",3,-1.2551312654139,-4.2551312654139,"Male",4,0.8
58,"z0091285",5,4.65095424456955,-0.349045755430451,"Male",5,1
58,"z0091286",14,19.458967795764,5.45896779576399,"Male",4,0.8
58,"z0092243",19,17.1990809530178,-1.80091904698217,"Female",4,0.8
58,"z0092256",5,6.62457597343256,1.62457597343256,"Male",5,1
58,"z0098734",23,16.8389021253431,-6.16109787465687,"Male",4,0.8
58,"z0098735",30,23.030402139378,-6.96959786062201,"Male",4,0.8
58,"z0098736",15,10.8966160361384,-4.10338396386162,"Female",3,0.6
58,"z0098737",12,15.9709493911342,3.97094939113421,"Female",5,1
58,"z0098738",19,16.3339761014977,-2.6660238985023,"Male",4,0.8
58,"z0098740",17,13.6414864037203,-3.35851359627971,"Female",4,0.8
58,"z0098744",6,10.9485772108216,4.94857721082155,"Male",2,0.4
58,"z0098745",7,12.47043695072,5.47043695071999,"Male",4,0.8
58,"z0098746",32,16.9411376869081,-15.0588623130919,"Male",4,0.8
58,"z0102483",5,5.36365284114559,0.363652841145585,"Male",5,1
58,"z0102484",13,18.5030021577882,5.5030021577882,"Female",3,0.6
58,"z0102485",21,25.3656662090205,4.36566620902049,"Male",2,0.4
58,"z0102500",12,12.0154513541299,0.0154513541299242,"Male",4,0.8
58,"z0123188",24,28.4809145190324,4.48091451903244,"Female",5,1
58,"z0132631",15,21.6522870190299,6.65228701902988,"Female",3,0.6
58,"z0132632",34,25.2066111484547,-8.7933888515453,"Female",4,0.8
58,"z0132634",12,13.1264274161695,1.12642741616951,"Female",4,0.8
58,"z0132639",29,20.365214250149,-8.63478574985102,"Female",3,0.6
58,"z0132641",21,17.9683107448523,-3.03168925514774,"Male",3,0.6
58,"z0132642",11,5.48081028747156,-5.51918971252844,"Female",2,0.4
58,"z0132658",36,17.3914127549109,-18.6085872450891,"Male",4,0.8
58,"z0132659",27,26.5284811229415,-0.471518877058525,"Female",3,0.6
58,"z0132660",23,20.7087278866605,-2.29127211333947,"Male",4,0.8
58,"z0160208",21,27.8900253121822,6.89002531218218,"Female",5,1
58,"z0175867",9,10.7942392982302,1.79423929823016,"Female",4,0.8
58,"z0175874",20,16.7913881059427,-3.20861189405727,"Male",4,0.8
58,"z0175876",12,18.0421812478222,6.04218124782219,"Male",5,1
58,"z0175877",32,31.3383090833631,-0.66169091663685,"Female",4,0.8
58,"z0178364",10,14.9427801278352,4.94278012783516,"Female",5,1
58,"z0183541",32,22.5270467473497,-9.47295325265029,"Male",4,0.8
58,"z0183543",4,-1.11963096325543,-5.11963096325543,"Male",5,1
58,"z0183544",11,11.4322484479186,0.4322484479186,"Female",5,1
58,"z0186431",8,11.8655646159982,3.86556461599825,"Male",2,0.4
58,"z0186433",21,18.5243949139728,-2.47560508602723,"Male",5,1
58,"z0186434",22,18.1147482317393,-3.88525176826069,"Male",3,0.6
58,"z0186435",30,15.709753072127,-14.290246927873,"Male",3,0.6
58,"z0186450",4,8.69096982292338,4.69096982292338,"Male",3,0.6
58,"z0190863",11,17.8458940097195,6.84589400971954,"Female",5,1
58,"z0190867",7,12.7346250315811,5.73462503158106,"Female",4,0.8
58,"z0196956",13,21.0022758084736,8.00227580847365,"Male",5,1
58,"z0198374",16,15.3727135153588,-0.627286484641244,"Male",4,0.8
58,"z0198377",35,21.1883115186164,-13.8116884813836,"Female",3,0.6
58,"z0198473",25,23.5500089352042,-1.44999106479584,"Male",5,1
58,"z0198474",19,23.4058981281345,4.40589812813448,"Male",5,1
58,"z0198475",40,28.5729721520347,-11.4270278479653,"Male",3,0.6
58,"z0187739",23,25.6932823755263,2.69328237552629,"Female",3,0.6
58,"z0045928",22,24.1701677372291,2.1701677372291,"Female",2,0.4
59,"z0018943",10,19.7916566134723,9.7916566134723,"Female",3,0.6
59,"z0018944",10,12.1389046601956,2.13890466019559,"Male",3,0.6
59,"z0018945",22,24.2237344523016,2.2237344523016,"Female",3,0.6
59,"z0023316",6,3.45745878758664,-2.54254121241336,"Male",4,0.8
59,"z0023317",25,22.2764563528858,-2.72354364711417,"Male",3,0.6
59,"z0023318",11,9.63394539365706,-1.36605460634294,"Female",4,0.8
59,"z0023319",26,19.0569790465197,-6.94302095348035,"Male",4,0.8
59,"z0023321",11,10.0257914936577,-0.974208506342258,"Female",3,0.6
59,"z0027453",6,14.1610269711654,8.16102697116543,"Female",3,0.6
59,"z0033888",6,12.7663746431554,6.76637464315543,"Female",3,0.6
59,"z0033898",10,14.6990248600596,4.69902486005959,"Male",3,0.6
59,"z0033906",15,17.9456243253914,2.9456243253914,"Male",5,1
59,"z0033908",6,20.4495879354779,14.4495879354779,"Male",5,1
59,"z0041286",28,25.2002589624759,-2.7997410375241,"Male",3,0.6
59,"z0045925",24,23.4395928118114,-0.560407188188613,"Male",4,0.8
59,"z0045931",7,5.35019213020473,-1.64980786979527,"Male",4,0.8
59,"z0049046",6,11.5330678746199,5.53306787461988,"Female",3,0.6
59,"z0049050",11,23.5284397847094,12.5284397847094,"Male",3,0.6
59,"z0049051",37,22.3575158536491,-14.6424841463509,"Female",4,0.8
59,"z0049052",34,24.7468210366351,-9.25317896336488,"Male",4,0.8
59,"z0061425",26,18.4891606874941,-7.51083931250593,"Male",4,0.8
59,"z0071016",8,14.0866860099007,6.08668600990068,"Male",3,0.6
59,"z0075660",18,22.9281897136555,4.92818971365546,"Male",4,0.8
59,"z0075663",18,20.6500017825412,2.65000178254124,"Male",3,0.6
59,"z0075665",27,20.6264793421687,-6.37352065783126,"Female",3,0.6
59,"z0075676",9,11.8645938871168,2.86459388711683,"Female",4,0.8
59,"z0075677",4,1.15250228827062,-2.84749771172938,"Female",5,1
59,"z0075678",7,16.2703886397682,9.2703886397682,"Female",4,0.8
59,"z0091082",7,5.48810044690903,-1.51189955309097,"Female",3,0.6
59,"z0091085",19,20.9437147770202,1.9437147770202,"Female",3,0.6
59,"z0091086",3,-8.76062166640236,-11.7606216664024,"Female",3,0.6
59,"z0091275",3,5.34562821541579,2.34562821541579,"Male",3,0.6
59,"z0091277",3,6.22155142161251,3.22155142161251,"Female",4,0.8
59,"z0091284",3,-1.53737192226688,-4.53737192226688,"Male",4,0.8
59,"z0091285",5,3.71303495724841,-1.28696504275159,"Male",5,1
59,"z0091286",14,20.2618863517787,6.26188635177871,"Male",4,0.8
59,"z0092243",19,17.6434196895714,-1.35658031042858,"Female",4,0.8
59,"z0092256",5,6.71747463211464,1.71747463211464,"Male",5,1
59,"z0098734",23,17.9560576438609,-5.04394235613908,"Male",4,0.8
59,"z0098735",30,23.5516178461466,-6.44838215385343,"Male",4,0.8
59,"z0098736",15,11.3838011644375,-3.61619883556245,"Female",3,0.6
59,"z0098737",12,13.7439258091908,1.74392580919075,"Female",5,1
59,"z0098738",19,16.9105780236896,-2.08942197631039,"Male",4,0.8
59,"z0098740",17,13.6842052605343,-3.31579473946568,"Female",4,0.8
59,"z0098745",7,12.2055884180603,5.2055884180603,"Male",4,0.8
59,"z0098746",32,17.1310011887802,-14.8689988112198,"Male",4,0.8
59,"z0102483",5,6.13979376190354,1.13979376190354,"Male",5,1
59,"z0102484",13,18.471646849406,5.47164684940597,"Female",3,0.6
59,"z0102500",12,12.7748284668806,0.77482846688058,"Male",4,0.8
59,"z0123188",24,28.9180325629418,4.91803256294183,"Female",5,1
59,"z0132631",15,21.7456831109028,6.74568311090277,"Female",3,0.6
59,"z0132632",34,25.8514126278338,-8.14858737216622,"Female",4,0.8
59,"z0132634",12,13.6111446546859,1.6111446546859,"Female",4,0.8
59,"z0132639",29,21.5689212236932,-7.4310787763068,"Female",3,0.6
59,"z0132641",21,19.5466704096876,-1.45332959031237,"Male",3,0.6
59,"z0132658",36,19.1383235885401,-16.8616764114599,"Male",4,0.8
59,"z0132659",27,27.1171846574035,0.117184657403502,"Female",3,0.6
59,"z0132660",23,22.8981361333766,-0.101863866623386,"Male",4,0.8
59,"z0160208",21,28.954488316347,7.95448831634699,"Female",5,1
59,"z0175867",9,14.0201977168713,5.0201977168713,"Female",4,0.8
59,"z0175874",20,17.823086185288,-2.17691381471199,"Male",4,0.8
59,"z0175876",12,17.7554747281102,5.75547472811019,"Male",5,1
59,"z0175877",32,30.0636984403023,-1.93630155969766,"Female",4,0.8
59,"z0178364",10,14.6874666752403,4.68746667524029,"Female",5,1
59,"z0183541",32,23.7034171363324,-8.29658286366764,"Male",4,0.8
59,"z0183543",4,-1.19077500495146,-5.19077500495146,"Male",5,1
59,"z0183544",11,11.5914621343154,0.591462134315424,"Female",5,1
59,"z0186433",21,19.8806221572664,-1.11937784273362,"Male",5,1
59,"z0186434",22,19.6937205169081,-2.30627948309191,"Male",3,0.6
59,"z0186435",30,16.3932175292531,-13.6067824707469,"Male",3,0.6
59,"z0186450",4,8.60035199444452,4.60035199444452,"Male",3,0.6
59,"z0190863",11,17.2329917631095,6.23299176310948,"Female",5,1
59,"z0190867",7,13.0504240116076,6.05042401160763,"Female",4,0.8
59,"z0196956",13,22.9102239899506,9.91022398995056,"Male",5,1
59,"z0198374",16,15.174749184525,-0.825250815474996,"Male",4,0.8
59,"z0198377",35,21.3172099138258,-13.6827900861742,"Female",3,0.6
59,"z0198473",25,24.5759634786229,-0.424036521377126,"Male",5,1
59,"z0198474",19,24.3418936867542,5.34189368675418,"Male",5,1
59,"z0198475",40,29.3508961991628,-10.6491038008372,"Male",3,0.6
59,"z0187739",23,27.1902956035594,4.1902956035594,"Female",3,0.6
60,"z0023316",6,3.86204574588115,-2.13795425411885,"Male",4,0.8
60,"z0023318",11,7.75792158159313,-3.24207841840687,"Female",4,0.8
60,"z0023319",26,15.4458066417637,-10.5541933582363,"Male",4,0.8
60,"z0033906",15,16.1613191875257,1.16131918752565,"Male",5,1
60,"z0033908",6,16.8409286696407,10.8409286696407,"Male",5,1
60,"z0045925",24,24.4328275338034,0.432827533803394,"Male",4,0.8
60,"z0045931",7,5.52182024838855,-1.47817975161145,"Male",4,0.8
60,"z0049051",37,24.4334105529988,-12.5665894470012,"Female",4,0.8
60,"z0049052",34,24.4782698012143,-9.52173019878575,"Male",4,0.8
60,"z0061425",26,17.4002859773054,-8.59971402269456,"Male",4,0.8
60,"z0075660",18,22.4047757850596,4.40477578505961,"Male",4,0.8
60,"z0075676",9,11.1235941233082,2.12359412330824,"Female",4,0.8
60,"z0075677",4,6.144477544866,2.144477544866,"Female",5,1
60,"z0075678",7,15.9962643822135,8.99626438221352,"Female",4,0.8
60,"z0091277",3,4.06366983988714,1.06366983988714,"Female",4,0.8
60,"z0091284",3,-0.973810232413163,-3.97381023241316,"Male",4,0.8
60,"z0091285",5,-0.0355291071545993,-5.0355291071546,"Male",5,1
60,"z0091286",14,20.0479944725043,6.04799447250434,"Male",4,0.8
60,"z0092243",19,18.9871783037755,-0.0128216962245382,"Female",4,0.8
60,"z0092256",5,12.2572075706168,7.25720757061678,"Male",5,1
60,"z0098734",23,20.0093998716979,-2.99060012830205,"Male",4,0.8
60,"z0098735",30,24.0147584456094,-5.98524155439058,"Male",4,0.8
60,"z0098737",12,17.8401308514512,5.84013085145124,"Female",5,1
60,"z0098738",19,17.6036174763954,-1.3963825236046,"Male",4,0.8
60,"z0098740",17,10.5148631637958,-6.48513683620416,"Female",4,0.8
60,"z0098745",7,12.3108501427049,5.31085014270487,"Male",4,0.8
60,"z0098746",32,17.9364759423849,-14.0635240576151,"Male",4,0.8
60,"z0102483",5,8.13337732767772,3.13337732767772,"Male",5,1
60,"z0102500",12,11.7493645748176,-0.250635425182415,"Male",4,0.8
60,"z0123188",24,29.5060237109576,5.50602371095756,"Female",5,1
60,"z0132632",34,27.3630839327497,-6.63691606725031,"Female",4,0.8
60,"z0132634",12,13.0986033399689,1.09860333996888,"Female",4,0.8
60,"z0132658",36,18.8340846227048,-17.1659153772952,"Male",4,0.8
60,"z0132660",23,23.3880450694772,0.38804506947718,"Male",4,0.8
60,"z0160208",21,28.3095839588682,7.30958395886819,"Female",5,1
60,"z0175867",9,17.5992535615973,8.59925356159729,"Female",4,0.8
60,"z0175874",20,19.5355602975213,-0.464439702478654,"Male",4,0.8
60,"z0175876",12,17.7944145391968,5.79441453919679,"Male",5,1
60,"z0175877",32,30.2348336371591,-1.76516636284093,"Female",4,0.8
60,"z0178364",10,19.5423847407907,9.54238474079072,"Female",5,1
60,"z0183541",32,22.1246750354321,-9.8753249645679,"Male",4,0.8
60,"z0183543",4,-2.56504973381917,-6.56504973381917,"Male",5,1
60,"z0183544",11,12.5214140736964,1.52141407369644,"Female",5,1
60,"z0186433",21,22.0941805087187,1.09418050871872,"Male",5,1
60,"z0190863",11,16.4324035522454,5.43240355224539,"Female",5,1
60,"z0190867",7,14.9191897099574,7.9191897099574,"Female",4,0.8
60,"z0196956",13,18.6184456263316,5.61844562633158,"Male",5,1
60,"z0198374",16,14.2956028590487,-1.70439714095133,"Male",4,0.8
60,"z0198473",25,24.1509708590598,-0.84902914094025,"Male",5,1
60,"z0198474",19,25.6390542673817,6.63905426738174,"Male",5,1
61,"z0018943",10,19.7601103749666,9.76011037496664,"Female",3,0.55
61,"z0018944",10,12.2761390138405,2.2761390138405,"Male",3,0.55
61,"z0018945",22,23.6686130244707,1.66861302447074,"Female",3,0.55
61,"z0023316",6,3.00686948533308,-2.99313051466692,"Male",4,0.75
61,"z0023317",25,21.8699531745256,-3.13004682547441,"Male",3,0.55
61,"z0023318",11,9.1868216663934,-1.8131783336066,"Female",4,0.75
61,"z0023319",26,18.9165370219239,-7.08346297807612,"Male",4,0.75
61,"z0023321",11,9.69682563976236,-1.30317436023764,"Female",3,0.55
61,"z0027453",6,13.9517465012428,7.9517465012428,"Female",3,0.55
61,"z0027455",10,15.6212341792393,5.62123417923927,"Female",2,0.2
61,"z0033888",6,12.0313758651657,6.0313758651657,"Female",3,0.55
61,"z0033893",15,20.7549153889156,5.75491538891561,"Male",2,0.2
61,"z0033898",10,15.1122506872979,5.11225068729792,"Male",3,0.55
61,"z0033906",15,16.9080707981477,1.90807079814772,"Male",5,1
61,"z0033908",6,19.7484924597136,13.7484924597136,"Male",5,1
61,"z0041286",28,24.646435855528,-3.35356414447197,"Male",3,0.55
61,"z0045921",10,18.4935836155907,8.4935836155907,"Female",2,0.2
61,"z0045925",24,22.9139772167782,-1.08602278322176,"Male",4,0.75
61,"z0045931",7,5.15356134349897,-1.84643865650103,"Male",4,0.75
61,"z0049046",6,10.7576043106208,4.75760431062081,"Female",3,0.55
61,"z0049048",11,16.9734059614983,5.97340596149834,"Male",2,0.2
61,"z0049050",11,24.2065979751018,13.2065979751018,"Male",3,0.55
61,"z0049051",37,22.345972933624,-14.654027066376,"Female",4,0.75
61,"z0049052",34,26.5843045442744,-7.41569545572564,"Male",4,0.75
61,"z0061425",26,17.9472632787328,-8.05273672126724,"Male",4,0.75
61,"z0071016",8,14.2744906773058,6.27449067730576,"Male",3,0.55
61,"z0075660",18,22.7131959312371,4.71319593123709,"Male",4,0.75
61,"z0075663",18,20.0423470723924,2.04234707239238,"Male",3,0.55
61,"z0075665",27,20.1410785372557,-6.85892146274425,"Female",3,0.55
61,"z0075676",9,11.6347874558286,2.63478745582861,"Female",4,0.75
61,"z0075677",4,1.84738591568082,-2.15261408431918,"Female",5,1
61,"z0075678",7,16.731155711297,9.731155711297,"Female",4,0.75
61,"z0091082",7,6.18554757532481,-0.814452424675189,"Female",3,0.55
61,"z0091085",19,20.4768104133724,1.47681041337243,"Female",3,0.55
61,"z0091086",3,-8.53007906085433,-11.5300790608543,"Female",3,0.55
61,"z0091275",3,7.7997828654205,4.7997828654205,"Male",3,0.55
61,"z0091276",10,30.9629483438585,20.9629483438585,"Female",2,0.2
61,"z0091277",3,4.53561534678576,1.53561534678576,"Female",4,0.75
61,"z0091284",3,-1.7017197296127,-4.7017197296127,"Male",4,0.75
61,"z0091285",5,4.47904362414559,-0.520956375854412,"Male",5,1
61,"z0091286",14,19.6058088674851,5.60580886748514,"Male",4,0.75
61,"z0092243",19,17.0458130001315,-1.95418699986848,"Female",4,0.75
61,"z0092256",5,6.76722727629016,1.76722727629016,"Male",5,1
61,"z0098734",23,17.580970229854,-5.41902977014599,"Male",4,0.75
61,"z0098735",30,22.9907563012188,-7.00924369878123,"Male",4,0.75
61,"z0098736",15,11.3378985028268,-3.66210149717318,"Female",3,0.55
61,"z0098737",12,14.9173840252767,2.91738402527668,"Female",5,1
61,"z0098738",19,16.5142402063081,-2.48575979369193,"Male",4,0.75
61,"z0098740",17,13.3635841083745,-3.63641589162548,"Female",4,0.75
61,"z0098744",6,11.2032241842065,5.20322418420649,"Male",2,0.2
61,"z0098745",7,12.1872981092253,5.18729810922533,"Male",4,0.75
61,"z0098746",32,17.0398563052764,-14.9601436947236,"Male",4,0.75
61,"z0102483",5,5.034674375526,0.0346743755259986,"Male",5,1
61,"z0102484",13,18.4978298209467,5.49782982094673,"Female",3,0.55
61,"z0102485",21,24.9927598836292,3.99275988362915,"Male",2,0.2
61,"z0102500",12,12.3493162170319,0.349316217031937,"Male",4,0.75
61,"z0123188",24,28.8193386572934,4.81933865729343,"Female",5,1
61,"z0132631",15,21.3385017050283,6.33850170502827,"Female",3,0.55
61,"z0132632",34,25.1846069087759,-8.81539309122412,"Female",4,0.75
61,"z0132634",12,13.1561658307004,1.15616583070042,"Female",4,0.75
61,"z0132639",29,20.8251691114359,-8.17483088856407,"Female",3,0.55
61,"z0132641",21,18.4466466064473,-2.5533533935527,"Male",3,0.55
61,"z0132642",11,6.11630050387904,-4.88369949612096,"Female",2,0.2
61,"z0132658",36,17.998826812739,-18.001173187261,"Male",4,0.75
61,"z0132659",27,26.727998198259,-0.272001801741027,"Female",3,0.55
61,"z0132660",23,21.9635652485124,-1.03643475148761,"Male",4,0.75
61,"z0160208",21,28.4855117802875,7.48551178028747,"Female",5,1
61,"z0175867",9,12.1144822587344,3.11448225873444,"Female",4,0.75
61,"z0175874",20,18.1342895488719,-1.86571045112814,"Male",4,0.75
61,"z0175876",12,17.3674785124653,5.36747851246527,"Male",5,1
61,"z0175877",32,28.9382583578543,-3.06174164214569,"Female",4,0.75
61,"z0178364",10,14.9061340170896,4.90613401708958,"Female",5,1
61,"z0183541",32,23.0840357711481,-8.91596422885188,"Male",4,0.75
61,"z0183543",4,-1.42428175372312,-5.42428175372312,"Male",5,1
61,"z0183544",11,11.3969015913474,0.396901591347353,"Female",5,1
61,"z0186431",8,11.9925311678963,3.99253116789635,"Male",2,0.2
61,"z0186433",21,19.2142367217784,-1.78576327822164,"Male",5,1
61,"z0186434",22,19.3177274537437,-2.68227254625626,"Male",3,0.55
61,"z0186435",30,16.1446655557496,-13.8553344442504,"Male",3,0.55
61,"z0186450",4,8.80654942518293,4.80654942518293,"Male",3,0.55
61,"z0190863",11,16.883137828292,5.88313782829202,"Female",5,1
61,"z0190867",7,12.7651276125996,5.76512761259962,"Female",4,0.75
61,"z0196956",13,21.5829942103272,8.58299421032723,"Male",5,1
61,"z0198374",16,14.7911069673184,-1.20889303268159,"Male",4,0.75
61,"z0198377",35,20.8780903418401,-14.1219096581599,"Female",3,0.55
61,"z0198473",25,23.6842162149479,-1.31578378505208,"Male",5,1
61,"z0198474",19,23.7918058354545,4.79180583545453,"Male",5,1
61,"z0198475",40,27.994361760023,-12.005638239977,"Male",3,0.55
61,"z0187739",23,25.8991609079126,2.89916090791259,"Female",3,0.55
61,"z0045928",22,23.9248150161304,1.92481501613037,"Female",2,0.2
62,"z0018943",10,19.589543440501,9.58954344050104,"Female",3,0.55
62,"z0018944",10,11.6841831406014,1.68418314060141,"Male",3,0.55
62,"z0018945",22,24.3033479294869,2.30334792948688,"Female",3,0.55
62,"z0023316",6,3.30851544666131,-2.69148455333869,"Male",4,0.75
62,"z0023317",25,21.9199158452654,-3.08008415473464,"Male",3,0.55
62,"z0023318",11,9.64896724049751,-1.35103275950249,"Female",4,0.75
62,"z0023319",26,18.9429519000205,-7.05704809997946,"Male",4,0.75
62,"z0023321",11,9.7697050529771,-1.2302949470229,"Female",3,0.55
62,"z0027453",6,14.1098560019981,8.10985600199806,"Female",3,0.55
62,"z0033888",6,12.822350995819,6.82235099581904,"Female",3,0.55
62,"z0033898",10,14.6212480371566,4.62124803715655,"Male",3,0.55
62,"z0033906",15,18.6389218196916,3.63892181969155,"Male",5,1
62,"z0033908",6,20.0892332103246,14.0892332103246,"Male",5,1
62,"z0041286",28,26.3219155654997,-1.67808443450034,"Male",3,0.55
62,"z0045925",24,23.2249068374779,-0.775093162522072,"Male",4,0.75
62,"z0045931",7,5.30092671846961,-1.69907328153039,"Male",4,0.75
62,"z0049046",6,11.4424462608869,5.44244626088688,"Female",3,0.55
62,"z0049050",11,24.4360060448497,13.4360060448497,"Male",3,0.55
62,"z0049051",37,22.3955259370725,-14.6044740629275,"Female",4,0.75
62,"z0049052",34,26.1313932595466,-7.86860674045338,"Male",4,0.75
62,"z0061425",26,18.4511593485255,-7.54884065147449,"Male",4,0.75
62,"z0071016",8,14.157265157742,6.15726515774196,"Male",3,0.55
62,"z0075660",18,22.8199216691677,4.81992166916768,"Male",4,0.75
62,"z0075663",18,20.7450793942731,2.74507939427309,"Male",3,0.55
62,"z0075665",27,20.5722565254342,-6.42774347456582,"Female",3,0.55
62,"z0075676",9,11.7471498001366,2.74714980013663,"Female",4,0.75
62,"z0075677",4,1.21567833252188,-2.78432166747812,"Female",5,1
62,"z0075678",7,16.6911780929948,9.69117809299485,"Female",4,0.75
62,"z0091082",7,6.51047220689747,-0.489527793102527,"Female",3,0.55
62,"z0091085",19,20.8044680069518,1.80446800695176,"Female",3,0.55
62,"z0091086",3,-8.04441809907377,-11.0444180990738,"Female",3,0.55
62,"z0091275",3,5.92870565049002,2.92870565049002,"Male",3,0.55
62,"z0091277",3,6.24137283646116,3.24137283646116,"Female",4,0.75
62,"z0091284",3,-1.41171800574361,-4.41171800574361,"Male",4,0.75
62,"z0091285",5,3.07816349456152,-1.92183650543848,"Male",5,1
62,"z0091286",14,19.8021496618943,5.80214966189434,"Male",4,0.75
62,"z0092243",19,17.5642195154674,-1.43578048453257,"Female",4,0.75
62,"z0092256",5,6.95492660002905,1.95492660002905,"Male",5,1
62,"z0098734",23,17.9844277445414,-5.01557225545862,"Male",4,0.75
62,"z0098735",30,23.3972498649631,-6.6027501350369,"Male",4,0.75
62,"z0098736",15,11.3684781789406,-3.63152182105945,"Female",3,0.55
62,"z0098737",12,13.8780028909219,1.8780028909219,"Female",5,1
62,"z0098738",19,16.889063145659,-2.110936854341,"Male",4,0.75
62,"z0098740",17,13.5833827428517,-3.41661725714835,"Female",4,0.75
62,"z0098745",7,12.488666325734,5.48866632573401,"Male",4,0.75
62,"z0098746",32,17.0335984923633,-14.9664015076367,"Male",4,0.75
62,"z0102483",5,5.93071535872213,0.930715358722129,"Male",5,1
62,"z0102484",13,18.996708596117,5.99670859611702,"Female",3,0.55
62,"z0102500",12,12.5986950567773,0.598695056777279,"Male",4,0.75
62,"z0123188",24,28.5360236158855,4.5360236158855,"Female",5,1
62,"z0132631",15,21.7147322153034,6.71473221530343,"Female",3,0.55
62,"z0132632",34,26.0282722005312,-7.97172779946882,"Female",4,0.75
62,"z0132634",12,13.5706128405581,1.57061284055814,"Female",4,0.75
62,"z0132639",29,21.4894644938305,-7.51053550616945,"Female",3,0.55
62,"z0132641",21,19.3213590938112,-1.67864090618882,"Male",3,0.55
62,"z0132658",36,18.8991799836894,-17.1008200163106,"Male",4,0.75
62,"z0132659",27,26.7222337613501,-0.277766238649892,"Female",3,0.55
62,"z0132660",23,22.8678639187611,-0.132136081238947,"Male",4,0.75
62,"z0160208",21,28.9245541096075,7.92455410960748,"Female",5,1
62,"z0175867",9,13.9624969967356,4.9624969967356,"Female",4,0.75
62,"z0175874",20,18.1828922072032,-1.81710779279684,"Male",4,0.75
62,"z0175876",12,16.9919413321084,4.99194133210838,"Male",5,1
62,"z0175877",32,31.4714442192625,-0.52855578073747,"Female",4,0.75
62,"z0178364",10,14.4097146377586,4.40971463775858,"Female",5,1
62,"z0183541",32,23.789068966552,-8.21093103344798,"Male",4,0.75
62,"z0183543",4,-1.29768031739928,-5.29768031739928,"Male",5,1
62,"z0183544",11,11.4269977625376,0.426997762537603,"Female",5,1
62,"z0186433",21,19.8487758383161,-1.15122416168389,"Male",5,1
62,"z0186434",22,19.8163274044999,-2.1836725955001,"Male",3,0.55
62,"z0186435",30,16.3548995757691,-13.6451004242309,"Male",3,0.55
62,"z0186450",4,8.71612111593342,4.71612111593342,"Male",3,0.55
62,"z0190863",11,18.553050093219,7.55305009321902,"Female",5,1
62,"z0190867",7,13.2602284421251,6.26022844212507,"Female",4,0.75
62,"z0196956",13,22.3259416032846,9.32594160328457,"Male",5,1
62,"z0198374",16,15.2880331728184,-0.711966827181563,"Male",4,0.75
62,"z0198377",35,21.0508855615274,-13.9491144384726,"Female",3,0.55
62,"z0198473",25,24.375358729267,-0.624641270732965,"Male",5,1
62,"z0198474",19,24.2201039123414,5.22010391234135,"Male",5,1
62,"z0198475",40,28.634620256036,-11.365379743964,"Male",3,0.55
62,"z0187739",23,27.092031193441,4.09203119344099,"Female",3,0.55
63,"z0023316",6,3.34742452114276,-2.65257547885724,"Male",4,0.75
63,"z0023318",11,7.76779315418378,-3.23220684581622,"Female",4,0.75
63,"z0023319",26,15.657390774683,-10.342609225317,"Male",4,0.75
63,"z0033906",15,16.2579546168282,1.25795461682821,"Male",5,1
63,"z0033908",6,16.87219305585,10.87219305585,"Male",5,1
63,"z0045925",24,24.1335786193016,0.133578619301602,"Male",4,0.75
63,"z0045931",7,5.83858456553177,-1.16141543446823,"Male",4,0.75
63,"z0049051",37,23.546502032264,-13.453497967736,"Female",4,0.75
63,"z0049052",34,24.2499308113578,-9.75006918864219,"Male",4,0.75
63,"z0061425",26,17.5639249047371,-8.43607509526294,"Male",4,0.75
63,"z0075660",18,22.229361387067,4.22936138706698,"Male",4,0.75
63,"z0075676",9,11.0849254927737,2.08492549277367,"Female",4,0.75
63,"z0075677",4,6.31687103507029,2.31687103507029,"Female",5,1
63,"z0075678",7,15.7278372291477,8.72783722914767,"Female",4,0.75
63,"z0091277",3,4.00912197546931,1.00912197546931,"Female",4,0.75
63,"z0091284",3,-0.460418458722242,-3.46041845872224,"Male",4,0.75
63,"z0091285",5,1.05659280506469,-3.94340719493531,"Male",5,1
63,"z0091286",14,19.7429901504154,5.74299015041541,"Male",4,0.75
63,"z0092243",19,18.7503473341825,-0.249652665817464,"Female",4,0.75
63,"z0092256",5,11.8252206219563,6.82522062195629,"Male",5,1
63,"z0098734",23,19.6808434828523,-3.31915651714766,"Male",4,0.75
63,"z0098735",30,23.889609747498,-6.110390252502,"Male",4,0.75
63,"z0098737",12,17.6394106918166,5.63941069181659,"Female",5,1
63,"z0098738",19,17.3591391646134,-1.6408608353866,"Male",4,0.75
63,"z0098740",17,10.7129517234949,-6.28704827650507,"Female",4,0.75
63,"z0098745",7,12.3837221037107,5.38372210371069,"Male",4,0.75
63,"z0098746",32,17.8944253988964,-14.1055746011036,"Male",4,0.75
63,"z0102483",5,8.08002166705509,3.08002166705509,"Male",5,1
63,"z0102500",12,11.6969411512806,-0.303058848719429,"Male",4,0.75
63,"z0123188",24,28.5645367795179,4.56453677951791,"Female",5,1
63,"z0132632",34,26.7211186883248,-7.27888131167524,"Female",4,0.75
63,"z0132634",12,13.1735361494452,1.17353614944518,"Female",4,0.75
63,"z0132658",36,15.5008327143475,-20.4991672856525,"Male",4,0.75
63,"z0132660",23,23.0134255122902,0.0134255122902154,"Male",4,0.75
63,"z0160208",21,28.3810329052861,7.38103290528606,"Female",5,1
63,"z0175867",9,16.5739550447999,7.5739550447999,"Female",4,0.75
63,"z0175874",20,18.9681320418219,-1.03186795817811,"Male",4,0.75
63,"z0175876",12,17.5782104473257,5.57821044732574,"Male",5,1
63,"z0175877",32,30.36925266889,-1.63074733111,"Female",4,0.75
63,"z0178364",10,17.0188641275808,7.01886412758084,"Female",5,1
63,"z0183541",32,22.3707073164319,-9.6292926835681,"Male",4,0.75
63,"z0183543",4,-2.35062724824473,-6.35062724824473,"Male",5,1
63,"z0183544",11,12.5213962869568,1.52139628695679,"Female",5,1
63,"z0186433",21,21.6966346756909,0.696634675690923,"Male",5,1
63,"z0190863",11,16.1209956232675,5.12099562326753,"Female",5,1
63,"z0190867",7,14.3296325207072,7.32963252070724,"Female",4,0.75
63,"z0196956",13,18.5914622762881,5.5914622762881,"Male",5,1
63,"z0198374",16,14.3643497701226,-1.63565022987741,"Male",4,0.75
63,"z0198473",25,24.2163390614566,-0.783660938543441,"Male",5,1
63,"z0198474",19,25.4087461550727,6.4087461550727,"Male",5,1
