"model","id","age.best","wt","predicted.age","sex","age.confidence","error"
1,"z0018943",10,1,16.2320546737213,"Female",3,6.23205467372134
1,"z0018944",10,1,14.1733160621762,"Male",3,4.17331606217618
1,"z0018945",22,1,25.8249071494893,"Female",3,3.82490714948926
1,"z0023316",6,1,7.42307335190338,"Male",4,1.42307335190338
1,"z0023317",25,1,24.560497237569,"Male",3,-0.439502762430994
1,"z0023318",11,1,7.96626984126977,"Female",4,-3.03373015873023
1,"z0023319",26,1,21.0337371018394,"Male",4,-4.96626289816062
1,"z0023321",11,1,10.83625405656,"Female",3,-0.163745943439983
1,"z0027453",6,1,10.2788607031597,"Female",3,4.27886070315974
1,"z0027455",10,1,9.05182738881545,"Female",2,-0.948172611184546
1,"z0033888",6,1,6.89673202614374,"Female",3,0.89673202614374
1,"z0033893",15,1,15.549329004329,"Male",2,0.549329004328996
1,"z0033898",10,1,13.2152154195011,"Male",3,3.21521541950115
1,"z0033906",15,1,19.1389681407513,"Male",5,4.13896814075132
1,"z0033908",6,1,24.6280778588808,"Male",5,18.6280778588808
1,"z0041286",28,1,22.2881212950296,"Male",3,-5.7118787049704
1,"z0045921",10,1,24.2083894122925,"Female",2,14.2083894122925
1,"z0045925",24,1,22.8168493150685,"Male",4,-1.18315068493155
1,"z0045931",7,1,4.99189944134072,"Male",4,-2.00810055865928
1,"z0049046",6,1,10.7448132780083,"Female",3,4.74481327800828
1,"z0049048",11,1,14.9944974988631,"Male",2,3.99449749886311
1,"z0049050",11,1,23.0874438454627,"Male",3,12.0874438454627
1,"z0049051",37,1,23.3019212295869,"Female",4,-13.6980787704131
1,"z0049052",34,1,25.1559622467771,"Male",4,-8.84403775322291
1,"z0061425",26,1,19.7323657474601,"Male",4,-6.26763425253991
1,"z0071016",8,1,10.1971621621621,"Male",3,2.19716216216213
1,"z0075660",18,1,21.7988605898123,"Male",4,3.7988605898123
1,"z0075663",18,1,20.168410041841,"Male",3,2.16841004184101
1,"z0075665",27,1,23.1285651214128,"Female",3,-3.87143487858724
1,"z0075676",9,1,9.95028208744707,"Female",4,0.950282087447071
1,"z0075677",4,1,4.9814942528735,"Female",5,0.981494252873498
1,"z0075678",7,1,14.0787200361827,"Female",4,7.07872003618274
1,"z0091082",7,1,6.29591457753011,"Female",3,-0.704085422469889
1,"z0091085",19,1,15.948999129678,"Female",3,-3.05100087032202
1,"z0091086",3,1,5.663388353966,"Female",3,2.663388353966
1,"z0091275",3,1,8.91664335664331,"Male",3,5.91664335664331
1,"z0091276",10,1,23.5654360967184,"Female",2,13.5654360967184
1,"z0091277",3,1,8.0194984868136,"Female",4,5.0194984868136
1,"z0091284",3,1,7.03317460317452,"Male",4,4.03317460317452
1,"z0091285",5,1,7.150606060606,"Male",5,2.150606060606
1,"z0091286",14,1,10.852502175805,"Male",4,-3.14749782419499
1,"z0092243",19,1,15.0126329787234,"Female",4,-3.9873670212766
1,"z0092256",5,1,5.8678436911487,"Male",5,0.867843691148702
1,"z0098734",23,1,19.6530949105915,"Male",4,-3.34690508940853
1,"z0098735",30,1,25.6309995285242,"Male",4,-4.36900047147577
1,"z0098736",15,1,7.43219086021499,"Female",3,-7.56780913978501
1,"z0098737",12,1,9.57674817674813,"Female",5,-2.42325182325187
1,"z0098738",19,1,20.9926247771836,"Male",4,1.99262477718358
1,"z0098740",17,1,15.9509492273731,"Female",4,-1.04905077262693
1,"z0098744",6,1,8.87239999999995,"Male",2,2.87239999999995
1,"z0098745",7,1,11.1947730398899,"Male",4,4.19477303988994
1,"z0098746",32,1,19.8211730072464,"Male",4,-12.1788269927536
1,"z0102483",5,1,5.46786492374721,"Male",5,0.467864923747205
1,"z0102484",13,1,14.785030218503,"Female",3,1.78503021850301
1,"z0102485",21,1,28.9290350877193,"Male",2,7.92903508771932
1,"z0102500",12,1,12.4948,"Male",4,0.494799999999994
1,"z0123188",24,1,24.6397281639928,"Female",5,0.639728163992828
1,"z0132631",15,1,16.5207590306356,"Female",3,1.52075903063557
1,"z0132632",34,1,27.8898946360153,"Female",4,-6.11010536398472
1,"z0132634",12,1,13.0925011431184,"Female",4,1.09250114311843
1,"z0132639",29,1,24.0675358539765,"Female",3,-4.93246414602351
1,"z0132641",21,1,20.9446275071633,"Male",3,-0.0553724928366925
1,"z0132642",11,1,7.85561497326198,"Female",2,-3.14438502673802
1,"z0132658",36,1,19.7942204301075,"Male",4,-16.2057795698925
1,"z0132659",27,1,24.0782688766114,"Female",3,-2.92173112338862
1,"z0132660",23,1,22.3713919925512,"Male",4,-0.628608007448815
1,"z0160208",21,1,24.2094588449295,"Female",5,3.20945884492946
1,"z0175867",9,1,17.1199533799534,"Female",4,8.11995337995337
1,"z0175874",20,1,13.5417857142857,"Male",4,-6.45821428571427
1,"z0175876",12,1,16.2845956054231,"Male",5,4.28459560542309
1,"z0175877",32,1,23.8348442584844,"Female",4,-8.16515574151562
1,"z0178364",10,1,16.2961879432624,"Female",5,6.29618794326241
1,"z0183541",32,1,24.786154855643,"Male",4,-7.213845144357
1,"z0183543",4,1,5.113164080865,"Male",5,1.113164080865
1,"z0183544",11,1,8.68151041666662,"Female",5,-2.31848958333338
1,"z0186431",8,1,10.3798175344904,"Male",2,2.3798175344904
1,"z0186433",21,1,20.6356149500217,"Male",5,-0.364385049978296
1,"z0186434",22,1,21.8708,"Male",3,-0.129200000000033
1,"z0186435",30,1,14.4774550484094,"Male",3,-15.5225449515906
1,"z0186450",4,1,6.19753839205052,"Male",3,2.19753839205052
1,"z0190863",11,1,11.9702249770431,"Female",5,0.970224977043134
1,"z0190867",7,1,6.60945065176902,"Female",4,-0.390549348230984
1,"z0196956",13,1,22.6799817601459,"Male",5,9.67998176014588
1,"z0198374",16,1,20.1983690795353,"Male",4,4.19836907953529
1,"z0198377",35,1,25.9059471365638,"Female",3,-9.09405286343618
1,"z0198473",25,1,23.2728963272896,"Male",5,-1.72710367271041
1,"z0198474",19,1,27.2830268741159,"Male",5,8.28302687411594
1,"z0198475",40,1,23.2808766859344,"Male",3,-16.7191233140656
1,"z0187739",23,1,23.9898996808025,"Female",3,0.989899680802502
1,"z0045928",22,1,21.6348752834467,"Female",2,-0.365124716553307
2,"z0018943",10,1,16.4491489361702,"Female",3,6.44914893617021
2,"z0018944",10,1,14.2037116858237,"Male",3,4.20371168582374
2,"z0018945",22,1,25.5667144906744,"Female",3,3.56671449067438
2,"z0023316",6,1,7.6662488393687,"Male",4,1.6662488393687
2,"z0023317",25,1,24.4106206896552,"Male",3,-0.589379310344782
2,"z0023318",11,1,7.65939883355773,"Female",4,-3.34060116644227
2,"z0023319",26,1,20.2914575077058,"Male",4,-5.70854249229417
2,"z0023321",11,1,10.3211670973299,"Female",3,-0.678832902670097
2,"z0027453",6,1,10.6228638497652,"Female",3,4.62286384976523
2,"z0033888",6,1,6.42211711711721,"Female",3,0.422117117117214
2,"z0033898",10,1,12.4019594283079,"Male",3,2.40195942830795
2,"z0033906",15,1,20.9162216288384,"Male",5,5.91622162883844
2,"z0033908",6,1,25.2665989159892,"Male",5,19.2665989159892
2,"z0041286",28,1,22.208913649025,"Male",3,-5.79108635097496
2,"z0045925",24,1,24.3948565121413,"Male",4,0.394856512141335
2,"z0045931",7,1,5.08649300530643,"Male",4,-1.91350699469357
2,"z0049046",6,1,10.6590325538744,"Female",3,4.65903255387436
2,"z0049050",11,1,23.5724789915966,"Male",3,12.5724789915966
2,"z0049051",37,1,22.0856507490636,"Female",4,-14.9143492509364
2,"z0049052",34,1,26.1171655328799,"Male",4,-7.8828344671201
2,"z0061425",26,1,20.3017117117117,"Male",4,-5.69828828828831
2,"z0071016",8,1,10.0567959001783,"Male",3,2.05679590017827
2,"z0075660",18,1,24.4627016129033,"Male",4,6.46270161290327
2,"z0075663",18,1,21.9096973865199,"Male",3,3.90969738651991
2,"z0075665",27,1,23.2731653404067,"Female",3,-3.72683465959325
2,"z0075676",9,1,10.5674820143885,"Female",4,1.56748201438846
2,"z0075677",4,1,4.78932709447426,"Female",5,0.789327094474258
2,"z0075678",7,1,15.3243827160494,"Female",4,8.32438271604939
2,"z0091082",7,1,6.39288859533254,"Female",3,-0.60711140466746
2,"z0091085",19,1,16.0976962858486,"Female",3,-2.90230371415139
2,"z0091086",3,1,5.60976793248958,"Female",3,2.60976793248958
2,"z0091275",3,1,9.32642543859652,"Male",3,6.32642543859652
2,"z0091277",3,1,7.92162461266052,"Female",4,4.92162461266052
2,"z0091284",3,1,6.89513234634374,"Male",4,3.89513234634374
2,"z0091285",5,1,7.26671328671336,"Male",5,2.26671328671336
2,"z0091286",14,1,10.7660126296797,"Male",4,-3.23398737032026
2,"z0092243",19,1,16.4248900615655,"Female",4,-2.57510993843448
2,"z0092256",5,1,5.98779599271412,"Male",5,0.987795992714124
2,"z0098734",23,1,19.6233014135887,"Male",4,-3.37669858641133
2,"z0098735",30,1,26.8424694708278,"Male",4,-3.15753052917223
2,"z0098736",15,1,8.00560789591754,"Female",3,-6.99439210408246
2,"z0098737",12,1,9.94282531194297,"Female",5,-2.05717468805703
2,"z0098738",19,1,21.5231367169638,"Male",4,2.52313671696383
2,"z0098740",17,1,15.9976926853216,"Female",4,-1.00230731467844
2,"z0098745",7,1,10.4961805555555,"Male",4,3.49618055555555
2,"z0098746",32,1,19.8745408631772,"Male",4,-12.1254591368228
2,"z0102483",5,1,5.46048284625169,"Male",5,0.460482846251686
2,"z0102484",13,1,15.3720187793427,"Female",3,2.37201877934273
2,"z0102500",12,1,12.2834014532243,"Male",4,0.283401453224315
2,"z0123188",24,1,25.7988904299585,"Female",5,1.79889042995848
2,"z0132631",15,1,16.3818640955005,"Female",3,1.38186409550046
2,"z0132632",34,1,28.8079828132068,"Female",4,-5.19201718679321
2,"z0132634",12,1,12.7887816091954,"Female",4,0.788781609195372
2,"z0132639",29,1,24.2560466138963,"Female",3,-4.74395338610374
2,"z0132641",21,1,20.8230072463768,"Male",3,-0.176992753623225
2,"z0132658",36,1,20.6362309074573,"Male",4,-15.3637690925427
2,"z0132659",27,1,25.3156306306307,"Female",3,-1.68436936936931
2,"z0132660",23,1,22.7715617715618,"Male",4,-0.228438228438243
2,"z0160208",21,1,26.5775990675992,"Female",5,5.57759906759915
2,"z0175867",9,1,17.4890859481583,"Female",4,8.48908594815826
2,"z0175874",20,1,13.1362298850574,"Male",4,-6.86377011494256
2,"z0175876",12,1,17.7911239749156,"Male",5,5.79112397491559
2,"z0175877",32,1,24.9103488920321,"Female",4,-7.0896511079679
2,"z0178364",10,1,17.2589104339797,"Female",5,7.25891043397969
2,"z0183541",32,1,25.3005811250582,"Male",4,-6.69941887494185
2,"z0183543",4,1,5.4369014732966,"Male",5,1.4369014732966
2,"z0183544",11,1,8.64565018315023,"Female",5,-2.35434981684977
2,"z0186433",21,1,20.5643218390804,"Male",5,-0.435678160919572
2,"z0186434",22,1,21.7066397487662,"Male",3,-0.293360251233764
2,"z0186435",30,1,13.7964318600368,"Male",3,-16.2035681399632
2,"z0186450",4,1,6.00640486208517,"Male",3,2.00640486208517
2,"z0190863",11,1,11.6358114035087,"Female",5,0.635811403508734
2,"z0190867",7,1,6.54609409675996,"Female",4,-0.453905903240043
2,"z0196956",13,1,24.3939248051353,"Male",5,11.3939248051353
2,"z0198374",16,1,20.3421773142112,"Male",4,4.34217731421118
2,"z0198377",35,1,26.0934539767651,"Female",3,-8.90654602323495
2,"z0198473",25,1,25.4265905017922,"Male",5,0.426590501792173
2,"z0198474",19,1,27.0419508867668,"Male",5,8.0419508867668
2,"z0198475",40,1,24.3774977895668,"Male",3,-15.6225022104332
2,"z0187739",23,1,25.6529719448408,"Female",3,2.65297194484076
3,"z0023316",6,1,8.24706284152998,"Male",4,2.24706284152998
3,"z0023318",11,1,7.14838342440792,"Female",4,-3.85161657559208
3,"z0023319",26,1,18.9953769559033,"Male",4,-7.00462304409671
3,"z0033906",15,1,21.1158447488585,"Male",5,6.11584474885847
3,"z0033908",6,1,25.4064084831719,"Male",5,19.4064084831719
3,"z0045925",24,1,22.9235526315789,"Male",4,-1.07644736842107
3,"z0045931",7,1,5.20706447187919,"Male",4,-1.79293552812081
3,"z0049051",37,1,20.7445626477542,"Female",4,-16.2554373522458
3,"z0049052",34,1,24.760445362718,"Male",4,-9.23955463728198
3,"z0061425",26,1,18.8599724896836,"Male",4,-7.14002751031635
3,"z0075660",18,1,24.4051954022988,"Male",4,6.4051954022988
3,"z0075676",9,1,11.2119533527697,"Female",4,2.21195335276971
3,"z0075677",4,1,5.88873106060596,"Female",5,1.88873106060596
3,"z0075678",7,1,15.5751973684211,"Female",4,8.57519736842107
3,"z0091277",3,1,7.41744680851055,"Female",4,4.41744680851055
3,"z0091284",3,1,6.65036231884049,"Male",4,3.65036231884049
3,"z0091285",5,1,7.56284340659332,"Male",5,2.56284340659332
3,"z0091286",14,1,10.6469152241456,"Male",4,-3.35308477585441
3,"z0092243",19,1,16.8262164620282,"Female",4,-2.17378353797181
3,"z0092256",5,1,8.01455273698257,"Male",5,3.01455273698257
3,"z0098734",23,1,19.6821331521739,"Male",4,-3.31786684782606
3,"z0098735",30,1,25.7450762829403,"Male",4,-4.2549237170597
3,"z0098737",12,1,10.3217096336499,"Female",5,-1.67829036635007
3,"z0098738",19,1,18.6387142857143,"Male",4,-0.361285714285692
3,"z0098740",17,1,16.3152486910995,"Female",4,-0.684751308900527
3,"z0098745",7,1,11.3830879071843,"Male",4,4.38308790718433
3,"z0098746",32,1,20.9129604672058,"Male",4,-11.0870395327942
3,"z0102483",5,1,6.90120345140773,"Male",5,1.90120345140773
3,"z0102500",12,1,12.6117902037278,"Male",4,0.611790203727807
3,"z0123188",24,1,25.974291027429,"Female",5,1.97429102742904
3,"z0132632",34,1,27.4356737588652,"Female",4,-6.56432624113484
3,"z0132634",12,1,12.3861451247166,"Female",4,0.386145124716567
3,"z0132658",36,1,20.481936416185,"Male",4,-15.518063583815
3,"z0132660",23,1,23.4847560975609,"Male",4,0.484756097560947
3,"z0160208",21,1,25.87185600748,"Female",5,4.87185600748005
3,"z0175867",9,1,18.8310137457045,"Female",4,9.83101374570449
3,"z0175874",20,1,14.2173076923077,"Male",4,-5.78269230769229
3,"z0175876",12,1,19.6493616051072,"Male",5,7.64936160510719
3,"z0175877",32,1,25.5075284090909,"Female",4,-6.49247159090915
3,"z0178364",10,1,16.7820458801498,"Female",5,6.78204588014981
3,"z0183541",32,1,24.6788349077822,"Male",4,-7.32116509221778
3,"z0183543",4,1,5.56197214734939,"Male",5,1.56197214734939
3,"z0183544",11,1,9.01849345963008,"Female",5,-1.98150654036992
3,"z0186433",21,1,21.5690508322088,"Male",5,0.56905083220876
3,"z0190863",11,1,14.023844773441,"Female",5,3.02384477344103
3,"z0190867",7,1,7.42301061007948,"Female",4,0.423010610079483
3,"z0196956",13,1,21.3207333333334,"Male",5,8.32073333333336
3,"z0198374",16,1,22.2909420289855,"Male",4,6.29094202898553
3,"z0198473",25,1,23.0583105022831,"Male",5,-1.94168949771691
3,"z0198474",19,1,26.8638962181177,"Male",5,7.86389621811774
4,"z0018943",10,0.6,15.6736031927024,"Female",3,5.67360319270239
4,"z0018944",10,0.6,14.4351176917236,"Male",3,4.4351176917236
4,"z0018945",22,0.6,25.2118415993848,"Female",3,3.21184159938479
4,"z0023316",6,0.8,7.9680515759312,"Male",4,1.9680515759312
4,"z0023317",25,0.6,22.6595545134818,"Male",3,-2.34044548651817
4,"z0023318",11,0.8,9.13847117794489,"Female",4,-1.86152882205511
4,"z0023319",26,0.8,21.3061111111112,"Male",4,-4.69388888888884
4,"z0023321",11,0.6,10.4251847530144,"Female",3,-0.574815246985604
4,"z0027453",6,0.6,10.5688703703704,"Female",3,4.56887037037038
4,"z0027455",10,0.4,9.50275646490474,"Female",2,-0.497243535095262
4,"z0033888",6,0.6,7.62297348484844,"Female",3,1.62297348484844
4,"z0033893",15,0.4,16.1103433476395,"Male",2,1.11034334763948
4,"z0033898",10,0.6,12.4351574500768,"Male",3,2.43515745007684
4,"z0033906",15,1,20.4937272064187,"Male",5,5.49372720641867
4,"z0033908",6,1,25.2246361746362,"Male",5,19.2246361746362
4,"z0041286",28,0.6,21.7968577728776,"Male",3,-6.20314222712236
4,"z0045921",10,0.4,23.364087130983,"Female",2,13.364087130983
4,"z0045925",24,0.8,23.2963463463464,"Male",4,-0.703653653653625
4,"z0045931",7,0.8,4.99167919799492,"Male",4,-2.00832080200508
4,"z0049046",6,0.6,10.8844357249627,"Female",3,4.88443572496265
4,"z0049048",11,0.4,15.2013169073917,"Male",2,4.20131690739166
4,"z0049050",11,0.6,23.4151597676107,"Male",3,12.4151597676107
4,"z0049051",37,0.8,22.6001875669883,"Female",4,-14.3998124330117
4,"z0049052",34,0.8,24.7933429118774,"Male",4,-9.20665708812261
4,"z0061425",26,0.8,19.8749377179871,"Male",4,-6.12506228201294
4,"z0071016",8,0.6,9.70118343195264,"Male",3,1.70118343195264
4,"z0075660",18,0.8,25.5568598315998,"Male",4,7.55685983159979
4,"z0075663",18,0.6,18.9655721966206,"Male",3,0.965572196620577
4,"z0075665",27,0.6,23.8748295454545,"Female",3,-3.12517045454549
4,"z0075676",9,0.8,9.3735416666667,"Female",4,0.373541666666704
4,"z0075677",4,1,5.84926140012845,"Female",5,1.84926140012845
4,"z0075678",7,0.8,15.0275980392157,"Female",4,8.02759803921568
4,"z0091082",7,0.6,6.25863267670907,"Female",3,-0.741367323290929
4,"z0091085",19,0.6,15.6421094057458,"Female",3,-3.35789059425423
4,"z0091275",3,0.6,9.03669656203285,"Male",3,6.03669656203285
4,"z0091276",10,0.4,25.5764129181083,"Female",2,15.5764129181083
4,"z0091277",3,0.8,7.94518348623852,"Female",4,4.94518348623852
4,"z0091284",3,0.8,6.53170914542725,"Male",4,3.53170914542725
4,"z0091285",5,1,6.81174540682416,"Male",5,1.81174540682416
4,"z0091286",14,0.8,11.0684771825397,"Male",4,-2.93152281746027
4,"z0092243",19,0.8,14.5974339810663,"Female",4,-4.40256601893374
4,"z0092256",5,1,6.01053523035231,"Male",5,1.01053523035231
4,"z0098734",23,0.8,18.7087265347539,"Male",4,-4.29127346524607
4,"z0098735",30,0.8,24.1118553960659,"Male",4,-5.88814460393406
4,"z0098736",15,0.6,9.11982558139533,"Female",3,-5.88017441860467
4,"z0098737",12,1,8.80865191146886,"Female",5,-3.19134808853114
4,"z0098738",19,0.8,18.7491478696742,"Male",4,-0.250852130325828
4,"z0098740",17,0.8,16.6071282051282,"Female",4,-0.392871794871798
4,"z0098744",6,0.4,8.4580756013745,"Male",2,2.4580756013745
4,"z0098745",7,0.8,10.1720520673814,"Male",4,3.17205206738138
4,"z0098746",32,0.8,19.0537037037037,"Male",4,-12.9462962962963
4,"z0102483",5,1,5.76221322537113,"Male",5,0.762213225371129
4,"z0102484",13,0.6,14.5417716685758,"Female",3,1.54177166857578
4,"z0102485",21,0.4,28.4176084474885,"Male",2,7.41760844748848
4,"z0102500",12,0.8,12.0633481921744,"Male",4,0.0633481921743702
4,"z0123188",24,1,26.4423694779117,"Female",5,2.44236947791166
4,"z0132631",15,0.6,17.2032429245283,"Female",3,2.2032429245283
4,"z0132632",34,0.8,27.3821375186846,"Female",4,-6.61786248131544
4,"z0132634",12,0.8,12.2480650154799,"Female",4,0.248065015479899
4,"z0132639",29,0.6,21.7660501193318,"Female",3,-7.23394988066822
4,"z0132641",21,0.6,20.2863102232668,"Male",3,-0.713689776733222
4,"z0132642",11,0.4,7.38858290304065,"Female",2,-3.61141709695935
4,"z0132658",36,0.8,20.3107899807322,"Male",4,-15.6892100192678
4,"z0132659",27,0.6,23.0286563614744,"Female",3,-3.97134363852556
4,"z0132660",23,0.8,21.9416537065838,"Male",4,-1.05834629341623
4,"z0160208",21,1,23.2703600248294,"Female",5,2.27036002482935
4,"z0175867",9,0.8,17.5168179525971,"Female",4,8.51681795259707
4,"z0175874",20,0.8,13.819262493935,"Male",4,-6.18073750606503
4,"z0175876",12,1,16.5925064599483,"Male",5,4.59250645994832
4,"z0175877",32,0.8,24.6692662779397,"Female",4,-7.33073372206027
4,"z0178364",10,1,16.4404494382022,"Female",5,6.44044943820225
4,"z0183541",32,0.8,24.2161646586345,"Male",4,-7.78383534136545
4,"z0183543",4,1,5.58899999999999,"Male",5,1.58899999999999
4,"z0183544",11,1,9.17020708082837,"Female",5,-1.82979291917163
4,"z0186431",8,0.4,9.46758708581132,"Male",2,1.46758708581132
4,"z0186433",21,1,19.6031228784793,"Male",5,-1.39687712152072
4,"z0186434",22,0.6,20.1806835637481,"Male",3,-1.81931643625187
4,"z0186435",30,0.6,13.6168144863267,"Male",3,-16.3831855136733
4,"z0186450",4,0.6,6.77059294871787,"Male",3,2.77059294871787
4,"z0190863",11,1,12.0597363083164,"Female",5,1.05973630831642
4,"z0190867",7,0.8,7.27061143984217,"Female",4,0.270611439842174
4,"z0196956",13,1,21.3081188118812,"Male",5,8.3081188118812
4,"z0198374",16,0.8,20.2525602409639,"Male",4,4.25256024096386
4,"z0198377",35,0.6,24.8209966405375,"Female",3,-10.1790033594625
4,"z0198473",25,1,22.3375424304142,"Male",5,-2.66245756958585
4,"z0198474",19,1,26.6608610567515,"Male",5,7.66086105675146
4,"z0198475",40,0.6,23.1656576576576,"Male",3,-16.8343423423424
4,"z0187739",23,0.6,25.7653433064825,"Female",3,2.76534330648249
4,"z0045928",22,0.4,22.3202721661055,"Female",2,0.320272166105461
5,"z0018943",10,0.6,16.5589347079038,"Female",3,6.55893470790378
5,"z0018944",10,0.6,14.9375675675676,"Male",3,4.93756756756756
5,"z0018945",22,0.6,24.9962297392529,"Female",3,2.99622973925291
5,"z0023316",6,0.8,7.67330426356583,"Male",4,1.67330426356583
5,"z0023317",25,0.6,22.5420336555675,"Male",3,-2.45796634443253
5,"z0023318",11,0.8,8.97235599622282,"Female",4,-2.02764400377718
5,"z0023319",26,0.8,21.660771780303,"Male",4,-4.33922821969696
5,"z0023321",11,0.6,10.3012141280353,"Female",3,-0.698785871964724
5,"z0027453",6,0.6,10.9766516516516,"Female",3,4.97665165165163
5,"z0033888",6,0.6,7.40305084745754,"Female",3,1.40305084745754
5,"z0033898",10,0.6,12.3877067254686,"Male",3,2.3877067254686
5,"z0033906",15,1,20.7543422733078,"Male",5,5.75434227330776
5,"z0033908",6,1,25.8752061248528,"Male",5,19.8752061248528
5,"z0041286",28,0.6,21.9886041439477,"Male",3,-6.01139585605233
5,"z0045925",24,0.8,24.7173004694835,"Male",4,0.717300469483529
5,"z0045931",7,0.8,5.13029629629622,"Male",4,-1.86970370370378
5,"z0049046",6,0.6,10.9947994320198,"Female",3,4.99479943201984
5,"z0049050",11,0.6,22.9063623028969,"Male",3,11.9063623028969
5,"z0049051",37,0.8,22.5409462055716,"Female",4,-14.4590537944284
5,"z0049052",34,0.8,25.1161688003793,"Male",4,-8.8838311996207
5,"z0061425",26,0.8,20.8966713548992,"Male",4,-5.1033286451008
5,"z0071016",8,0.6,9.49000367511937,"Male",3,1.49000367511937
5,"z0075660",18,0.8,26.3741003787878,"Male",4,8.37410037878782
5,"z0075663",18,0.6,19.5700691411936,"Male",3,1.57006914119359
5,"z0075665",27,0.6,23.7253234398782,"Female",3,-3.27467656012179
5,"z0075676",9,0.8,9.55754137115838,"Female",4,0.557541371158377
5,"z0075677",4,1,5.94825367647057,"Female",5,1.94825367647057
5,"z0075678",7,0.8,15.6458632233381,"Female",4,8.64586322333812
5,"z0091082",7,0.6,6.33486842105253,"Female",3,-0.66513157894747
5,"z0091085",19,0.6,15.5212446351931,"Female",3,-3.47875536480686
5,"z0091275",3,0.6,9.10976562499994,"Male",3,6.10976562499994
5,"z0091277",3,0.8,7.53089708561016,"Female",4,4.53089708561016
5,"z0091284",3,0.8,6.66199244570342,"Male",4,3.66199244570342
5,"z0091285",5,1,6.98289057558505,"Male",5,1.98289057558505
5,"z0091286",14,0.8,10.4752816901408,"Male",4,-3.52471830985915
5,"z0092243",19,0.8,14.8666199158485,"Female",4,-4.13338008415148
5,"z0092256",5,1,6.14478976234001,"Male",5,1.14478976234001
5,"z0098734",23,0.8,19.0264292635659,"Male",4,-3.97357073643412
5,"z0098735",30,0.8,24.825216007276,"Male",4,-5.17478399272399
5,"z0098736",15,0.6,9.60357016613638,"Female",3,-5.39642983386362
5,"z0098737",12,1,8.80910438908661,"Female",5,-3.19089561091339
5,"z0098738",19,0.8,18.9159058487874,"Male",4,-0.0840941512125823
5,"z0098740",17,0.8,16.4357309124767,"Female",4,-0.564269087523275
5,"z0098745",7,0.8,10.2202857142857,"Male",4,3.22028571428572
5,"z0098746",32,0.8,18.7864684186261,"Male",4,-13.2135315813739
5,"z0102483",5,1,5.60323024054982,"Male",5,0.60323024054982
5,"z0102484",13,0.6,15.3233220211161,"Female",3,2.32332202111613
5,"z0102500",12,0.8,12.3844759066071,"Male",4,0.384475906607065
5,"z0123188",24,1,27.3527923211169,"Female",5,3.35279232111689
5,"z0132631",15,0.6,17.5968096809681,"Female",3,2.5968096809681
5,"z0132632",34,0.8,27.4731143552311,"Female",4,-6.52688564476891
5,"z0132634",12,0.8,12.2140838852097,"Female",4,0.214083885209732
5,"z0132639",29,0.6,21.2750476190476,"Female",3,-7.72495238095236
5,"z0132641",21,0.6,20.8156477438137,"Male",3,-0.18435225618629
5,"z0132658",36,0.8,20.4077858880778,"Male",4,-15.5922141119222
5,"z0132659",27,0.6,24.2293579693915,"Female",3,-2.77064203060849
5,"z0132660",23,0.8,22.0478082191781,"Male",4,-0.952191780821895
5,"z0160208",21,1,25.2001915708812,"Female",5,4.20019157088123
5,"z0175867",9,0.8,16.8058261700096,"Female",4,7.80582617000955
5,"z0175874",20,0.8,14.088246097337,"Male",4,-5.91175390266302
5,"z0175876",12,1,18.8715119673088,"Male",5,6.87151196730881
5,"z0175877",32,0.8,24.4210334788937,"Female",4,-7.57896652110628
5,"z0178364",10,1,15.8377839165132,"Female",5,5.8377839165132
5,"z0183541",32,0.8,24.6897044573643,"Male",4,-7.31029554263568
5,"z0183543",4,1,5.90306254029657,"Male",5,1.90306254029657
5,"z0183544",11,1,8.83932009626957,"Female",5,-2.16067990373043
5,"z0186433",21,1,19.658608058608,"Male",5,-1.34139194139195
5,"z0186434",22,0.6,20.7577106227106,"Male",3,-1.24228937728935
5,"z0186435",30,0.6,13.6458286778399,"Male",3,-16.3541713221601
5,"z0186450",4,0.6,6.8278888888888,"Male",3,2.8278888888888
5,"z0190863",11,1,12.1282098765432,"Female",5,1.12820987654321
5,"z0190867",7,0.8,6.93521126760556,"Female",4,-0.0647887323944385
5,"z0196956",13,1,21.6482309124767,"Male",5,8.64823091247673
5,"z0198374",16,0.8,20.5165030388032,"Male",4,4.51650303880317
5,"z0198377",35,0.6,24.5944033790918,"Female",3,-10.4055966209082
5,"z0198473",25,1,23.8524936868687,"Male",5,-1.1475063131313
5,"z0198474",19,1,26.0302197802198,"Male",5,7.03021978021977
5,"z0198475",40,0.6,24.3782783882783,"Male",3,-15.6217216117217
5,"z0187739",23,0.6,26.4757624113474,"Female",3,3.47576241134745
6,"z0023316",6,0.8,8.28996088657097,"Male",4,2.28996088657097
6,"z0023318",11,0.8,8.7099048800661,"Female",4,-2.2900951199339
6,"z0023319",26,0.8,23.132176520994,"Male",4,-2.86782347900603
6,"z0033906",15,1,20.5073512906846,"Male",5,5.50735129068465
6,"z0033908",6,1,25.0142630744849,"Male",5,19.0142630744849
6,"z0045925",24,0.8,21.8491772151899,"Male",4,-2.15082278481012
6,"z0045931",7,0.8,5.7963035870515,"Male",4,-1.2036964129485
6,"z0049051",37,0.8,22.4078811369509,"Female",4,-14.5921188630491
6,"z0049052",34,0.8,23.0250426257459,"Male",4,-10.9749573742541
6,"z0061425",26,0.8,20.0713241436926,"Male",4,-5.92867585630741
6,"z0075660",18,0.8,26.5131386861313,"Male",4,8.51313868613127
6,"z0075676",9,0.8,10.9536169338265,"Female",4,1.95361693382654
6,"z0075677",4,1,6.9124401913875,"Female",5,2.9124401913875
6,"z0075678",7,0.8,15.6194340407824,"Female",4,8.61943404078236
6,"z0091277",3,0.8,7.54239804964529,"Female",4,4.54239804964529
6,"z0091284",3,0.8,6.64159420289843,"Male",4,3.64159420289843
6,"z0091285",5,1,7.61280153508768,"Male",5,2.61280153508768
6,"z0091286",14,0.8,10.6796973518285,"Male",4,-3.3203026481715
6,"z0092243",19,0.8,14.9116753472222,"Female",4,-4.08832465277776
6,"z0092256",5,1,7.0456112852664,"Male",5,2.0456112852664
6,"z0098734",23,0.8,18.813580998782,"Male",4,-4.186419001218
6,"z0098735",30,0.8,22.0880499153976,"Male",4,-7.91195008460236
6,"z0098737",12,1,9.25898045430533,"Female",5,-2.74101954569467
6,"z0098738",19,0.8,16.4675460636516,"Male",4,-2.53245393634841
6,"z0098740",17,0.8,16.2681132075472,"Female",4,-0.731886792452833
6,"z0098745",7,0.8,10.9094437525944,"Male",4,3.90944375259444
6,"z0098746",32,0.8,19.146157059315,"Male",4,-12.853842940685
6,"z0102483",5,1,6.61124794745479,"Male",5,1.61124794745479
6,"z0102500",12,0.8,12.8743964421855,"Male",4,0.874396442185535
6,"z0123188",24,1,27.5283913262732,"Female",5,3.52839132627324
6,"z0132632",34,0.8,26.3381458333332,"Female",4,-7.66185416666677
6,"z0132634",12,0.8,11.6789042821159,"Female",4,-0.321095717884097
6,"z0132658",36,0.8,21.7500431778929,"Male",4,-14.2499568221071
6,"z0132660",23,0.8,21.8918163672655,"Male",4,-1.10818363273452
6,"z0160208",21,1,23.9080123266564,"Female",5,2.90801232665639
6,"z0175867",9,0.8,16.9823232323232,"Female",4,7.98232323232323
6,"z0175874",20,0.8,15.3796160130719,"Male",4,-4.6203839869281
6,"z0175876",12,1,18.9087749287749,"Male",5,6.90877492877495
6,"z0175877",32,0.8,24.0914673046251,"Female",4,-7.90853269537487
6,"z0178364",10,1,15.9864493996569,"Female",5,5.98644939965694
6,"z0183541",32,0.8,23.7086355785837,"Male",4,-8.2913644214163
6,"z0183543",4,1,5.99409020217721,"Male",5,1.99409020217721
6,"z0183544",11,1,9.35219298245615,"Female",5,-1.64780701754385
6,"z0186433",21,1,20.133135927806,"Male",5,-0.866864072193998
6,"z0190863",11,1,13.5840544871795,"Female",5,2.58405448717951
6,"z0190867",7,0.8,8.10122968818613,"Female",4,1.10122968818613
6,"z0196956",13,1,18.8978976697062,"Male",5,5.8978976697062
6,"z0198374",16,0.8,21.0592779177162,"Male",4,5.05927791771623
6,"z0198473",25,1,20.7856619570906,"Male",5,-4.21433804290945
6,"z0198474",19,1,25.3134425377015,"Male",5,6.31344253770146
7,"z0018943",10,0.55,17.0798377752028,"Female",3,7.07983777520278
7,"z0018944",10,0.55,13.5884615384616,"Male",3,3.58846153846155
7,"z0018945",22,0.55,24.6107058823529,"Female",3,2.6107058823529
7,"z0023316",6,0.75,8.09596518987342,"Male",4,2.09596518987342
7,"z0023317",25,0.55,22.3711741185024,"Male",3,-2.62882588149764
7,"z0023318",11,0.75,9.68631395926482,"Female",4,-1.31368604073518
7,"z0023319",26,0.75,21.513262195122,"Male",4,-4.48673780487801
7,"z0023321",11,0.55,11.1803064275038,"Female",3,0.180306427503766
7,"z0027453",6,0.55,10.8189142857143,"Female",3,4.81891428571431
7,"z0027455",10,0.2,9.10645413870237,"Female",2,-0.893545861297634
7,"z0033888",6,0.55,8.21714947856309,"Female",3,2.21714947856309
7,"z0033893",15,0.2,16.1060145406477,"Male",2,1.10601454064772
7,"z0033898",10,0.55,11.7161039968957,"Male",3,1.71610399689568
7,"z0033906",15,1,20.4412324234905,"Male",5,5.44123242349048
7,"z0033908",6,1,24.043487394958,"Male",5,18.043487394958
7,"z0041286",28,0.55,21.6666475754105,"Male",3,-6.33335242458952
7,"z0045921",10,0.2,23.0181535269709,"Female",2,13.0181535269709
7,"z0045925",24,0.75,24.1736559139785,"Male",4,0.173655913978497
7,"z0045931",7,0.75,5.29238964992382,"Male",4,-1.70761035007618
7,"z0049046",6,0.55,11.7323645709767,"Female",3,5.73236457097672
7,"z0049048",11,0.2,15.0406056587091,"Male",2,4.0406056587091
7,"z0049050",11,0.55,22.7492875890514,"Male",3,11.7492875890514
7,"z0049051",37,0.75,23.7055915721232,"Female",4,-13.2944084278768
7,"z0049052",34,0.75,25.1083596214511,"Male",4,-8.8916403785489
7,"z0061425",26,0.75,19.6642345110087,"Male",4,-6.3357654889913
7,"z0071016",8,0.55,9.5005931879066,"Male",3,1.5005931879066
7,"z0075660",18,0.75,26.4140640640641,"Male",4,8.41406406406405
7,"z0075663",18,0.55,19.0761682242991,"Male",3,1.07616822429907
7,"z0075665",27,0.55,23.3248306997742,"Female",3,-3.67516930022575
7,"z0075676",9,0.75,9.4769514767933,"Female",4,0.4769514767933
7,"z0075677",4,1,6.10726216412494,"Female",5,2.10726216412494
7,"z0075678",7,0.75,15.8771943995692,"Female",4,8.8771943995692
7,"z0091082",7,0.55,6.36808898614142,"Female",3,-0.631911013858582
7,"z0091085",19,0.55,15.2245907738095,"Female",3,-3.77540922619048
7,"z0091275",3,0.55,8.55334500194473,"Male",3,5.55334500194473
7,"z0091276",10,0.2,27.3255350637522,"Female",2,17.3255350637522
7,"z0091277",3,0.75,7.88161919831225,"Female",4,4.88161919831225
7,"z0091284",3,0.75,6.77082066869298,"Male",4,3.77082066869298
7,"z0091285",5,1,7.35579064587977,"Male",5,2.35579064587977
7,"z0091286",14,0.75,11.1759638848219,"Male",4,-2.8240361151781
7,"z0092243",19,0.75,14.8297144263909,"Female",4,-4.17028557360907
7,"z0092256",5,1,5.89394273127756,"Male",5,0.893942731277557
7,"z0098734",23,0.75,20.0663926258097,"Male",4,-2.93360737419032
7,"z0098735",30,0.75,24.0221268850754,"Male",4,-5.97787311492458
7,"z0098736",15,0.55,9.08608471892316,"Female",3,-5.91391528107684
7,"z0098737",12,1,8.6654266958425,"Female",5,-3.3345733041575
7,"z0098738",19,0.75,17.2686906546727,"Male",4,-1.73130934532734
7,"z0098740",17,0.75,15.7519607843137,"Female",4,-1.24803921568627
7,"z0098744",6,0.2,8.00822642358756,"Male",2,2.00822642358756
7,"z0098745",7,0.75,10.6129024269441,"Male",4,3.61290242694409
7,"z0098746",32,0.75,20.4907580477674,"Male",4,-11.5092419522326
7,"z0102483",5,1,5.85911214953275,"Male",5,0.859112149532747
7,"z0102484",13,0.55,14.371458571974,"Female",3,1.37145857197402
7,"z0102485",21,0.2,27.9961367178802,"Male",2,6.99613671788017
7,"z0102500",12,0.75,12.6735920852359,"Male",4,0.673592085235924
7,"z0123188",24,1,26.7582809224319,"Female",5,2.75828092243187
7,"z0132631",15,0.55,18.3167250778816,"Female",3,3.31672507788161
7,"z0132632",34,0.75,27.5650512820512,"Female",4,-6.43494871794876
7,"z0132634",12,0.75,11.7285788113695,"Female",4,-0.271421188630473
7,"z0132639",29,0.55,21.874115876599,"Female",3,-7.12588412340104
7,"z0132641",21,0.55,20.1537123876515,"Male",3,-0.846287612348533
7,"z0132642",11,0.2,7.09702824858747,"Female",2,-3.90297175141253
7,"z0132658",36,0.75,21.1290404040404,"Male",4,-14.8709595959596
7,"z0132659",27,0.55,23.023381294964,"Female",3,-3.97661870503598
7,"z0132660",23,0.75,22.5307573415766,"Male",4,-0.469242658423433
7,"z0160208",21,1,24.4773835920178,"Female",5,3.47738359201779
7,"z0175867",9,0.75,16.8700809307031,"Female",4,7.87008093070309
7,"z0175874",20,0.75,14.682049224184,"Male",4,-5.31795077581596
7,"z0175876",12,1,16.6654600301659,"Male",5,4.66546003016591
7,"z0175877",32,0.75,22.9176139272914,"Female",4,-9.0823860727086
7,"z0178364",10,1,15.2289377289377,"Female",5,5.22893772893773
7,"z0183541",32,0.75,25.6691087613293,"Male",4,-6.33089123867072
7,"z0183543",4,1,5.62505399568036,"Male",5,1.62505399568036
7,"z0183544",11,1,8.9257788161994,"Female",5,-2.0742211838006
7,"z0186431",8,0.2,8.93472314140735,"Male",2,0.934723141407353
7,"z0186433",21,1,20.5829079659706,"Male",5,-0.417092034029402
7,"z0186434",22,0.55,18.4979261796042,"Male",3,-3.50207382039575
7,"z0186435",30,0.55,13.5364524614807,"Male",3,-16.4635475385193
7,"z0186450",4,0.55,6.75625227190106,"Male",3,2.75625227190106
7,"z0190863",11,1,11.9366359447004,"Female",5,0.936635944700445
7,"z0190867",7,0.75,7.17965646806225,"Female",4,0.179656468062248
7,"z0196956",13,1,20.7710308502633,"Male",5,7.77103085026334
7,"z0198374",16,0.75,20.7254065040651,"Male",4,4.72540650406507
7,"z0198377",35,0.55,23.3096673976608,"Female",3,-11.6903326023392
7,"z0198473",25,1,23.0037349397591,"Male",5,-1.99626506024094
7,"z0198474",19,1,26.3826651818857,"Male",5,7.38266518188569
7,"z0198475",40,0.55,24.5974715099715,"Male",3,-15.4025284900285
7,"z0187739",23,0.55,25.8857770141275,"Female",3,2.88577701412748
7,"z0045928",22,0.2,21.9991304347825,"Female",2,-0.000869565217456625
8,"z0018943",10,0.55,16.9707853403141,"Female",3,6.97078534031413
8,"z0018944",10,0.55,14.0323085221143,"Male",3,4.03230852211435
8,"z0018945",22,0.55,24.5906882591092,"Female",3,2.59068825910925
8,"z0023316",6,0.75,8.16561499771369,"Male",4,2.16561499771369
8,"z0023317",25,0.55,22.0576320582878,"Male",3,-2.94236794171221
8,"z0023318",11,0.75,9.41676109537298,"Female",4,-1.58323890462702
8,"z0023319",26,0.75,21.8924050632912,"Male",4,-4.10759493670883
8,"z0023321",11,0.55,11.3456817346564,"Female",3,0.345681734656363
8,"z0027453",6,0.55,10.7862714776632,"Female",3,4.78627147766319
8,"z0033888",6,0.55,8.07718738930208,"Female",3,2.07718738930208
8,"z0033898",10,0.55,12.1952356020943,"Male",3,2.19523560209426
8,"z0033906",15,1,21.4145161290322,"Male",5,6.41451612903223
8,"z0033908",6,1,24.2235334713596,"Male",5,18.2235334713596
8,"z0041286",28,0.55,22.1155067808708,"Male",3,-5.8844932191292
8,"z0045925",24,0.75,23.771650879567,"Male",4,-0.22834912043303
8,"z0045931",7,0.75,5.36264447526573,"Male",4,-1.63735552473427
8,"z0049046",6,0.55,11.300191171359,"Female",3,5.30019117135903
8,"z0049050",11,0.55,22.8540086673889,"Male",3,11.8540086673889
8,"z0049051",37,0.75,23.3215124816446,"Female",4,-13.6784875183554
8,"z0049052",34,0.75,24.8940037771482,"Male",4,-9.10599622285177
8,"z0061425",26,0.75,20.1860567970205,"Male",4,-5.81394320297953
8,"z0071016",8,0.55,9.36940451745372,"Male",3,1.36940451745372
8,"z0075660",18,0.75,26.5268440709617,"Male",4,8.52684407096166
8,"z0075663",18,0.55,19.0430286738351,"Male",3,1.04302867383511
8,"z0075665",27,0.55,24.0118507051943,"Female",3,-2.98814929480569
8,"z0075676",9,0.75,9.52046948356806,"Female",4,0.520469483568057
8,"z0075677",4,1,5.9597431077694,"Female",5,1.9597431077694
8,"z0075678",7,0.75,16.4915743305632,"Female",4,9.49157433056325
8,"z0091082",7,0.55,6.34719642242853,"Female",3,-0.652803577571474
8,"z0091085",19,0.55,15.7347294938918,"Female",3,-3.2652705061082
8,"z0091275",3,0.55,8.4328828828828,"Male",3,5.4328828828828
8,"z0091277",3,0.75,7.84937413073707,"Female",4,4.84937413073707
8,"z0091284",3,0.75,6.77703252032513,"Male",4,3.77703252032513
8,"z0091285",5,1,6.91299319727892,"Male",5,1.91299319727892
8,"z0091286",14,0.75,11.2346722068329,"Male",4,-2.76532779316711
8,"z0092243",19,0.75,14.6921965317919,"Female",4,-4.3078034682081
8,"z0092256",5,1,5.94644268774701,"Male",5,0.946442687747009
8,"z0098734",23,0.75,20.6890177353343,"Male",4,-2.31098226466575
8,"z0098735",30,0.75,24.341878059635,"Male",4,-5.65812194036495
8,"z0098736",15,0.55,9.32808641975301,"Female",3,-5.67191358024699
8,"z0098737",12,1,9.43742690058482,"Female",5,-2.56257309941518
8,"z0098738",19,0.75,17.8285507246377,"Male",4,-1.17144927536231
8,"z0098740",17,0.75,15.837610619469,"Female",4,-1.16238938053097
8,"z0098745",7,0.75,10.7055090655509,"Male",4,3.70550906555092
8,"z0098746",32,0.75,20.099297188755,"Male",4,-11.900702811245
8,"z0102483",5,1,6.09197786998616,"Male",5,1.09197786998616
8,"z0102484",13,0.55,14.6528133903134,"Female",3,1.65281339031336
8,"z0102500",12,0.75,12.860765329645,"Male",4,0.860765329644998
8,"z0123188",24,1,27.6742911153119,"Female",5,3.67429111531187
8,"z0132631",15,0.55,18.0101891506067,"Female",3,3.01018915060671
8,"z0132632",34,0.75,27.8967083912841,"Female",4,-6.10329160871589
8,"z0132634",12,0.75,12.0619184652278,"Female",4,0.0619184652278371
8,"z0132639",29,0.55,21.3406997187061,"Female",3,-7.65930028129392
8,"z0132641",21,0.55,20.736673414305,"Male",3,-0.26332658569498
8,"z0132658",36,0.75,21.8041666666667,"Male",4,-14.1958333333333
8,"z0132659",27,0.55,22.8604880581516,"Female",3,-4.13951194184843
8,"z0132660",23,0.75,22.5586967418547,"Male",4,-0.441303258145346
8,"z0160208",21,1,25.7406311637081,"Female",5,4.7406311637081
8,"z0175867",9,0.75,16.5412676056338,"Female",4,7.5412676056338
8,"z0175874",20,0.75,14.543485267035,"Male",4,-5.45651473296502
8,"z0175876",12,1,16.9783653846154,"Male",5,4.97836538461538
8,"z0175877",32,0.75,23.5594086021505,"Female",4,-8.44059139784947
8,"z0178364",10,1,15.4842405913979,"Female",5,5.48424059139785
8,"z0183541",32,0.75,26.7181252989,"Male",4,-5.28187470109999
8,"z0183543",4,1,5.84885416666664,"Male",5,1.84885416666664
8,"z0183544",11,1,8.77075788061708,"Female",5,-2.22924211938292
8,"z0186433",21,1,20.8280618686868,"Male",5,-0.171938131313151
8,"z0186434",22,0.55,18.6146652497343,"Male",3,-3.38533475026569
8,"z0186435",30,0.55,13.881473377097,"Male",3,-16.118526622903
8,"z0186450",4,0.55,6.88615942028975,"Male",3,2.88615942028975
8,"z0190863",11,1,12.065965583174,"Female",5,1.06596558317399
8,"z0190867",7,0.75,7.33207180980103,"Female",4,0.332071809801029
8,"z0196956",13,1,19.9537735849056,"Male",5,6.95377358490564
8,"z0198374",16,0.75,21.4792318634424,"Male",4,5.4792318634424
8,"z0198377",35,0.55,23.919394261424,"Female",3,-11.080605738576
8,"z0198473",25,1,23.9044761904762,"Male",5,-1.09552380952379
8,"z0198474",19,1,26.2125694444445,"Male",5,7.21256944444445
8,"z0198475",40,0.55,24.763918821839,"Male",3,-15.236081178161
8,"z0187739",23,0.55,26.6919811320754,"Female",3,3.69198113207539
9,"z0023316",6,0.75,9.11235772357716,"Male",4,3.11235772357716
9,"z0023318",11,0.75,8.8369974874371,"Female",4,-2.1630025125629
9,"z0023319",26,0.75,22.9250503829101,"Male",4,-3.07494961708992
9,"z0033906",15,1,19.4463685636857,"Male",5,4.44636856368566
9,"z0033908",6,1,23.4518983807929,"Male",5,17.4518983807929
9,"z0045925",24,0.75,21.3895910780669,"Male",4,-2.61040892193306
9,"z0045931",7,0.75,6.15572016460893,"Male",4,-0.844279835391074
9,"z0049051",37,0.75,22.6285328345802,"Female",4,-14.3714671654198
9,"z0049052",34,0.75,23.1333136792452,"Male",4,-10.8666863207548
9,"z0061425",26,0.75,19.110632542655,"Male",4,-6.88936745734497
9,"z0075660",18,0.75,27.8738673139158,"Male",4,9.8738673139158
9,"z0075676",9,0.75,10.7257255389718,"Female",4,1.7257255389718
9,"z0075677",4,1,6.33151357596758,"Female",5,2.33151357596758
9,"z0075678",7,0.75,16.7193317422434,"Female",4,9.71933174224344
9,"z0091277",3,0.75,7.67015695993379,"Female",4,4.67015695993379
9,"z0091284",3,0.75,6.58578074433642,"Male",4,3.58578074433642
9,"z0091285",5,1,7.67211382113816,"Male",5,2.67211382113816
9,"z0091286",14,0.75,11.344958968347,"Male",4,-2.65504103165298
9,"z0092243",19,0.75,14.1696738670055,"Female",4,-4.83032613299447
9,"z0092256",5,1,7.22880021715521,"Male",5,2.22880021715521
9,"z0098734",23,0.75,18.8479477611941,"Male",4,-4.15205223880595
9,"z0098735",30,0.75,21.0592369477912,"Male",4,-8.9407630522088
9,"z0098737",12,1,10.2431905546403,"Female",5,-1.75680944535967
9,"z0098738",19,0.75,15.2526193493874,"Male",4,-3.74738065061257
9,"z0098740",17,0.75,16.1881345177665,"Female",4,-0.811865482233504
9,"z0098745",7,0.75,11.3554604726977,"Male",4,4.35546047269766
9,"z0098746",32,0.75,20.0125511875512,"Male",4,-11.9874488124488
9,"z0102483",5,1,6.81277495769876,"Male",5,1.81277495769876
9,"z0102500",12,0.75,13.1378189792664,"Male",4,1.13781897926637
9,"z0123188",24,1,26.266225749559,"Female",5,2.26622574955903
9,"z0132632",34,0.75,26.8329096045197,"Female",4,-7.16709039548033
9,"z0132634",12,0.75,12.2100529100529,"Female",4,0.210052910052934
9,"z0132658",36,0.75,22.2642476424764,"Male",4,-13.7357523575236
9,"z0132660",23,0.75,22.0050299401198,"Male",4,-0.994970059880245
9,"z0160208",21,1,24.1169154228856,"Female",5,3.11691542288557
9,"z0175867",9,0.75,16.3072308303536,"Female",4,7.30723083035359
9,"z0175874",20,0.75,15.6235058162856,"Male",4,-4.3764941837144
9,"z0175876",12,1,17.5154761904762,"Male",5,5.5154761904762
9,"z0175877",32,0.75,22.3595797280593,"Female",4,-9.64042027194068
9,"z0178364",10,1,15.7751000571755,"Female",5,5.77510005717553
9,"z0183541",32,0.75,23.2000634517766,"Male",4,-8.7999365482234
9,"z0183543",4,1,5.661908690869,"Male",5,1.661908690869
9,"z0183544",11,1,8.96365979381444,"Female",5,-2.03634020618556
9,"z0186433",21,1,20.5155844155844,"Male",5,-0.484415584415565
9,"z0190863",11,1,11.8932057681642,"Female",5,0.893205768164194
9,"z0190867",7,0.75,7.42414068744989,"Female",4,0.42414068744989
9,"z0196956",13,1,18.0622276688453,"Male",5,5.06222766884534
9,"z0198374",16,0.75,20.6577317554241,"Male",4,4.65773175542409
9,"z0198473",25,1,20.4227628635347,"Male",5,-4.5772371364653
9,"z0198474",19,1,24.5118288590604,"Male",5,5.51182885906039
10,"z0018943",10,1,16.1495466321244,"Female",3,6.14954663212435
10,"z0018944",10,1,14.6746042216359,"Male",3,4.67460422163587
10,"z0018945",22,1,24.5879972565158,"Female",3,2.58799725651576
10,"z0023316",6,1,7.51519886363634,"Male",4,1.51519886363634
10,"z0023317",25,1,23.161553030303,"Male",3,-1.83844696969695
10,"z0023318",11,1,9.46551480959098,"Female",4,-1.53448519040902
10,"z0023319",26,1,21.0908437644877,"Male",4,-4.90915623551225
10,"z0023321",11,1,11.9837818696884,"Female",3,0.983781869688425
10,"z0027453",6,1,9.87865120274915,"Female",3,3.87865120274915
10,"z0027455",10,1,9.31207133058986,"Female",2,-0.687928669410143
10,"z0033888",6,1,8.06859742565465,"Female",3,2.06859742565465
10,"z0033893",15,1,15.8724368499257,"Male",2,0.872436849925705
10,"z0033898",10,1,11.6192054536907,"Male",3,1.61920545369068
10,"z0033906",15,1,20.9345911949686,"Male",5,5.93459119496859
10,"z0033908",6,1,24.8742870500233,"Male",5,18.8742870500233
10,"z0041286",28,1,21.6722899728998,"Male",3,-6.32771002710023
10,"z0045921",10,1,24.7148721399731,"Female",2,14.7148721399731
10,"z0045925",24,1,22.7705426356589,"Male",4,-1.22945736434105
10,"z0045931",7,1,6.24296657381611,"Male",4,-0.757033426183893
10,"z0049046",6,1,10.886631716907,"Female",3,4.88663171690699
10,"z0049048",11,1,14.5486074847694,"Male",2,3.54860748476936
10,"z0049050",11,1,21.8569173630455,"Male",3,10.8569173630455
10,"z0049051",37,1,23.2071524064171,"Female",4,-13.7928475935829
10,"z0049052",34,1,24.7166225749559,"Male",4,-9.28337742504411
10,"z0061425",26,1,19.1834985835694,"Male",4,-6.8165014164306
10,"z0071016",8,1,9.50237768632831,"Male",3,1.50237768632831
10,"z0075660",18,1,24.5760283687943,"Male",4,6.57602836879431
10,"z0075663",18,1,19.4876091954023,"Male",3,1.4876091954023
10,"z0075665",27,1,24.2621171770972,"Female",3,-2.73788282290283
10,"z0075676",9,1,9.44343151005145,"Female",4,0.443431510051447
10,"z0075677",4,1,5.82198535745043,"Female",5,1.82198535745043
10,"z0075678",7,1,15.0907355679702,"Female",4,8.0907355679702
10,"z0091082",7,1,6.98958333333329,"Female",3,-0.010416666666714
10,"z0091085",19,1,15.8099908550526,"Female",3,-3.19000914494742
10,"z0091275",3,1,8.3463604083444,"Male",3,5.3463604083444
10,"z0091276",10,1,27.0995860566448,"Female",2,17.0995860566448
10,"z0091277",3,1,7.61129943502822,"Female",4,4.61129943502822
10,"z0091284",3,1,6.42743929359818,"Male",4,3.42743929359818
10,"z0091285",5,1,6.48934820647413,"Male",5,1.48934820647413
10,"z0091286",14,1,11.0695652173914,"Male",4,-2.93043478260865
10,"z0092243",19,1,15.0910774410774,"Female",4,-3.90892255892256
10,"z0092256",5,1,6.59608965188361,"Male",5,1.59608965188361
10,"z0098734",23,1,18.4887375702551,"Male",4,-4.51126242974493
10,"z0098735",30,1,22.465406162465,"Male",4,-7.53459383753498
10,"z0098736",15,1,9.011989912884,"Female",3,-5.988010087116
10,"z0098737",12,1,9.65211301044637,"Female",5,-2.34788698955363
10,"z0098738",19,1,18.4163452708907,"Male",4,-0.583654729109284
10,"z0098740",17,1,15.7946979574098,"Female",4,-1.20530204259017
10,"z0098744",6,1,7.64153774027191,"Male",2,1.64153774027191
10,"z0098745",7,1,10.5393511988717,"Male",4,3.53935119887171
10,"z0098746",32,1,21.4210052157421,"Male",4,-10.5789947842579
10,"z0102483",5,1,6.54466845878133,"Male",5,1.54466845878133
10,"z0102484",13,1,14.7194560669456,"Female",3,1.7194560669456
10,"z0102485",21,1,27.6560958904109,"Male",2,6.65609589041092
10,"z0102500",12,1,12.5156835848194,"Male",4,0.515683584819417
10,"z0123188",24,1,25.4034306907742,"Female",5,1.4034306907742
10,"z0132631",15,1,17.1234858681023,"Female",3,2.12348586810229
10,"z0132632",34,1,25.526013986014,"Female",4,-8.47398601398605
10,"z0132634",12,1,12.4315638450502,"Female",4,0.431563845050238
10,"z0132639",29,1,22.0164438502674,"Female",3,-6.98355614973257
10,"z0132641",21,1,20.5168846899225,"Male",3,-0.483115310077494
10,"z0132642",11,1,7.29009661835744,"Female",2,-3.70990338164256
10,"z0132658",36,1,22.047162645219,"Male",4,-13.952837354781
10,"z0132659",27,1,22.4357796067673,"Female",3,-4.5642203932327
10,"z0132660",23,1,23.2032613585245,"Male",4,0.203261358524525
10,"z0160208",21,1,23.145202020202,"Female",5,2.14520202020201
10,"z0175867",9,1,17.3071559213534,"Female",4,8.30715592135345
10,"z0175874",20,1,14.3488888888889,"Male",4,-5.65111111111112
10,"z0175876",12,1,16.5197903014417,"Male",5,4.51979030144167
10,"z0175877",32,1,24.3248663101604,"Female",4,-7.67513368983961
10,"z0178364",10,1,16.371562082777,"Female",5,6.37156208277704
10,"z0183541",32,1,23.2384976525822,"Male",4,-8.76150234741783
10,"z0183543",4,1,5.33759259259253,"Male",5,1.33759259259253
10,"z0183544",11,1,8.77580645161288,"Female",5,-2.22419354838712
10,"z0186431",8,1,9.707880794702,"Male",2,1.707880794702
10,"z0186433",21,1,20.6867265469062,"Male",5,-0.313273453093785
10,"z0186434",22,1,20.3020573277855,"Male",3,-1.69794267221449
10,"z0186435",30,1,13.9283721993598,"Male",3,-16.0716278006402
10,"z0186450",4,1,6.41200883002202,"Male",3,2.41200883002202
10,"z0190863",11,1,11.0383753501401,"Female",5,0.0383753501401163
10,"z0190867",7,1,7.41247685185183,"Female",4,0.412476851851826
10,"z0196956",13,1,19.4669117647059,"Male",5,6.46691176470588
10,"z0198374",16,1,20.9089972527473,"Male",4,4.90899725274729
10,"z0198377",35,1,23.105910326087,"Female",3,-11.894089673913
10,"z0198473",25,1,22.5006241331484,"Male",5,-2.49937586685156
10,"z0198474",19,1,25.5992623328723,"Male",5,6.59926233287225
10,"z0198475",40,1,23.1189265536723,"Male",3,-16.8810734463277
10,"z0187739",23,1,25.7182621819749,"Female",3,2.71826218197494
10,"z0045928",22,1,22.5114482758621,"Female",2,0.511448275862094
11,"z0018943",10,1,17.9574416556583,"Female",3,7.95744165565831
11,"z0018944",10,1,15.075371120108,"Male",3,5.07537112010795
11,"z0018945",22,1,25.0129485516645,"Female",3,3.01294855166447
11,"z0023316",6,1,7.52405121170547,"Male",4,1.52405121170547
11,"z0023317",25,1,23.8353126405758,"Male",3,-1.16468735942421
11,"z0023318",11,1,8.84215419501131,"Female",4,-2.15784580498869
11,"z0023319",26,1,23.4590095986038,"Male",4,-2.54099040139617
11,"z0023321",11,1,11.3253051643193,"Female",3,0.325305164319275
11,"z0027453",6,1,10.2059817351598,"Female",3,4.20598173515981
11,"z0033888",6,1,7.78319690768525,"Female",3,1.78319690768525
11,"z0033898",10,1,11.3823119777159,"Male",3,1.38231197771589
11,"z0033906",15,1,21.6573848238483,"Male",5,6.65738482384826
11,"z0033908",6,1,25.3718679330619,"Male",5,19.3718679330619
11,"z0041286",28,1,23.3936949466852,"Male",3,-4.6063050533148
11,"z0045925",24,1,23.702841163311,"Male",4,-0.297158836689039
11,"z0045931",7,1,6.02890350877185,"Male",4,-0.971096491228154
11,"z0049046",6,1,10.970702443281,"Female",3,4.97070244328099
11,"z0049050",11,1,22.9440720474236,"Male",3,11.9440720474236
11,"z0049051",37,1,22.8030453257791,"Female",4,-14.1969546742209
11,"z0049052",34,1,25.9281690140844,"Male",4,-8.07183098591555
11,"z0061425",26,1,20.4066173171826,"Male",4,-5.5933826828174
11,"z0071016",8,1,9.11440412186376,"Male",3,1.11440412186376
11,"z0075660",18,1,26.5697463768115,"Male",4,8.56974637681154
11,"z0075663",18,1,19.7732624113475,"Male",3,1.7732624113475
11,"z0075665",27,1,24.5252368064952,"Female",3,-2.47476319350476
11,"z0075676",9,1,9.61829710144925,"Female",4,0.618297101449251
11,"z0075677",4,1,6.39558960074273,"Female",5,2.39558960074273
11,"z0075678",7,1,15.6995278564684,"Female",4,8.69952785646837
11,"z0091082",7,1,6.39443678160912,"Female",3,-0.605563218390875
11,"z0091085",19,1,16.4356267029973,"Female",3,-2.56437329700272
11,"z0091275",3,1,8.62738896366079,"Male",3,5.62738896366079
11,"z0091277",3,1,7.45633903133897,"Female",4,4.45633903133897
11,"z0091284",3,1,6.48306306306298,"Male",4,3.48306306306298
11,"z0091285",5,1,6.457269249163,"Male",5,1.457269249163
11,"z0091286",14,1,11.0984030589294,"Male",4,-2.9015969410706
11,"z0092243",19,1,15.3390249433107,"Female",4,-3.66097505668934
11,"z0092256",5,1,6.06172259507825,"Male",5,1.06172259507825
11,"z0098734",23,1,18.7046474358974,"Male",4,-4.29535256410257
11,"z0098735",30,1,23.7752781486426,"Male",4,-6.22472185135738
11,"z0098736",15,1,9.09060999039382,"Female",3,-5.90939000960618
11,"z0098737",12,1,9.44441477525586,"Female",5,-2.55558522474414
11,"z0098738",19,1,18.1231951871658,"Male",4,-0.876804812834216
11,"z0098740",17,1,15.6457890070922,"Female",4,-1.35421099290779
11,"z0098745",7,1,10.0704647006256,"Male",4,3.07046470062555
11,"z0098746",32,1,21.0901504787962,"Male",4,-10.9098495212038
11,"z0102483",5,1,6.40692640692633,"Male",5,1.40692640692633
11,"z0102484",13,1,14.7401078293483,"Female",3,1.74010782934832
11,"z0102500",12,1,12.7763471626133,"Male",4,0.776347162613263
11,"z0123188",24,1,27.3076675849403,"Female",5,3.30766758494026
11,"z0132631",15,1,18.1957025920873,"Female",3,3.19570259208731
11,"z0132632",34,1,27.4265287356321,"Female",4,-6.57347126436787
11,"z0132634",12,1,12.6581690140845,"Female",4,0.658169014084518
11,"z0132639",29,1,21.5839878447873,"Female",3,-7.41601215521269
11,"z0132641",21,1,21.5152027027027,"Male",3,0.515202702702716
11,"z0132658",36,1,21.6136449480642,"Male",4,-14.3863550519358
11,"z0132659",27,1,24.3161020776874,"Female",3,-2.68389792231257
11,"z0132660",23,1,23.8663967611336,"Male",4,0.866396761133569
11,"z0160208",21,1,26.0587837837837,"Female",5,5.05878378378372
11,"z0175867",9,1,17.5016601983614,"Female",4,8.50166019836137
11,"z0175874",20,1,14.163407821229,"Male",4,-5.83659217877098
11,"z0175876",12,1,18.5686924493554,"Male",5,6.56869244935542
11,"z0175877",32,1,25.2865779645191,"Female",4,-6.7134220354809
11,"z0178364",10,1,16.3827695083446,"Female",5,6.38276950834461
11,"z0183541",32,1,24.8443843031123,"Male",4,-7.15561569688772
11,"z0183543",4,1,5.46634571297561,"Male",5,1.46634571297561
11,"z0183544",11,1,8.98071679859275,"Female",5,-2.01928320140725
11,"z0186433",21,1,21.1879480286738,"Male",5,0.187948028673848
11,"z0186434",22,1,20.7359254206458,"Male",3,-1.26407457935425
11,"z0186435",30,1,13.6118169398907,"Male",3,-16.3881830601093
11,"z0186450",4,1,6.58415147265072,"Male",3,2.58415147265072
11,"z0190863",11,1,11.5091494252874,"Female",5,0.509149425287388
11,"z0190867",7,1,7.44361652739085,"Female",4,0.443616527390846
11,"z0196956",13,1,20.1224543707973,"Male",5,7.1224543707973
11,"z0198374",16,1,21.9429320565436,"Male",4,5.94293205654357
11,"z0198377",35,1,24.2192067736185,"Female",3,-10.7807932263815
11,"z0198473",25,1,24.5978854024556,"Male",5,-0.402114597544362
11,"z0198474",19,1,26.558263500931,"Male",5,7.55826350093104
11,"z0198475",40,1,24.9139920752848,"Male",3,-15.0860079247152
11,"z0187739",23,1,27.2460514233241,"Female",3,4.24605142332407
12,"z0023316",6,1,8.87191932624107,"Male",4,2.87191932624107
12,"z0023318",11,1,8.67780151946814,"Female",4,-2.32219848053186
12,"z0023319",26,1,22.5335897435898,"Male",4,-3.46641025641024
12,"z0033906",15,1,20.0615668402778,"Male",5,5.0615668402778
12,"z0033908",6,1,24.7208039492242,"Male",5,18.7208039492242
12,"z0045925",24,1,21.2929934823092,"Male",4,-2.70700651769085
12,"z0045931",7,1,6.09849953831936,"Male",4,-0.901500461680637
12,"z0049051",37,1,22.8181979582778,"Female",4,-14.1818020417222
12,"z0049052",34,1,23.6573153409091,"Male",4,-10.3426846590909
12,"z0061425",26,1,19.7045861297539,"Male",4,-6.29541387024607
12,"z0075660",18,1,27.6752920035938,"Male",4,9.67529200359377
12,"z0075676",9,1,11.2086255259467,"Female",4,2.20862552594674
12,"z0075677",4,1,5.71907801418429,"Female",5,1.71907801418429
12,"z0075678",7,1,16.0611263109895,"Female",4,9.06112631098951
12,"z0091277",3,1,7.51770159551521,"Female",4,4.51770159551521
12,"z0091284",3,1,6.44115456238352,"Male",4,3.44115456238352
12,"z0091285",5,1,7.27007947639075,"Male",5,2.27007947639075
12,"z0091286",14,1,11.1950288504217,"Male",4,-2.8049711495783
12,"z0092243",19,1,15.2106550022432,"Female",4,-3.78934499775682
12,"z0092256",5,1,7.84050228310494,"Male",5,2.84050228310494
12,"z0098734",23,1,18.5652232746956,"Male",4,-4.43477672530445
12,"z0098735",30,1,21.3136243386244,"Male",4,-8.68637566137564
12,"z0098737",12,1,10.8243400447427,"Female",5,-1.17565995525726
12,"z0098738",19,1,15.563033286451,"Male",4,-3.43696671354898
12,"z0098740",17,1,15.5194868238558,"Female",4,-1.48051317614424
12,"z0098745",7,1,11.3204062788551,"Male",4,4.32040627885506
12,"z0098746",32,1,20.4716775599129,"Male",4,-11.5283224400871
12,"z0102483",5,1,7.1089522546418,"Male",5,2.1089522546418
12,"z0102500",12,1,13.3572503419973,"Male",4,1.35725034199729
12,"z0123188",24,1,26.9181400966183,"Female",5,2.91814009661826
12,"z0132632",34,1,26.5744979919678,"Female",4,-7.42550200803225
12,"z0132634",12,1,12.4682363804248,"Female",4,0.468236380424774
12,"z0132658",36,1,21.5737353206866,"Male",4,-14.4262646793134
12,"z0132660",23,1,22.6800779458964,"Male",4,-0.319922054103607
12,"z0160208",21,1,25.3141059602648,"Female",5,4.3141059602648
12,"z0175867",9,1,17.4989316239316,"Female",4,8.49893162393163
12,"z0175874",20,1,15.0151151857076,"Male",4,-4.98488481429241
12,"z0175876",12,1,17.7745590230665,"Male",5,5.7745590230665
12,"z0175877",32,1,24.3936893203883,"Female",4,-7.6063106796117
12,"z0178364",10,1,17.5235762144054,"Female",5,7.52357621440538
12,"z0183541",32,1,22.2580008865248,"Male",4,-9.74199911347517
12,"z0183543",4,1,5.42569060773469,"Male",5,1.42569060773469
12,"z0183544",11,1,8.74722222222217,"Female",5,-2.25277777777783
12,"z0186433",21,1,21.0976361031519,"Male",5,0.0976361031518884
12,"z0190863",11,1,12.2643981481482,"Female",5,1.26439814814817
12,"z0190867",7,1,7.56858447488576,"Female",4,0.56858447488576
12,"z0196956",13,1,18.1427385892116,"Male",5,5.14273858921164
12,"z0198374",16,1,22.5424475524476,"Male",4,6.54244755244758
12,"z0198473",25,1,21.1701407811081,"Male",5,-3.82985921889188
12,"z0198474",19,1,25.4295877659574,"Male",5,6.42958776595738
13,"z0018943",10,0.6,15.4923271173271,"Female",3,5.49232711732711
13,"z0018944",10,0.6,15.0456428292302,"Male",3,5.04564282923016
13,"z0018945",22,0.6,25.2039346696362,"Female",3,3.20393466963617
13,"z0023316",6,0.8,8.16926040061634,"Male",4,2.16926040061634
13,"z0023317",25,0.6,23.2874184886843,"Male",3,-1.7125815113157
13,"z0023318",11,0.8,9.60251661918331,"Female",4,-1.39748338081669
13,"z0023319",26,0.8,21.4891006097561,"Male",4,-4.51089939024386
13,"z0023321",11,0.6,11.3016479400749,"Female",3,0.301647940074933
13,"z0027453",6,0.6,10.6333719582851,"Female",3,4.63337195828506
13,"z0027455",10,0.4,8.89724386724379,"Female",2,-1.10275613275621
13,"z0033888",6,0.6,7.9844642195031,"Female",3,1.9844642195031
13,"z0033893",15,0.4,15.7335466439135,"Male",2,0.73354664391354
13,"z0033898",10,0.6,11.425593220339,"Male",3,1.42559322033904
13,"z0033906",15,1,21.1405287817938,"Male",5,6.14052878179384
13,"z0033908",6,1,24.5650067750678,"Male",5,18.5650067750678
13,"z0041286",28,0.6,23.1649045521292,"Male",3,-4.83509544787081
13,"z0045921",10,0.4,23.2123026511766,"Female",2,13.2123026511766
13,"z0045925",24,0.8,22.5889917695474,"Male",4,-1.41100823045263
13,"z0045931",7,0.8,5.80725308641972,"Male",4,-1.19274691358028
13,"z0049046",6,0.6,10.3981791155704,"Female",3,4.39817911557042
13,"z0049048",11,0.4,15.391113003975,"Male",2,4.391113003975
13,"z0049050",11,0.6,23.1151869158878,"Male",3,12.1151869158878
13,"z0049051",37,0.8,22.9395643363729,"Female",4,-14.0604356636271
13,"z0049052",34,0.8,24.421977484092,"Male",4,-9.57802251590799
13,"z0061425",26,0.8,19.4571895424836,"Male",4,-6.54281045751635
13,"z0071016",8,0.6,9.42998486568292,"Male",3,1.42998486568292
13,"z0075660",18,0.8,25.4948208149239,"Male",4,7.49482081492388
13,"z0075663",18,0.6,18.4651955090979,"Male",3,0.465195509097935
13,"z0075665",27,0.6,24.5737350328312,"Female",3,-2.42626496716885
13,"z0075676",9,0.8,9.49556929417829,"Female",4,0.495569294178292
13,"z0075677",4,1,6.28613360323889,"Female",5,2.28613360323889
13,"z0075678",7,0.8,14.3578578578578,"Female",4,7.35785785785785
13,"z0091082",7,0.6,6.35904868078773,"Female",3,-0.640951319212272
13,"z0091085",19,0.6,16.5473171628078,"Female",3,-2.45268283719221
13,"z0091275",3,0.6,8.39856353591156,"Male",3,5.39856353591156
13,"z0091276",10,0.4,27.1603224834237,"Female",2,17.1603224834237
13,"z0091277",3,0.8,7.8935819381025,"Female",4,4.8935819381025
13,"z0091284",3,0.8,6.52714508580341,"Male",4,3.52714508580341
13,"z0091285",5,1,7.08320363164723,"Male",5,2.08320363164723
13,"z0091286",14,0.8,11.6549373795761,"Male",4,-2.34506262042385
13,"z0092243",19,0.8,15.2343915343915,"Female",4,-3.76560846560847
13,"z0092256",5,1,6.0722334682861,"Male",5,1.0722334682861
13,"z0098734",23,0.8,18.1986555048199,"Male",4,-4.80134449518012
13,"z0098735",30,0.8,23.089146090535,"Male",4,-6.91085390946499
13,"z0098736",15,0.6,9.24060876020784,"Female",3,-5.75939123979216
13,"z0098737",12,1,9.25417488494416,"Female",5,-2.74582511505584
13,"z0098738",19,0.8,17.457196969697,"Male",4,-1.54280303030304
13,"z0098740",17,0.8,16.4407719836401,"Female",4,-0.559228016359917
13,"z0098744",6,0.4,8.06310050103143,"Male",2,2.06310050103143
13,"z0098745",7,0.8,10.4225068870524,"Male",4,3.42250688705238
13,"z0098746",32,0.8,23.0051606108479,"Male",4,-8.99483938915214
13,"z0102483",5,1,6.03006734006735,"Male",5,1.03006734006735
13,"z0102484",13,0.6,15.4149682717432,"Female",3,2.41496827174318
13,"z0102485",21,0.4,26.8363270005756,"Male",2,5.83632700057563
13,"z0102500",12,0.8,13.2354489164087,"Male",4,1.23544891640865
13,"z0123188",24,1,25.7826653306613,"Female",5,1.78266533066133
13,"z0132631",15,0.6,17.802707856598,"Female",3,2.80270785659801
13,"z0132632",34,0.8,27.0283559577677,"Female",4,-6.97164404223232
13,"z0132634",12,0.8,12.3604866180049,"Female",4,0.360486618004892
13,"z0132639",29,0.6,21.7191136801542,"Female",3,-7.28088631984583
13,"z0132641",21,0.6,20.980108736408,"Male",3,-0.0198912635919868
13,"z0132642",11,0.4,7.27225130890044,"Female",2,-3.72774869109956
13,"z0132658",36,0.8,21.2505295007565,"Male",4,-14.7494704992435
13,"z0132659",27,0.6,23.0293747687754,"Female",3,-3.97062523122459
13,"z0132660",23,0.8,22.7142300194932,"Male",4,-0.285769980506782
13,"z0160208",21,1,23.9707325268818,"Female",5,2.97073252688177
13,"z0175867",9,0.8,16.9918092275791,"Female",4,7.99180922757906
13,"z0175874",20,0.8,14.0322361546499,"Male",4,-5.96776384535006
13,"z0175876",12,1,16.2719281663516,"Male",5,4.27192816635161
13,"z0175877",32,0.8,23.9984920634921,"Female",4,-8.00150793650792
13,"z0178364",10,1,16.8023011176857,"Female",5,6.80230111768573
13,"z0183541",32,0.8,23.0967068878834,"Male",4,-8.90329311211661
13,"z0183543",4,1,5.62501725327812,"Male",5,1.62501725327812
13,"z0183544",11,1,9.20150273224047,"Female",5,-1.79849726775953
13,"z0186431",8,0.4,9.75432939751736,"Male",2,1.75432939751736
13,"z0186433",21,1,19.5965540092777,"Male",5,-1.40344599072234
13,"z0186434",22,0.6,19.9381379585327,"Male",3,-2.06186204146726
13,"z0186435",30,0.6,13.9613081166273,"Male",3,-16.0386918833727
13,"z0186450",4,0.6,6.90323767476081,"Male",3,2.90323767476081
13,"z0190863",11,1,11.7813953488372,"Female",5,0.781395348837208
13,"z0190867",7,0.8,6.90185721177035,"Female",4,-0.0981427882296533
13,"z0196956",13,1,18.8523483365949,"Male",5,5.8523483365949
13,"z0198374",16,0.8,21.0960113960114,"Male",4,5.09601139601143
13,"z0198377",35,0.6,23.2676136363636,"Female",3,-11.7323863636364
13,"z0198473",25,1,22.1440726577438,"Male",5,-2.85592734225619
13,"z0198474",19,1,25.954567143831,"Male",5,6.95456714383096
13,"z0198475",40,0.6,24.2086689681626,"Male",3,-15.7913310318374
13,"z0187739",23,0.6,25.7063963963963,"Female",3,2.70639639639633
13,"z0045928",22,0.4,22.3003059440559,"Female",2,0.3003059440559
14,"z0018943",10,0.6,14.8732910906298,"Female",3,4.87329109062978
14,"z0018944",10,0.6,14.8774298056155,"Male",3,4.87742980561552
14,"z0018945",22,0.6,25.2641779788838,"Female",3,3.2641779788838
14,"z0023316",6,0.8,7.93466576332422,"Male",4,1.93466576332422
14,"z0023317",25,0.6,22.4311641359363,"Male",3,-2.56883586406366
14,"z0023318",11,0.8,8.8184428223844,"Female",4,-2.1815571776156
14,"z0023319",26,0.8,22.0697380307137,"Male",4,-3.93026196928634
14,"z0023321",11,0.6,11.1578441835645,"Female",3,0.157844183564542
14,"z0027453",6,0.6,10.6168993913354,"Female",3,4.61689939133544
14,"z0033888",6,0.6,7.93482587064669,"Female",3,1.93482587064669
14,"z0033898",10,0.6,11.393947655398,"Male",3,1.39394765539802
14,"z0033906",15,1,22.1645833333333,"Male",5,7.16458333333335
14,"z0033908",6,1,24.5381991051454,"Male",5,18.5381991051454
14,"z0041286",28,0.6,23.8836980306345,"Male",3,-4.11630196936548
14,"z0045925",24,0.8,22.904359344894,"Male",4,-1.09564065510595
14,"z0045931",7,0.8,6.1051956815114,"Male",4,-0.894804318488603
14,"z0049046",6,0.6,10.6022890654559,"Female",3,4.6022890654559
14,"z0049050",11,0.6,24.0160208109077,"Male",3,13.0160208109077
14,"z0049051",37,0.8,22.6191570881226,"Female",4,-14.3808429118774
14,"z0049052",34,0.8,25.2180339462517,"Male",4,-8.78196605374828
14,"z0061425",26,0.8,19.9815689079637,"Male",4,-6.01843109203626
14,"z0071016",8,0.6,9.29523281596446,"Male",3,1.29523281596446
14,"z0075660",18,0.8,26.82662004662,"Male",4,8.82662004661999
14,"z0075663",18,0.6,18.2092110025335,"Male",3,0.209211002533479
14,"z0075665",27,0.6,24.9909040793825,"Female",3,-2.00909592061749
14,"z0075676",9,0.8,9.48896680691909,"Female",4,0.488966806919088
14,"z0075677",4,1,6.46032179720701,"Female",5,2.46032179720701
14,"z0075678",7,0.8,14.8784982174688,"Female",4,7.87849821746879
14,"z0091082",7,0.6,6.28083975064163,"Female",3,-0.719160249358374
14,"z0091085",19,0.6,16.5839196872779,"Female",3,-2.4160803127221
14,"z0091275",3,0.6,8.88134669479598,"Male",3,5.88134669479598
14,"z0091277",3,0.8,7.82306981044839,"Female",4,4.82306981044839
14,"z0091284",3,0.8,6.85193370165738,"Male",4,3.85193370165738
14,"z0091285",5,1,6.83521400778207,"Male",5,1.83521400778207
14,"z0091286",14,0.8,11.1016496846191,"Male",4,-2.89835031538086
14,"z0092243",19,0.8,15.9268867924528,"Female",4,-3.07311320754716
14,"z0092256",5,1,6.10793650793647,"Male",5,1.10793650793647
14,"z0098734",23,0.8,18.6622139303483,"Male",4,-4.33778606965174
14,"z0098735",30,0.8,23.9550745550745,"Male",4,-6.04492544492546
14,"z0098736",15,0.6,9.1278989458378,"Female",3,-5.8721010541622
14,"z0098737",12,1,9.62907407407409,"Female",5,-2.37092592592591
14,"z0098738",19,0.8,17.1457466481738,"Male",4,-1.85425335182617
14,"z0098740",17,0.8,16.1003849637681,"Female",4,-0.899615036231879
14,"z0098745",7,0.8,10.3588936576061,"Male",4,3.35889365760611
14,"z0098746",32,0.8,23.2824647887324,"Male",4,-8.7175352112676
14,"z0102483",5,1,5.71594746716693,"Male",5,0.715947467166925
14,"z0102484",13,0.6,15.7134081196581,"Female",3,2.71340811965813
14,"z0102500",12,0.8,13.476509912402,"Male",4,1.47650991240202
14,"z0123188",24,1,27.3116249197174,"Female",5,3.31162491971737
14,"z0132631",15,0.6,19.0327862873814,"Female",3,4.03278628738144
14,"z0132632",34,0.8,27.6663721158566,"Female",4,-6.33362788414342
14,"z0132634",12,0.8,12.2348901098901,"Female",4,0.234890109890127
14,"z0132639",29,0.6,21.9113846153846,"Female",3,-7.08861538461539
14,"z0132641",21,0.6,21.7715829846583,"Male",3,0.771582984658302
14,"z0132658",36,0.8,21.1498648648649,"Male",4,-14.8501351351351
14,"z0132659",27,0.6,24.0445200302343,"Female",3,-2.95547996976573
14,"z0132660",23,0.8,22.6842130987293,"Male",4,-0.315786901270744
14,"z0160208",21,1,24.7862903225807,"Female",5,3.78629032258065
14,"z0175867",9,0.8,16.9670698924731,"Female",4,7.96706989247312
14,"z0175874",20,0.8,14.0330163043478,"Male",4,-5.9669836956522
14,"z0175876",12,1,17.9861688720857,"Male",5,5.9861688720857
14,"z0175877",32,0.8,25.25462700661,"Female",4,-6.74537299339003
14,"z0178364",10,1,16.793704379562,"Female",5,6.79370437956204
14,"z0183541",32,0.8,24.5425552353506,"Male",4,-7.45744476464939
14,"z0183543",4,1,5.56273015873012,"Male",5,1.56273015873012
14,"z0183544",11,1,8.87907608695654,"Female",5,-2.12092391304346
14,"z0186433",21,1,20.344465408805,"Male",5,-0.655534591194993
14,"z0186434",22,0.6,19.2706384558277,"Male",3,-2.72936154417226
14,"z0186435",30,0.6,12.9542635658915,"Male",3,-17.0457364341085
14,"z0186450",4,0.6,6.85858140389554,"Male",3,2.85858140389554
14,"z0190863",11,1,11.4439755351682,"Female",5,0.443975535168205
14,"z0190867",7,0.8,6.96541725601125,"Female",4,-0.0345827439887483
14,"z0196956",13,1,19.2252792475015,"Male",5,6.22527924750146
14,"z0198374",16,0.8,21.0489255372314,"Male",4,5.04892553723139
14,"z0198377",35,0.6,24.0810502283105,"Female",3,-10.9189497716895
14,"z0198473",25,1,22.9677639383156,"Male",5,-2.03223606168444
14,"z0198474",19,1,25.9864882090503,"Male",5,6.98648820905035
14,"z0198475",40,0.6,25.0115635179152,"Male",3,-14.9884364820848
14,"z0187739",23,0.6,25.8289204959883,"Female",3,2.82892049598827
15,"z0023316",6,0.8,8.53466413181235,"Male",4,2.53466413181235
15,"z0023318",11,0.8,9.05084951456303,"Female",4,-1.94915048543697
15,"z0023319",26,0.8,23.2909653465346,"Male",4,-2.70903465346541
15,"z0033906",15,1,21.5948494453249,"Male",5,6.59484944532491
15,"z0033908",6,1,24.0796066252588,"Male",5,18.0796066252588
15,"z0045925",24,0.8,21.1842717258262,"Male",4,-2.81572827417378
15,"z0045931",7,0.8,6.55355090311975,"Male",4,-0.446449096880254
15,"z0049051",37,0.8,21.981908462867,"Female",4,-15.018091537133
15,"z0049052",34,0.8,22.8537322274881,"Male",4,-11.1462677725119
15,"z0061425",26,0.8,19.9243402354852,"Male",4,-6.0756597645148
15,"z0075660",18,0.8,26.9459526774594,"Male",4,8.94595267745942
15,"z0075676",9,0.8,10.6529930299303,"Female",4,1.65299302993029
15,"z0075677",4,1,6.35117252931319,"Female",5,2.35117252931319
15,"z0075678",7,0.8,16.2696988196988,"Female",4,9.26969881969882
15,"z0091277",3,0.8,7.97046140577826,"Female",4,4.97046140577826
15,"z0091284",3,0.8,6.77421227197336,"Male",4,3.77421227197336
15,"z0091285",5,1,7.65123945147675,"Male",5,2.65123945147675
15,"z0091286",14,0.8,11.2522355024347,"Male",4,-2.74776449756526
15,"z0092243",19,0.8,16.0268987341772,"Female",4,-2.97310126582278
15,"z0092256",5,1,7.4498444790046,"Male",5,2.4498444790046
15,"z0098734",23,0.8,18.3018755328218,"Male",4,-4.69812446717816
15,"z0098735",30,0.8,21.864265010352,"Male",4,-8.13573498964801
15,"z0098737",12,1,9.76540051679588,"Female",5,-2.23459948320412
15,"z0098738",19,0.8,15.1192199437073,"Male",4,-3.8807800562927
15,"z0098740",17,0.8,15.652557544757,"Female",4,-1.34744245524295
15,"z0098745",7,0.8,10.7856031946196,"Male",4,3.7856031946196
15,"z0098746",32,0.8,21.7153781157584,"Male",4,-10.2846218842416
15,"z0102483",5,1,6.75065928270034,"Male",5,1.75065928270034
15,"z0102500",12,0.8,13.7063312368973,"Male",4,1.7063312368973
15,"z0123188",24,1,26.7897271268057,"Female",5,2.7897271268057
15,"z0132632",34,0.8,26.2925661031642,"Female",4,-7.70743389683584
15,"z0132634",12,0.8,12.2076274757691,"Female",4,0.207627475769096
15,"z0132658",36,0.8,21.1402831402832,"Male",4,-14.8597168597168
15,"z0132660",23,0.8,22.1406733584274,"Male",4,-0.859326641572562
15,"z0160208",21,1,24.4548600105652,"Female",5,3.4548600105652
15,"z0175867",9,0.8,16.8188378825476,"Female",4,7.81883788254756
15,"z0175874",20,0.8,15.343973872735,"Male",4,-4.65602612726504
15,"z0175876",12,1,17.6486604842865,"Male",5,5.64866048428646
15,"z0175877",32,0.8,23.8444876783398,"Female",4,-8.15551232166025
15,"z0178364",10,1,17.0182777777778,"Female",5,7.01827777777778
15,"z0183541",32,0.8,21.7959690893902,"Male",4,-10.2040309106098
15,"z0183543",4,1,5.50570452155616,"Male",5,1.50570452155616
15,"z0183544",11,1,8.85849358974358,"Female",5,-2.14150641025642
15,"z0186433",21,1,20.9493876464324,"Male",5,-0.050612353567594
15,"z0190863",11,1,12.1098484848485,"Female",5,1.10984848484851
15,"z0190867",7,0.8,7.12107157983893,"Female",4,0.121071579838929
15,"z0196956",13,1,17.5096062992126,"Male",5,4.5096062992126
15,"z0198374",16,0.8,21.5803579128935,"Male",4,5.58035791289351
15,"z0198473",25,1,20.634430176565,"Male",5,-4.36556982343497
15,"z0198474",19,1,24.6504399585921,"Male",5,5.6504399585921
16,"z0018943",10,0.55,15.2891722099039,"Female",3,5.28917220990391
16,"z0018944",10,0.55,14.6344714506173,"Male",3,4.63447145061727
16,"z0018945",22,0.55,24.6263035921204,"Female",3,2.62630359212045
16,"z0023316",6,0.75,7.71445900048516,"Male",4,1.71445900048516
16,"z0023317",25,0.55,22.5558406113537,"Male",3,-2.44415938864631
16,"z0023318",11,0.75,9.40878450106161,"Female",4,-1.59121549893839
16,"z0023319",26,0.75,21.2800382043936,"Male",4,-4.71996179560644
16,"z0023321",11,0.55,10.908750463478,"Female",3,-0.0912495365220423
16,"z0027453",6,0.55,10.5012435040832,"Female",3,4.50124350408316
16,"z0027455",10,0.2,9.17308633733858,"Female",2,-0.826913662661418
16,"z0033888",6,0.55,7.79009009009004,"Female",3,1.79009009009004
16,"z0033893",15,0.2,15.9033402203857,"Male",2,0.90334022038568
16,"z0033898",10,0.55,11.3967052023122,"Male",3,1.39670520231219
16,"z0033906",15,1,21.9728593272171,"Male",5,6.97285932721713
16,"z0033908",6,1,24.3799694189603,"Male",5,18.3799694189603
16,"z0041286",28,0.55,23.6434300685207,"Male",3,-4.35656993147927
16,"z0045921",10,0.2,22.5311925577224,"Female",2,12.5311925577224
16,"z0045925",24,0.75,23.5654780361757,"Male",4,-0.434521963824263
16,"z0045931",7,0.75,5.80838493292049,"Male",4,-1.19161506707951
16,"z0049046",6,0.55,10.442673992674,"Female",3,4.442673992674
16,"z0049048",11,0.2,15.4190175205145,"Male",2,4.41901752051452
16,"z0049050",11,0.55,22.9786821705426,"Male",3,11.9786821705426
16,"z0049051",37,0.75,21.9549167927383,"Female",4,-15.0450832072617
16,"z0049052",34,0.75,25.037295298468,"Male",4,-8.96270470153196
16,"z0061425",26,0.75,20.7327408552293,"Male",4,-5.26725914477072
16,"z0071016",8,0.55,9.0187861271676,"Male",3,1.0187861271676
16,"z0075660",18,0.75,25.8692774261603,"Male",4,7.86927742616032
16,"z0075663",18,0.55,18.0719037118706,"Male",3,0.0719037118706254
16,"z0075665",27,0.55,24.3722473604826,"Female",3,-2.62775263951739
16,"z0075676",9,0.75,9.02730923694782,"Female",4,0.0273092369478185
16,"z0075677",4,1,6.44136546184744,"Female",5,2.44136546184744
16,"z0075678",7,0.75,14.4738571428571,"Female",4,7.47385714285713
16,"z0091082",7,0.55,6.03991228070167,"Female",3,-0.960087719298325
16,"z0091085",19,0.55,16.6246547219112,"Female",3,-2.37534527808884
16,"z0091275",3,0.55,8.86779406238253,"Male",3,5.86779406238253
16,"z0091276",10,0.2,26.7747641509433,"Female",2,16.7747641509433
16,"z0091277",3,0.75,7.79145230439442,"Female",4,4.79145230439442
16,"z0091284",3,0.75,6.58404199475063,"Male",4,3.58404199475063
16,"z0091285",5,1,7.12522727272732,"Male",5,2.12522727272732
16,"z0091286",14,0.75,11.3613958028307,"Male",4,-2.6386041971693
16,"z0092243",19,0.75,15.6147286821705,"Female",4,-3.38527131782945
16,"z0092256",5,1,6.15507246376815,"Male",5,1.15507246376815
16,"z0098734",23,0.75,18.2992961287079,"Male",4,-4.70070387129212
16,"z0098735",30,0.75,24.0012965964344,"Male",4,-5.99870340356561
16,"z0098736",15,0.55,9.3153979238754,"Female",3,-5.6846020761246
16,"z0098737",12,1,8.97187500000004,"Female",5,-3.02812499999996
16,"z0098738",19,0.75,17.1031484257871,"Male",4,-1.8968515742129
16,"z0098740",17,0.75,16.3405004859086,"Female",4,-0.659499514091351
16,"z0098744",6,0.2,8.1093333333332,"Male",2,2.1093333333332
16,"z0098745",7,0.75,10.5848664688428,"Male",4,3.58486646884279
16,"z0098746",32,0.75,22.8099415204679,"Male",4,-9.19005847953211
16,"z0102483",5,1,5.79380630630633,"Male",5,0.793806306306333
16,"z0102484",13,0.55,15.4496895615056,"Female",3,2.44968956150563
16,"z0102485",21,0.2,27.743120473996,"Male",2,6.74312047399601
16,"z0102500",12,0.75,13.187085921325,"Male",4,1.18708592132504
16,"z0123188",24,1,24.7060876020787,"Female",5,0.706087602078728
16,"z0132631",15,0.55,18.1022864701436,"Female",3,3.1022864701436
16,"z0132632",34,0.75,28.1244751664106,"Female",4,-5.87552483358938
16,"z0132634",12,0.75,12.5954147346729,"Female",4,0.595414734672859
16,"z0132639",29,0.55,21.8666102968809,"Female",3,-7.13338970311911
16,"z0132641",21,0.55,20.9131880733945,"Male",3,-0.0868119266054563
16,"z0132642",11,0.2,7.15222298221607,"Female",2,-3.84777701778393
16,"z0132658",36,0.75,19.9476043276662,"Male",4,-16.0523956723338
16,"z0132659",27,0.55,22.7712481146305,"Female",3,-4.22875188536955
16,"z0132660",23,0.75,22.7326573062923,"Male",4,-0.2673426937077
16,"z0160208",21,1,23.6292366946779,"Female",5,2.62923669467791
16,"z0175867",9,0.75,16.3135514018692,"Female",4,7.31355140186916
16,"z0175874",20,0.75,13.8762299196787,"Male",4,-6.1237700803213
16,"z0175876",12,1,16.6686080586081,"Male",5,4.66860805860805
16,"z0175877",32,0.75,22.7708147044213,"Female",4,-9.2291852955787
16,"z0178364",10,1,16.6961690363349,"Female",5,6.69616903633491
16,"z0183541",32,0.75,24.5308384773663,"Male",4,-7.46916152263373
16,"z0183543",4,1,5.48403860430587,"Male",5,1.48403860430587
16,"z0183544",11,1,8.77082397003749,"Female",5,-2.22917602996251
16,"z0186431",8,0.2,9.31793292265562,"Male",2,1.31793292265562
16,"z0186433",21,1,20.7721439749609,"Male",5,-0.227856025039131
16,"z0186434",22,0.55,19.5549806201551,"Male",3,-2.44501937984494
16,"z0186435",30,0.55,13.381595316502,"Male",3,-16.618404683498
16,"z0186450",4,0.55,6.42552434456921,"Male",3,2.42552434456921
16,"z0190863",11,1,11.9752688172043,"Female",5,0.975268817204292
16,"z0190867",7,0.75,6.73761103319302,"Female",4,-0.262388966806979
16,"z0196956",13,1,19.7452972159518,"Male",5,6.74529721595183
16,"z0198374",16,0.75,21.0481508165226,"Male",4,5.0481508165226
16,"z0198377",35,0.55,23.960414269275,"Female",3,-11.039585730725
16,"z0198473",25,1,22.0667016806723,"Male",5,-2.9332983193277
16,"z0198474",19,1,25.7840691685063,"Male",5,6.7840691685063
16,"z0198475",40,0.55,25.0327419354838,"Male",3,-14.9672580645162
16,"z0187739",23,0.55,25.3575159714392,"Female",3,2.35751597143923
16,"z0045928",22,0.2,21.7739284085727,"Female",2,-0.226071591427321
17,"z0018943",10,0.55,15.1878237470568,"Female",3,5.18782374705683
17,"z0018944",10,0.55,14.9363270308123,"Male",3,4.9363270308123
17,"z0018945",22,0.55,24.2391843971631,"Female",3,2.23918439716305
17,"z0023316",6,0.75,8.03289412852517,"Male",4,2.03289412852517
17,"z0023317",25,0.55,21.531571529246,"Male",3,-3.46842847075403
17,"z0023318",11,0.75,8.98467966573813,"Female",4,-2.01532033426187
17,"z0023319",26,0.75,21.6461057023644,"Male",4,-4.35389429763559
17,"z0023321",11,0.55,10.963206577595,"Female",3,-0.0367934224049673
17,"z0027453",6,0.55,10.9303731611051,"Female",3,4.9303731611051
17,"z0033888",6,0.55,7.76677126917704,"Female",3,1.76677126917704
17,"z0033898",10,0.55,11.5587104885057,"Male",3,1.55871048850574
17,"z0033906",15,1,22.0895238095238,"Male",5,7.08952380952381
17,"z0033908",6,1,24.6338114754099,"Male",5,18.6338114754099
17,"z0041286",28,0.55,23.9366558324304,"Male",3,-4.06334416756956
17,"z0045925",24,0.75,24.2116091954023,"Male",4,0.211609195402275
17,"z0045931",7,0.75,5.97603195739004,"Male",4,-1.02396804260996
17,"z0049046",6,0.55,10.3186609686609,"Female",3,4.31866096866091
17,"z0049050",11,0.55,23.4504802561366,"Male",3,12.4504802561366
17,"z0049051",37,0.75,21.8583570075758,"Female",4,-15.1416429924242
17,"z0049052",34,0.75,25.1763810861423,"Male",4,-8.8236189138577
17,"z0061425",26,0.75,21.2252898550725,"Male",4,-4.77471014492753
17,"z0071016",8,0.55,9.28351120597645,"Male",3,1.28351120597645
17,"z0075660",18,0.75,26.2334555229716,"Male",4,8.23345552297159
17,"z0075663",18,0.55,17.985342019544,"Male",3,-0.0146579804560218
17,"z0075665",27,0.55,24.0812943262411,"Female",3,-2.91870567375892
17,"z0075676",9,0.75,9.48004231311705,"Female",4,0.48004231311705
17,"z0075677",4,1,6.37301740812378,"Female",5,2.37301740812378
17,"z0075678",7,0.75,14.7534373586612,"Female",4,7.75343735866122
17,"z0091082",7,0.55,6.24081291759456,"Female",3,-0.759187082405445
17,"z0091085",19,0.55,17.1810492505353,"Female",3,-1.81895074946467
17,"z0091275",3,0.55,9.05297680858421,"Male",3,6.05297680858421
17,"z0091277",3,0.75,7.92404860155887,"Female",4,4.92404860155887
17,"z0091284",3,0.75,6.77703900709211,"Male",4,3.77703900709211
17,"z0091285",5,1,6.83646245059288,"Male",5,1.83646245059288
17,"z0091286",14,0.75,10.9961819844536,"Male",4,-3.00381801554639
17,"z0092243",19,0.75,15.4622032288699,"Female",4,-3.5377967711301
17,"z0092256",5,1,6.04999999999997,"Male",5,1.04999999999997
17,"z0098734",23,0.75,18.2901547116737,"Male",4,-4.70984528832629
17,"z0098735",30,0.75,24.8176823638042,"Male",4,-5.18231763619577
17,"z0098736",15,0.55,9.35927568366587,"Female",3,-5.64072431633413
17,"z0098737",12,1,9.29304207119744,"Female",5,-2.70695792880256
17,"z0098738",19,0.75,16.8717599234816,"Male",4,-2.12824007651841
17,"z0098740",17,0.75,16.1638239339752,"Female",4,-0.836176066024759
17,"z0098745",7,0.75,10.4703521126761,"Male",4,3.47035211267607
17,"z0098746",32,0.75,22.9358130662852,"Male",4,-9.06418693371482
17,"z0102483",5,1,5.96039755351678,"Male",5,0.960397553516776
17,"z0102484",13,0.55,15.3091467823572,"Female",3,2.30914678235718
17,"z0102500",12,0.75,13.3978126485972,"Male",4,1.39781264859723
17,"z0123188",24,1,26.3352537722908,"Female",5,2.33525377229081
17,"z0132631",15,0.55,18.5824093816631,"Female",3,3.58240938166309
17,"z0132632",34,0.75,28.42616713352,"Female",4,-5.57383286648
17,"z0132634",12,0.75,12.6380046948357,"Female",4,0.638004694835693
17,"z0132639",29,0.55,21.795055735347,"Female",3,-7.204944264653
17,"z0132641",21,0.55,21.2510786360474,"Male",3,0.251078636047353
17,"z0132658",36,0.75,20.4019463087248,"Male",4,-15.5980536912752
17,"z0132659",27,0.55,23.8197557471264,"Female",3,-3.18024425287361
17,"z0132660",23,0.75,22.7241184767278,"Male",4,-0.27588152327219
17,"z0160208",21,1,25.4099191542289,"Female",5,4.40991915422887
17,"z0175867",9,0.75,16.7043812104788,"Female",4,7.70438121047877
17,"z0175874",20,0.75,13.8762837837838,"Male",4,-6.12371621621624
17,"z0175876",12,1,18.5027290448343,"Male",5,6.50272904483431
17,"z0175877",32,0.75,23.6305939226519,"Female",4,-8.36940607734807
17,"z0178364",10,1,16.3524547803618,"Female",5,6.35245478036175
17,"z0183541",32,0.75,24.8639880952381,"Male",4,-7.13601190476194
17,"z0183543",4,1,5.43503144654083,"Male",5,1.43503144654083
17,"z0183544",11,1,8.75381443298972,"Female",5,-2.24618556701028
17,"z0186433",21,1,20.54163208852,"Male",5,-0.458367911479968
17,"z0186434",22,0.55,19.5327368779823,"Male",3,-2.46726312201773
17,"z0186435",30,0.55,13.3255731922399,"Male",3,-16.6744268077601
17,"z0186450",4,0.55,6.65978372811524,"Male",3,2.65978372811524
17,"z0190863",11,1,11.8445360824742,"Female",5,0.844536082474219
17,"z0190867",7,0.75,6.95819444444437,"Female",4,-0.04180555555563
17,"z0196956",13,1,19.5729873586161,"Male",5,6.57298735861609
17,"z0198374",16,0.75,20.8595567867036,"Male",4,4.8595567867036
17,"z0198377",35,0.55,24.2789587852494,"Female",3,-10.7210412147506
17,"z0198473",25,1,23.3499309868875,"Male",5,-1.65006901311248
17,"z0198474",19,1,26.3332655826558,"Male",5,7.33326558265584
17,"z0198475",40,0.55,25.0169251982074,"Male",3,-14.9830748017926
17,"z0187739",23,0.55,25.9429031165311,"Female",3,2.9429031165311
18,"z0023316",6,0.75,8.65655381944435,"Male",4,2.65655381944435
18,"z0023318",11,0.75,9.36480304955522,"Female",4,-1.63519695044478
18,"z0023319",26,0.75,22.2472153972154,"Male",4,-3.75278460278461
18,"z0033906",15,1,20.9229362591432,"Male",5,5.92293625914318
18,"z0033908",6,1,23.8775970319635,"Male",5,17.8775970319635
18,"z0045925",24,0.75,21.5889975550123,"Male",4,-2.41100244498775
18,"z0045931",7,0.75,6.76261378413512,"Male",4,-0.237386215864884
18,"z0049051",37,0.75,21.6597038815526,"Female",4,-15.3402961184474
18,"z0049052",34,0.75,23.5311781609195,"Male",4,-10.4688218390805
18,"z0061425",26,0.75,20.546977124183,"Male",4,-5.45302287581698
18,"z0075660",18,0.75,27.5303601340033,"Male",4,9.53036013400325
18,"z0075676",9,0.75,10.6556400506971,"Female",4,1.65564005069708
18,"z0075677",4,1,6.28889835320833,"Female",5,2.28889835320833
18,"z0075678",7,0.75,16.1520731707317,"Female",4,9.1520731707317
18,"z0091277",3,0.75,7.88647607461465,"Female",4,4.88647607461465
18,"z0091284",3,0.75,6.58935790725313,"Male",4,3.58935790725313
18,"z0091285",5,1,7.22084775086501,"Male",5,2.22084775086501
18,"z0091286",14,0.75,11.2845764854615,"Male",4,-2.71542351453853
18,"z0092243",19,0.75,15.3031407035176,"Female",4,-3.69685929648239
18,"z0092256",5,1,7.9491013071895,"Male",5,2.9491013071895
18,"z0098734",23,0.75,18.3388396624473,"Male",4,-4.66116033755272
18,"z0098735",30,0.75,22.3273781446541,"Male",4,-7.67262185534593
18,"z0098737",12,1,9.93981319322828,"Female",5,-2.06018680677172
18,"z0098738",19,0.75,14.6325710754018,"Male",4,-4.36742892459825
18,"z0098740",17,0.75,15.9365910046238,"Female",4,-1.06340899537621
18,"z0098745",7,0.75,10.8253812636166,"Male",4,3.82538126361658
18,"z0098746",32,0.75,21.1839073634205,"Male",4,-10.8160926365795
18,"z0102483",5,1,6.58838383838377,"Male",5,1.58838383838377
18,"z0102500",12,0.75,14.1261934156379,"Male",4,2.12619341563789
18,"z0123188",24,1,26.0019591611479,"Female",5,2.00195916114786
18,"z0132632",34,0.75,27.4088054187191,"Female",4,-6.59119458128088
18,"z0132634",12,0.75,12.5248466257669,"Female",4,0.524846625766894
18,"z0132658",36,0.75,20.7196502057613,"Male",4,-15.2803497942387
18,"z0132660",23,0.75,22.883492063492,"Male",4,-0.116507936507972
18,"z0160208",21,1,24.7050796265788,"Female",5,3.70507962657878
18,"z0175867",9,0.75,16.4223591549296,"Female",4,7.42235915492958
18,"z0175874",20,0.75,14.8625356125356,"Male",4,-5.13746438746437
18,"z0175876",12,1,17.5839977851606,"Male",5,5.58399778516058
18,"z0175877",32,0.75,22.4052533992583,"Female",4,-9.59474660074166
18,"z0178364",10,1,16.0227248249865,"Female",5,6.02272482498654
18,"z0183541",32,0.75,22.5261049153242,"Male",4,-9.47389508467575
18,"z0183543",4,1,5.6004181600955,"Male",5,1.6004181600955
18,"z0183544",11,1,8.95064205457462,"Female",5,-2.04935794542538
18,"z0186433",21,1,21.1678160919541,"Male",5,0.167816091954052
18,"z0190863",11,1,12.0642495784149,"Female",5,1.06424957841487
18,"z0190867",7,0.75,7.18065040650395,"Female",4,0.180650406503947
18,"z0196956",13,1,17.85952,"Male",5,4.85952000000001
18,"z0198374",16,0.75,21.2110763454318,"Male",4,5.21107634543182
18,"z0198473",25,1,20.5606973995272,"Male",5,-4.43930260047279
18,"z0198474",19,1,24.9806122448979,"Male",5,5.98061224489793
19,"z0018943",10,1,16.6877157129882,"Female",3,6.68771571298819
19,"z0018944",10,1,10.9692186088528,"Male",3,0.969218608852808
19,"z0018945",22,1,24.7971279373368,"Female",3,2.79712793733678
19,"z0023316",6,1,7.46832651205091,"Male",4,1.46832651205091
19,"z0023317",25,1,19.8624713434205,"Male",3,-5.13752865657953
19,"z0023318",11,1,13.2154777631,"Female",4,2.21547776309996
19,"z0023319",26,1,21.2461878196188,"Male",4,-4.75381218038117
19,"z0023321",11,1,12.0330839002268,"Female",3,1.03308390022678
19,"z0027453",6,1,10.1173768308922,"Female",3,4.11737683089218
19,"z0027455",10,1,9.27867889045605,"Female",2,-0.721321109543954
19,"z0033888",6,1,11.6377387152778,"Female",3,5.63773871527782
19,"z0033893",15,1,17.9122430741734,"Male",2,2.91224307417335
19,"z0033898",10,1,10.4089309878214,"Male",3,0.408930987821424
19,"z0033906",15,1,21.2810050714616,"Male",5,6.28100507146155
19,"z0033908",6,1,21.4779472954231,"Male",5,15.4779472954231
19,"z0041286",28,1,22.7366898148148,"Male",3,-5.26331018518515
19,"z0045921",10,1,21.5286837376461,"Female",2,11.5286837376461
19,"z0045925",24,1,19.0706773618538,"Male",4,-4.92932263814617
19,"z0045931",7,1,7.15424158598429,"Male",4,0.154241585984293
19,"z0049046",6,1,12.3078203374373,"Female",3,6.30782033743734
19,"z0049048",11,1,18.6716099773243,"Male",2,7.67160997732426
19,"z0049050",11,1,25.3621393697292,"Male",3,14.3621393697292
19,"z0049051",37,1,21.0346043165468,"Female",4,-15.9653956834532
19,"z0049052",34,1,24.7925390266299,"Male",4,-9.20746097337009
19,"z0061425",26,1,19.0887228260869,"Male",4,-6.91127717391306
19,"z0071016",8,1,10.9532557136697,"Male",3,2.95325571366973
19,"z0075660",18,1,22.7777777777778,"Male",4,4.77777777777781
19,"z0075663",18,1,20.6901242787395,"Male",3,2.6901242787395
19,"z0075665",27,1,22.4525104602511,"Female",3,-4.54748953974892
19,"z0075676",9,1,7.62954442940907,"Female",4,-1.37045557059093
19,"z0075677",4,1,8.72777777777777,"Female",5,4.72777777777777
19,"z0075678",7,1,14.7261904761905,"Female",4,7.72619047619046
19,"z0091082",7,1,8.80854758682904,"Female",3,1.80854758682904
19,"z0091085",19,1,12.7382876712329,"Female",3,-6.2617123287671
19,"z0091275",3,1,8.47320305480682,"Male",3,5.47320305480682
19,"z0091276",10,1,27.4990842490842,"Female",2,17.4990842490842
19,"z0091277",3,1,10.3303683737646,"Female",4,7.33036837376464
19,"z0091284",3,1,9.71111111111113,"Male",4,6.71111111111113
19,"z0091285",5,1,8.12519736842104,"Male",5,3.12519736842104
19,"z0091286",14,1,11.6578019323672,"Male",4,-2.34219806763282
19,"z0092243",19,1,18.5721846846847,"Female",4,-0.427815315315321
19,"z0092256",5,1,8.74364095500458,"Male",5,3.74364095500458
19,"z0098734",23,1,21.5924863387979,"Male",4,-1.40751366120213
19,"z0098735",30,1,23.1819481680072,"Male",4,-6.81805183199285
19,"z0098736",15,1,11.5332438478748,"Female",3,-3.46675615212522
19,"z0098737",12,1,10.8063492063493,"Female",5,-1.19365079365075
19,"z0098738",19,1,18.7932269995377,"Male",4,-0.206773000462334
19,"z0098740",17,1,13.3043183940243,"Female",4,-3.69568160597573
19,"z0098744",6,1,11.0830687830688,"Male",2,5.08306878306884
19,"z0098745",7,1,11.7949421965318,"Male",4,4.79494219653183
19,"z0098746",32,1,21.1193783068783,"Male",4,-10.8806216931217
19,"z0102483",5,1,8.33059914407988,"Male",5,3.33059914407988
19,"z0102484",13,1,18.8172890733057,"Female",3,5.81728907330566
19,"z0102485",21,1,25.135413870246,"Male",2,4.13541387024604
19,"z0102500",12,1,16.4089958158996,"Male",4,4.40899581589958
19,"z0123188",24,1,23.2975825197583,"Female",5,-0.702417480241746
19,"z0132631",15,1,18.2973394898857,"Female",3,3.29733948988565
19,"z0132632",34,1,24.1429393536963,"Female",4,-9.85706064630369
19,"z0132634",12,1,11.8904730327144,"Female",4,-0.109526967285554
19,"z0132639",29,1,20.4669832654908,"Female",3,-8.53301673450925
19,"z0132641",21,1,20.2748122065728,"Male",3,-0.7251877934272
19,"z0132642",11,1,8.61850090579709,"Female",2,-2.38149909420291
19,"z0132658",36,1,20.1384598012647,"Male",4,-15.8615401987353
19,"z0132659",27,1,21.8607930449534,"Female",3,-5.13920695504661
19,"z0132660",23,1,22.6273696145125,"Male",4,-0.372630385487504
19,"z0160208",21,1,22.361668839635,"Female",5,1.36166883963497
19,"z0175867",9,1,20.3621803812181,"Female",4,11.3621803812181
19,"z0175874",20,1,19.0650582750583,"Male",4,-0.934941724941741
19,"z0175876",12,1,17.3761424731183,"Male",5,5.37614247311827
19,"z0175877",32,1,22.5401494565218,"Female",4,-9.45985054347824
19,"z0178364",10,1,11.4787000439175,"Female",5,1.47870004391748
19,"z0183541",32,1,23.9224896836313,"Male",4,-8.07751031636865
19,"z0183543",4,1,7.15042278593677,"Male",5,3.15042278593677
19,"z0183544",11,1,10.3544429409112,"Female",5,-0.645557059088819
19,"z0186431",8,1,6.47387140902868,"Male",2,-1.52612859097132
19,"z0186433",21,1,21.7820291777189,"Male",5,0.782029177718879
19,"z0186434",22,1,17.6789693593315,"Male",3,-4.32103064066853
19,"z0186435",30,1,12.8825970548862,"Male",3,-17.1174029451138
19,"z0186450",4,1,8.79105578607653,"Male",3,4.79105578607653
19,"z0190863",11,1,12.454708716601,"Female",5,1.45470871660099
19,"z0190867",7,1,8.93403819918144,"Female",4,1.93403819918144
19,"z0196956",13,1,18.2730324074074,"Male",5,5.2730324074074
19,"z0198374",16,1,18.4763731060606,"Male",4,2.4763731060606
19,"z0198377",35,1,18.2734576427256,"Female",3,-16.7265423572744
19,"z0198473",25,1,21.2569298245615,"Male",5,-3.74307017543854
19,"z0198474",19,1,23.7424300254453,"Male",5,4.74243002544527
19,"z0198475",40,1,22.2500445037829,"Male",3,-17.7499554962171
19,"z0187739",23,1,24.415399484536,"Female",3,1.41539948453605
19,"z0045928",22,1,23.0479714153988,"Female",2,1.04797141539881
20,"z0018943",10,1,17.4320703653586,"Female",3,7.4320703653586
20,"z0018944",10,1,10.9379001883239,"Male",3,0.937900188323944
20,"z0018945",22,1,25.4217598908594,"Female",3,3.42175989085942
20,"z0023316",6,1,8.08921568627444,"Male",4,2.08921568627444
20,"z0023317",25,1,19.8336752136752,"Male",3,-5.1663247863248
20,"z0023318",11,1,12.7403346543373,"Female",4,1.74033465433731
20,"z0023319",26,1,22.9265952699688,"Male",4,-3.07340473003124
20,"z0023321",11,1,11.3401668921967,"Female",3,0.340166892196695
20,"z0027453",6,1,10.6787878787879,"Female",3,4.67878787878788
20,"z0033888",6,1,10.7452817824378,"Female",3,4.74528178243776
20,"z0033898",10,1,11.6420268256334,"Male",3,1.6420268256334
20,"z0033906",15,1,21.9276249426869,"Male",5,6.92762494268686
20,"z0033908",6,1,21.7494997726239,"Male",5,15.7494997726239
20,"z0041286",28,1,23.1282444444444,"Male",3,-4.87175555555555
20,"z0045925",24,1,20.3531073446328,"Male",4,-3.64689265536724
20,"z0045931",7,1,7.13524590163928,"Male",4,0.135245901639278
20,"z0049046",6,1,12.2845254470426,"Female",3,6.28452544704264
20,"z0049050",11,1,25.9019133241124,"Male",3,14.9019133241124
20,"z0049051",37,1,21.8423741007195,"Female",4,-15.1576258992805
20,"z0049052",34,1,24.6458927799394,"Male",4,-9.35410722006057
20,"z0061425",26,1,20.1440064545874,"Male",4,-5.85599354541264
20,"z0071016",8,1,11.4778378378379,"Male",3,3.47783783783786
20,"z0075660",18,1,24.62417938049,"Male",4,6.62417938049004
20,"z0075663",18,1,20.6387290167866,"Male",3,2.63872901678658
20,"z0075665",27,1,23.7464633068081,"Female",3,-3.25353669319188
20,"z0075676",9,1,7.58738799283148,"Female",4,-1.41261200716852
20,"z0075677",4,1,8.7787721893491,"Female",5,4.7787721893491
20,"z0075678",7,1,14.512100139082,"Female",4,7.51210013908202
20,"z0091082",7,1,8.6318020417221,"Female",3,1.6318020417221
20,"z0091085",19,1,13.4462441314554,"Female",3,-5.55375586854461
20,"z0091275",3,1,8.7914008321775,"Male",3,5.7914008321775
20,"z0091277",3,1,10.1939496176338,"Female",4,7.19394961763382
20,"z0091284",3,1,9.5453744493392,"Male",4,6.5453744493392
20,"z0091285",5,1,8.19456981664311,"Male",5,3.19456981664311
20,"z0091286",14,1,12.2041478129714,"Male",4,-1.79585218702865
20,"z0092243",19,1,19.6448,"Female",4,0.644799999999975
20,"z0092256",5,1,7.69831741700768,"Male",5,2.69831741700768
20,"z0098734",23,1,20.1832863187588,"Male",4,-2.81671368124119
20,"z0098735",30,1,23.2349537037037,"Male",4,-6.76504629629628
20,"z0098736",15,1,11.6562121212122,"Female",3,-3.34378787878785
20,"z0098737",12,1,10.8612643678161,"Female",5,-1.13873563218389
20,"z0098738",19,1,18.3712328767123,"Male",4,-0.628767123287673
20,"z0098740",17,1,13.6903698366955,"Female",4,-3.30963016330454
20,"z0098745",7,1,11.8191230486685,"Male",4,4.81912304866852
20,"z0098746",32,1,22.1459064327486,"Male",4,-9.85409356725143
20,"z0102483",5,1,8.16487680148765,"Male",5,3.16487680148765
20,"z0102484",13,1,19.5576702033598,"Female",3,6.55767020335983
20,"z0102500",12,1,16.3376860622463,"Male",4,4.33768606224628
20,"z0123188",24,1,25.2415081521739,"Female",5,1.24150815217388
20,"z0132631",15,1,18.9781111111111,"Female",3,3.9781111111111
20,"z0132632",34,1,25.039703196347,"Female",4,-8.960296803653
20,"z0132634",12,1,11.352371541502,"Female",4,-0.647628458497998
20,"z0132639",29,1,20.2183578104139,"Female",3,-8.78164218958613
20,"z0132641",21,1,21.1048054383497,"Male",3,0.104805438349747
20,"z0132658",36,1,21.4116891891892,"Male",4,-14.5883108108108
20,"z0132659",27,1,22.8199127906977,"Female",3,-4.18008720930231
20,"z0132660",23,1,23.3882939267501,"Male",4,0.388293926750112
20,"z0160208",21,1,23.7886904761905,"Female",5,2.78869047619047
20,"z0175867",9,1,20.8912183908046,"Female",4,11.8912183908046
20,"z0175874",20,1,18.7285307017544,"Male",4,-1.27146929824563
20,"z0175876",12,1,19.6821727019498,"Male",5,7.68217270194984
20,"z0175877",32,1,23.3997762863535,"Female",4,-8.60022371364654
20,"z0178364",10,1,11.5063772048847,"Female",5,1.50637720488469
20,"z0183541",32,1,24.5376657824933,"Male",4,-7.46233421750666
20,"z0183543",4,1,7.08254082612867,"Male",5,3.08254082612867
20,"z0183544",11,1,10.4372534516766,"Female",5,-0.562746548323446
20,"z0186433",21,1,21.8528775322284,"Male",5,0.852877532228383
20,"z0186434",22,1,18.031677852349,"Male",3,-3.968322147651
20,"z0186435",30,1,13.7359649122807,"Male",3,-16.2640350877193
20,"z0186450",4,1,8.64042457091235,"Male",3,4.64042457091235
20,"z0190863",11,1,13.0778157774738,"Female",5,2.0778157774738
20,"z0190867",7,1,9.14760928961745,"Female",4,2.14760928961745
20,"z0196956",13,1,17.9147006255585,"Male",5,4.91470062555854
20,"z0198374",16,1,19.5019428838951,"Male",4,3.50194288389511
20,"z0198377",35,1,19.6015088207985,"Female",3,-15.3984911792015
20,"z0198473",25,1,21.7044011544012,"Male",5,-3.29559884559882
20,"z0198474",19,1,24.182350251486,"Male",5,5.18235025148603
20,"z0198475",40,1,23.419076853115,"Male",3,-16.580923146885
20,"z0187739",23,1,25.4987356321839,"Female",3,2.49873563218387
21,"z0023316",6,1,9.32530602636532,"Male",4,3.32530602636532
21,"z0023318",11,1,12.3101916783544,"Female",4,1.3101916783544
21,"z0023319",26,1,22.4864973262032,"Male",4,-3.5135026737968
21,"z0033906",15,1,19.4910340314136,"Male",5,4.49103403141363
21,"z0033908",6,1,20.4786277236903,"Male",5,14.4786277236903
21,"z0045925",24,1,19.3874509803922,"Male",4,-4.61254901960782
21,"z0045931",7,1,9.08266932270911,"Male",4,2.08266932270911
21,"z0049051",37,1,21.4273418925345,"Female",4,-15.5726581074655
21,"z0049052",34,1,22.1614401076716,"Male",4,-11.8385598923284
21,"z0061425",26,1,19.1263024435224,"Male",4,-6.87369755647762
21,"z0075660",18,1,24.7444742729306,"Male",4,6.74447427293059
21,"z0075676",9,1,9.06599552572701,"Female",4,0.0659955257270113
21,"z0075677",4,1,9.82599734042551,"Female",5,5.82599734042551
21,"z0075678",7,1,14.7319182389937,"Female",4,7.73191823899373
21,"z0091277",3,1,9.86277624309391,"Female",4,6.86277624309391
21,"z0091284",3,1,8.62114260008991,"Male",4,5.62114260008991
21,"z0091285",5,1,8.07786848072556,"Male",5,3.07786848072556
21,"z0091286",14,1,12.1825078090139,"Male",4,-1.81749219098615
21,"z0092243",19,1,18.2142988505747,"Female",4,-0.785701149425268
21,"z0092256",5,1,9.61526520051742,"Male",5,4.61526520051742
21,"z0098734",23,1,19.5484952120383,"Male",4,-3.45150478796167
21,"z0098735",30,1,22.1549719887955,"Male",4,-7.84502801120446
21,"z0098737",12,1,11.3242503259453,"Female",5,-0.675749674054735
21,"z0098738",19,1,16.2488621151272,"Male",4,-2.75113788487283
21,"z0098740",17,1,13.1511638120334,"Female",4,-3.8488361879666
21,"z0098745",7,1,12.2761261261262,"Male",4,5.27612612612615
21,"z0098746",32,1,20.8669157608696,"Male",4,-11.1330842391304
21,"z0102483",5,1,9.3069900142653,"Male",5,4.3069900142653
21,"z0102500",12,1,15.2540540540541,"Male",4,3.25405405405407
21,"z0123188",24,1,24.8141258741258,"Female",5,0.814125874125818
21,"z0132632",34,1,24.553814382896,"Female",4,-9.44618561710401
21,"z0132634",12,1,11.2825602546612,"Female",4,-0.717439745338766
21,"z0132658",36,1,22.2236492673993,"Male",4,-13.7763507326007
21,"z0132660",23,1,22.0124357176251,"Male",4,-0.987564282374915
21,"z0160208",21,1,24.6360534808667,"Female",5,3.63605348086671
21,"z0175867",9,1,19.3919675925926,"Female",4,10.3919675925926
21,"z0175874",20,1,20.2388589398024,"Male",4,0.238858939802359
21,"z0175876",12,1,19.8932799611839,"Male",5,7.89327996118391
21,"z0175877",32,1,21.7597865576749,"Female",4,-10.2402134423251
21,"z0178364",10,1,14.2926924850162,"Female",5,4.29269248501616
21,"z0183541",32,1,22.1202263083451,"Male",4,-9.87977369165486
21,"z0183543",4,1,7.2567498844197,"Male",5,3.2567498844197
21,"z0183544",11,1,9.75146239554316,"Female",5,-1.24853760445684
21,"z0186433",21,1,21.2222546161322,"Male",5,0.22225461613219
21,"z0190863",11,1,11.6391983695652,"Female",5,0.639198369565246
21,"z0190867",7,1,9.69707084468663,"Female",4,2.69707084468663
21,"z0196956",13,1,16.5830608537693,"Male",5,3.5830608537693
21,"z0198374",16,1,18.956484082397,"Male",4,2.95648408239703
21,"z0198473",25,1,19.1658977838082,"Male",5,-5.83410221619175
21,"z0198474",19,1,22.3984332425068,"Male",5,3.39843324250682
22,"z0018943",10,0.6,16.5405367231638,"Female",3,6.54053672316384
22,"z0018944",10,0.6,11.4353804557745,"Male",3,1.43538045577448
22,"z0018945",22,0.6,24.4047675334909,"Female",3,2.4047675334909
22,"z0023316",6,0.8,7.69667152575314,"Male",4,1.69667152575314
22,"z0023317",25,0.6,18.9725040257649,"Male",3,-6.02749597423511
22,"z0023318",11,0.8,12.8691285081241,"Female",4,1.86912850812408
22,"z0023319",26,0.8,21.0108515057113,"Male",4,-4.98914849428865
22,"z0023321",11,0.6,11.3539855072464,"Female",3,0.353985507246424
22,"z0027453",6,0.6,10.3655332590115,"Female",3,4.36553325901152
22,"z0027455",10,0.4,9.87457118353339,"Female",2,-0.125428816466613
22,"z0033888",6,0.6,10.7533520599251,"Female",3,4.75335205992512
22,"z0033893",15,0.4,17.9632681959785,"Male",2,2.96326819597846
22,"z0033898",10,0.6,10.5589116420175,"Male",3,0.558911642017451
22,"z0033906",15,1,20.3847591888466,"Male",5,5.38475918884663
22,"z0033908",6,1,20.5348484848485,"Male",5,14.5348484848485
22,"z0041286",28,0.6,22.8236208236208,"Male",3,-5.17637917637917
22,"z0045921",10,0.4,21.9949127477078,"Female",2,11.9949127477078
22,"z0045925",24,0.8,19.0402635431918,"Male",4,-4.95973645680822
22,"z0045931",7,0.8,7.41864102564101,"Male",4,0.41864102564101
22,"z0049046",6,0.6,12.4371809100999,"Female",3,6.43718091009994
22,"z0049048",11,0.4,17.9743545111691,"Male",2,6.97435451116912
22,"z0049050",11,0.6,25.1494450822808,"Male",3,14.1494450822808
22,"z0049051",37,0.8,21.0029895366219,"Female",4,-15.9970104633781
22,"z0049052",34,0.8,25.0508487654321,"Male",4,-8.94915123456791
22,"z0061425",26,0.8,19.17,"Male",4,-6.83000000000001
22,"z0071016",8,0.6,10.9662914691944,"Male",3,2.96629146919435
22,"z0075660",18,0.8,23.286938271605,"Male",4,5.28693827160495
22,"z0075663",18,0.6,20.1609933035715,"Male",3,2.16099330357146
22,"z0075665",27,0.6,23.0342774566474,"Female",3,-3.9657225433526
22,"z0075676",9,0.8,7.64694444444444,"Female",4,-1.35305555555556
22,"z0075677",4,1,9.16340877914957,"Female",5,5.16340877914957
22,"z0075678",7,0.8,14.4803851640513,"Female",4,7.48038516405135
22,"z0091082",7,0.6,8.53997289972895,"Female",3,1.53997289972895
22,"z0091085",19,0.6,13.2523415977962,"Female",3,-5.74765840220384
22,"z0091275",3,0.6,8.14983164983158,"Male",3,5.14983164983158
22,"z0091276",10,0.4,28.0782073559223,"Female",2,18.0782073559223
22,"z0091277",3,0.8,9.89070649596967,"Female",4,6.89070649596967
22,"z0091284",3,0.8,9.4604910714286,"Male",4,6.4604910714286
22,"z0091285",5,1,7.8784158415842,"Male",5,2.8784158415842
22,"z0091286",14,0.8,10.8417781493869,"Male",4,-3.15822185061312
22,"z0092243",19,0.8,18.3967564870259,"Female",4,-0.60324351297406
22,"z0092256",5,1,8.39284692417743,"Male",5,3.39284692417743
22,"z0098734",23,0.8,21.3974686716792,"Male",4,-1.60253132832076
22,"z0098735",30,0.8,22.532890201871,"Male",4,-7.46710979812897
22,"z0098736",15,0.6,11.3942535318824,"Female",3,-3.60574646811756
22,"z0098737",12,1,11.0886666666667,"Female",5,-0.911333333333317
22,"z0098738",19,0.8,18.3609367214748,"Male",4,-0.639063278525175
22,"z0098740",17,0.8,13.5004399585921,"Female",4,-3.49956004140788
22,"z0098744",6,0.4,10.3964306526806,"Male",2,4.39643065268062
22,"z0098745",7,0.8,11.3323894684551,"Male",4,4.33238946845509
22,"z0098746",32,0.8,21.4244686365993,"Male",4,-10.5755313634007
22,"z0102483",5,1,8.45109066121341,"Male",5,3.45109066121341
22,"z0102484",13,0.6,18.1950285714286,"Female",3,5.19502857142856
22,"z0102485",21,0.4,24.441768115942,"Male",2,3.44176811594195
22,"z0102500",12,0.8,16.1070387129211,"Male",4,4.10703871292107
22,"z0123188",24,1,24.060594059406,"Female",5,0.060594059405986
22,"z0132631",15,0.6,18.0236272235112,"Female",3,3.0236272235112
22,"z0132632",34,0.8,24.7618190904548,"Female",4,-9.23818090954522
22,"z0132634",12,0.8,12.106224593496,"Female",4,0.106224593495966
22,"z0132639",29,0.6,19.8956070889895,"Female",3,-9.10439291101054
22,"z0132641",21,0.6,20.2155679702049,"Male",3,-0.784432029795131
22,"z0132642",11,0.4,8.64976546467305,"Female",2,-2.35023453532695
22,"z0132658",36,0.8,20.7977144324602,"Male",4,-15.2022855675398
22,"z0132659",27,0.6,21.4325635103926,"Female",3,-5.56743648960736
22,"z0132660",23,0.8,22.3274700598803,"Male",4,-0.672529940119716
22,"z0160208",21,1,23.2292979002625,"Female",5,2.2292979002625
22,"z0175867",9,0.8,20.6454614220878,"Female",4,11.6454614220878
22,"z0175874",20,0.8,18.4678047546788,"Male",4,-1.5321952453212
22,"z0175876",12,1,18.0495198902606,"Male",5,6.04951989026063
22,"z0175877",32,0.8,22.3305257784585,"Female",4,-9.66947422154155
22,"z0178364",10,1,12.4192753623188,"Female",5,2.41927536231883
22,"z0183541",32,0.8,24.1517138599106,"Male",4,-7.84828614008942
22,"z0183543",4,1,6.83563333333336,"Male",5,2.83563333333336
22,"z0183544",11,1,10.481827309237,"Female",5,-0.518172690763027
22,"z0186431",8,0.4,6.60305951383059,"Male",2,-1.39694048616941
22,"z0186433",21,1,21.8217921896792,"Male",5,0.821792189679236
22,"z0186434",22,0.6,18.3177829099307,"Male",3,-3.6822170900693
22,"z0186435",30,0.6,13.8916384180791,"Male",3,-16.1083615819209
22,"z0186450",4,0.6,9.16066741657289,"Male",3,5.16066741657289
22,"z0190863",11,1,12.447349936143,"Female",5,1.44734993614303
22,"z0190867",7,0.8,9.35345959595963,"Female",4,2.35345959595963
22,"z0196956",13,1,17.6167001338688,"Male",5,4.6167001338688
22,"z0198374",16,0.8,18.4104461942257,"Male",4,2.41044619422571
22,"z0198377",35,0.6,19.0558868501529,"Female",3,-15.9441131498471
22,"z0198473",25,1,20.8063366336634,"Male",5,-4.19366336633663
22,"z0198474",19,1,24.3122857142858,"Male",5,5.31228571428576
22,"z0198475",40,0.6,23.0803544494721,"Male",3,-16.9196455505279
22,"z0187739",23,0.6,25.3817441860465,"Female",3,2.38174418604645
22,"z0045928",22,0.4,23.2080375180375,"Female",2,1.20803751803746
23,"z0018943",10,0.6,18.0567790656832,"Female",3,8.05677906568318
23,"z0018944",10,0.6,11.4931934493347,"Male",3,1.49319344933468
23,"z0018945",22,0.6,25.2151583710407,"Female",3,3.21515837104066
23,"z0023316",6,0.8,8.17999512670561,"Male",4,2.17999512670561
23,"z0023317",25,0.6,18.971701969528,"Male",3,-6.02829803047197
23,"z0023318",11,0.8,12.25904628331,"Female",4,1.25904628330998
23,"z0023319",26,0.8,21.716880952381,"Male",4,-4.28311904761903
23,"z0023321",11,0.6,11.7015249372085,"Female",3,0.701524937208477
23,"z0027453",6,0.6,11.6462243797195,"Female",3,5.64622437971953
23,"z0033888",6,0.6,10.5429665242165,"Female",3,4.54296652421648
23,"z0033898",10,0.6,11.5040064102564,"Male",3,1.5040064102564
23,"z0033906",15,1,21.3952865064695,"Male",5,6.39528650646949
23,"z0033908",6,1,20.538753894081,"Male",5,14.538753894081
23,"z0041286",28,0.6,22.9880826271186,"Male",3,-5.01191737288138
23,"z0045925",24,0.8,20.3298850574713,"Male",4,-3.67011494252874
23,"z0045931",7,0.8,7.6758553274682,"Male",4,0.675855327468204
23,"z0049046",6,0.6,12.9321327683616,"Female",3,6.9321327683616
23,"z0049050",11,0.6,25.4902595029239,"Male",3,14.4902595029239
23,"z0049051",37,0.8,21.1263133426313,"Female",4,-15.8736866573687
23,"z0049052",34,0.8,25.5073078736445,"Male",4,-8.49269212635554
23,"z0061425",26,0.8,20.1092880716643,"Male",4,-5.8907119283357
23,"z0071016",8,0.6,11.2431885671863,"Male",3,3.24318856718633
23,"z0075660",18,0.8,24.5567522586781,"Male",4,6.55675225867806
23,"z0075663",18,0.6,20.176840981857,"Male",3,2.176840981857
23,"z0075665",27,0.6,24.0686156648451,"Female",3,-2.93138433515489
23,"z0075676",9,0.8,7.60971824259786,"Female",4,-1.39028175740214
23,"z0075677",4,1,8.8304652644997,"Female",5,4.8304652644997
23,"z0075678",7,0.8,14.8236026422764,"Female",4,7.82360264227642
23,"z0091082",7,0.6,8.51473873873868,"Female",3,1.51473873873868
23,"z0091085",19,0.6,13.8889703119128,"Female",3,-5.11102968808718
23,"z0091275",3,0.6,8.19037558685436,"Male",3,5.19037558685436
23,"z0091277",3,0.8,10.3677991137371,"Female",4,7.36779911373708
23,"z0091284",3,0.8,9.25680129990712,"Male",4,6.25680129990712
23,"z0091285",5,1,8.01847690387015,"Male",5,3.01847690387015
23,"z0091286",14,0.8,11.949837962963,"Male",4,-2.05016203703701
23,"z0092243",19,0.8,19.4175145348837,"Female",4,0.417514534883693
23,"z0092256",5,1,8.21256684491978,"Male",5,3.21256684491978
23,"z0098734",23,0.8,20.3593613933236,"Male",4,-2.64063860667635
23,"z0098735",30,0.8,23.5086519607843,"Male",4,-6.49134803921567
23,"z0098736",15,0.6,10.8197193780811,"Female",3,-4.18028062191886
23,"z0098737",12,1,11.2818907305095,"Female",5,-0.718109269490478
23,"z0098738",19,0.8,18.1765217391304,"Male",4,-0.823478260869557
23,"z0098740",17,0.8,13.0716222533894,"Female",4,-3.92837774661057
23,"z0098745",7,0.8,12.2798670465337,"Male",4,5.27986704653373
23,"z0098746",32,0.8,21.5243268337976,"Male",4,-10.4756731662024
23,"z0102483",5,1,8.46712287104624,"Male",5,3.46712287104624
23,"z0102484",13,0.6,19.0499272991639,"Female",3,6.04992729916392
23,"z0102500",12,0.8,15.7829619312906,"Male",4,3.78296193129063
23,"z0123188",24,1,25.1366255144033,"Female",5,1.13662551440328
23,"z0132631",15,0.6,19.4719688109162,"Female",3,4.47196881091616
23,"z0132632",34,0.8,25.4481481481481,"Female",4,-8.55185185185189
23,"z0132634",12,0.8,11.622367816092,"Female",4,-0.377632183908013
23,"z0132639",29,0.6,19.8064855072464,"Female",3,-9.19351449275362
23,"z0132641",21,0.6,20.6014453961456,"Male",3,-0.398554603854365
23,"z0132658",36,0.8,20.9091381872214,"Male",4,-15.0908618127786
23,"z0132659",27,0.6,22.4783060109289,"Female",3,-4.52169398907105
23,"z0132660",23,0.8,22.3614298724955,"Male",4,-0.638570127504519
23,"z0160208",21,1,24.4489525569932,"Female",5,3.44895255699325
23,"z0175867",9,0.8,20.6320440693858,"Female",4,11.6320440693858
23,"z0175874",20,0.8,19.0065705128205,"Male",4,-0.993429487179512
23,"z0175876",12,1,19.1671530479896,"Male",5,7.16715304798963
23,"z0175877",32,0.8,22.7993351673544,"Female",4,-9.20066483264556
23,"z0178364",10,1,11.3804597701149,"Female",5,1.38045977011495
23,"z0183541",32,0.8,23.1340519239685,"Male",4,-8.86594807603151
23,"z0183543",4,1,6.93208573256557,"Male",5,2.93208573256557
23,"z0183544",11,1,10.1563063063063,"Female",5,-0.843693693693668
23,"z0186433",21,1,22.0292111506524,"Male",5,1.02921115065245
23,"z0186434",22,0.6,17.2142249352571,"Male",3,-4.78577506474288
23,"z0186435",30,0.6,14.420533033033,"Male",3,-15.579466966967
23,"z0186450",4,0.6,8.91069118147762,"Male",3,4.91069118147762
23,"z0190863",11,1,12.0975609756098,"Female",5,1.09756097560975
23,"z0190867",7,0.8,9.47159887798035,"Female",4,2.47159887798035
23,"z0196956",13,1,17.9403086419753,"Male",5,4.94030864197532
23,"z0198374",16,0.8,19.3144341290893,"Male",4,3.31443412908928
23,"z0198377",35,0.6,19.4097862767154,"Female",3,-15.5902137232846
23,"z0198473",25,1,21.3491900311526,"Male",5,-3.65080996884737
23,"z0198474",19,1,24.477737447066,"Male",5,5.47773744706598
23,"z0198475",40,0.6,23.7216991341991,"Male",3,-16.2783008658009
23,"z0187739",23,0.6,26.5420935412026,"Female",3,3.54209354120258
24,"z0023316",6,0.8,8.99588261060003,"Male",4,2.99588261060003
24,"z0023318",11,0.8,12.4788060897436,"Female",4,1.47880608974362
24,"z0023319",26,0.8,22.728773006135,"Male",4,-3.27122699386504
24,"z0033906",15,1,18.9320859872612,"Male",5,3.93208598726116
24,"z0033908",6,1,19.4964189553043,"Male",5,13.4964189553043
24,"z0045925",24,0.8,19.4087169650469,"Male",4,-4.59128303495309
24,"z0045931",7,0.8,8.94410124410118,"Male",4,1.94410124410118
24,"z0049051",37,0.8,20.4188958333334,"Female",4,-16.5811041666666
24,"z0049052",34,0.8,22.9895180722891,"Male",4,-11.0104819277109
24,"z0061425",26,0.8,19.0441539115647,"Male",4,-6.95584608843535
24,"z0075660",18,0.8,24.2680190930787,"Male",4,6.26801909307867
24,"z0075676",9,0.8,9.526953449709,"Female",4,0.526953449708998
24,"z0075677",4,1,9.5568736730361,"Female",5,5.5568736730361
24,"z0075678",7,0.8,14.6298131247284,"Female",4,7.6298131247284
24,"z0091277",3,0.8,9.59406966490296,"Female",4,6.59406966490296
24,"z0091284",3,0.8,8.80108834827138,"Male",4,5.80108834827138
24,"z0091285",5,1,8.12559425096735,"Male",5,3.12559425096735
24,"z0091286",14,0.8,12.0453624949372,"Male",4,-1.95463750506275
24,"z0092243",19,0.8,17.5169971086328,"Female",4,-1.48300289136719
24,"z0092256",5,1,9.25396578538101,"Male",5,4.25396578538101
24,"z0098734",23,0.8,19.3379513014274,"Male",4,-3.66204869857261
24,"z0098735",30,0.8,21.6956989247312,"Male",4,-8.30430107526879
24,"z0098737",12,1,11.0746138515197,"Female",5,-0.925386148480289
24,"z0098738",19,0.8,15.487581300813,"Male",4,-3.51241869918698
24,"z0098740",17,0.8,12.8912404092072,"Female",4,-4.10875959079281
24,"z0098745",7,0.8,12.7182879377432,"Male",4,5.71828793774322
24,"z0098746",32,0.8,20.5432908704884,"Male",4,-11.4567091295116
24,"z0102483",5,1,8.95625,"Male",5,3.95625
24,"z0102500",12,0.8,15.1658446362516,"Male",4,3.16584463625156
24,"z0123188",24,1,24.8398286346047,"Female",5,0.839828634604746
24,"z0132632",34,0.8,24.6277630415561,"Female",4,-9.3722369584439
24,"z0132634",12,0.8,11.5940187313751,"Female",4,-0.405981268624917
24,"z0132658",36,0.8,21.8851646090535,"Male",4,-14.1148353909465
24,"z0132660",23,0.8,21.0093552465234,"Male",4,-1.99064475347659
24,"z0160208",21,1,24.2429959100204,"Female",5,3.24299591002043
24,"z0175867",9,0.8,18.7043513957307,"Female",4,9.70435139573073
24,"z0175874",20,0.8,19.2898276586801,"Male",4,-0.710172341319858
24,"z0175876",12,1,19.7750262054508,"Male",5,7.77502620545075
24,"z0175877",32,0.8,21.9362494678587,"Female",4,-10.0637505321413
24,"z0178364",10,1,14.7964629315224,"Female",5,4.79646293152237
24,"z0183541",32,0.8,21.3000635324016,"Male",4,-10.6999364675984
24,"z0183543",4,1,7.09764641488773,"Male",5,3.09764641488773
24,"z0183544",11,1,9.95517774343124,"Female",5,-1.04482225656876
24,"z0186433",21,1,21.7916939890711,"Male",5,0.79169398907106
24,"z0190863",11,1,11.5526315789474,"Female",5,0.552631578947398
24,"z0190867",7,0.8,9.72262664963811,"Female",4,2.72262664963811
24,"z0196956",13,1,16.9416809116809,"Male",5,3.94168091168091
24,"z0198374",16,0.8,19.1678846153846,"Male",4,3.16788461538464
24,"z0198473",25,1,19.6828416149069,"Male",5,-5.31715838509314
24,"z0198474",19,1,22.1783043707215,"Male",5,3.17830437072146
25,"z0018943",10,0.55,17.1029455630127,"Female",3,7.10294556301267
25,"z0018944",10,0.55,11.091721732746,"Male",3,1.09172173274598
25,"z0018945",22,0.55,24.7782328403488,"Female",3,2.77823284034882
25,"z0023316",6,0.75,7.60986338797813,"Male",4,1.60986338797813
25,"z0023317",25,0.55,19.6274332957535,"Male",3,-5.3725667042465
25,"z0023318",11,0.75,11.2404016692749,"Female",4,0.240401669274938
25,"z0023319",26,0.75,21.1948562783661,"Male",4,-4.80514372163385
25,"z0023321",11,0.55,10.8066705562038,"Female",3,-0.19332944379617
25,"z0027453",6,0.55,10.9341154562384,"Female",3,4.93411545623838
25,"z0027455",10,0.2,9.08272181454294,"Female",2,-0.917278185457064
25,"z0033888",6,0.55,9.35193370165744,"Female",3,3.35193370165744
25,"z0033893",15,0.2,16.8097350993377,"Male",2,1.80973509933775
25,"z0033898",10,0.55,10.664055751865,"Male",3,0.664055751864957
25,"z0033906",15,1,21.2759550561798,"Male",5,6.27595505617977
25,"z0033908",6,1,21.8247300215983,"Male",5,15.8247300215983
25,"z0041286",28,0.55,22.549436302142,"Male",3,-5.45056369785796
25,"z0045921",10,0.2,22.9945999999999,"Female",2,12.9945999999999
25,"z0045925",24,0.75,20.043008255934,"Male",4,-3.95699174406604
25,"z0045931",7,0.75,6.89022633744852,"Male",4,-0.109773662551479
25,"z0049046",6,0.55,12.1584604212056,"Female",3,6.15846042120558
25,"z0049048",11,0.2,16.0353070175439,"Male",2,5.03530701754386
25,"z0049050",11,0.55,23.8551678108314,"Male",3,12.8551678108314
25,"z0049051",37,0.75,22.3258942457232,"Female",4,-14.6741057542768
25,"z0049052",34,0.75,24.5830725091288,"Male",4,-9.41692749087115
25,"z0061425",26,0.75,20.3052511415525,"Male",4,-5.69474885844748
25,"z0071016",8,0.55,10.9168199233717,"Male",3,2.91681992337168
25,"z0075660",18,0.75,25.0145802650957,"Male",4,7.01458026509571
25,"z0075663",18,0.55,20.7034714445689,"Male",3,2.70347144456892
25,"z0075665",27,0.55,23.5457994579946,"Female",3,-3.45420054200544
25,"z0075676",9,0.75,9.11517996870112,"Female",4,0.115179968701121
25,"z0075677",4,1,8.09741176470592,"Female",5,4.09741176470592
25,"z0075678",7,0.75,13.7974838066766,"Female",4,6.79748380667662
25,"z0091082",7,0.55,7.80118386977428,"Female",3,0.801183869774283
25,"z0091085",19,0.55,13.8084523809524,"Female",3,-5.19154761904763
25,"z0091275",3,0.55,9.48018069973085,"Male",3,6.48018069973085
25,"z0091276",10,0.2,27.7110885275518,"Female",2,17.7110885275518
25,"z0091277",3,0.75,9.28309968847356,"Female",4,6.28309968847356
25,"z0091284",3,0.75,8.54820916905445,"Male",4,5.54820916905445
25,"z0091285",5,1,7.97221045197745,"Male",5,2.97221045197745
25,"z0091286",14,0.75,10.3895530425418,"Male",4,-3.61044695745821
25,"z0092243",19,0.75,16.2429611650485,"Female",4,-2.75703883495146
25,"z0092256",5,1,7.58881530537166,"Male",5,2.58881530537166
25,"z0098734",23,0.75,18.7897791474063,"Male",4,-4.21022085259375
25,"z0098735",30,0.75,23.8337150127227,"Male",4,-6.16628498727734
25,"z0098736",15,0.55,11.6578544061303,"Female",3,-3.34214559386967
25,"z0098737",12,1,10.0111358574611,"Female",5,-1.98886414253894
25,"z0098738",19,0.75,18.7262048192771,"Male",4,-0.273795180722903
25,"z0098740",17,0.75,15.0482359136388,"Female",4,-1.95176408636124
25,"z0098744",6,0.2,9.8027740036231,"Male",2,3.8027740036231
25,"z0098745",7,0.75,11.3995745745746,"Male",4,4.39957457457461
25,"z0098746",32,0.75,21.6329725829726,"Male",4,-10.3670274170274
25,"z0102483",5,1,7.75020833333339,"Male",5,2.75020833333339
25,"z0102484",13,0.55,16.4704608661105,"Female",3,3.47046086611045
25,"z0102485",21,0.2,25.470750110963,"Male",2,4.47075011096303
25,"z0102500",12,0.75,15.3234453781513,"Male",4,3.32344537815126
25,"z0123188",24,1,25.1805810397554,"Female",5,1.1805810397554
25,"z0132631",15,0.55,19.5795674869501,"Female",3,4.57956748695007
25,"z0132632",34,0.75,25.9370455709165,"Female",4,-8.06295442908349
25,"z0132634",12,0.75,13.0833333333333,"Female",4,1.08333333333333
25,"z0132639",29,0.55,20.7837547892721,"Female",3,-8.21624521072792
25,"z0132641",21,0.55,20.6290548424738,"Male",3,-0.370945157526208
25,"z0132642",11,0.2,8.13366822951543,"Female",2,-2.86633177048457
25,"z0132658",36,0.75,19.8811926605505,"Male",4,-16.1188073394495
25,"z0132659",27,0.55,23.6627380952381,"Female",3,-3.33726190476192
25,"z0132660",23,0.75,22.6214503816794,"Male",4,-0.378549618320559
25,"z0160208",21,1,23.3868105515588,"Female",5,2.38681055155878
25,"z0175867",9,0.75,19.2451529289787,"Female",4,10.2451529289787
25,"z0175874",20,0.75,18.4552263969171,"Male",4,-1.54477360308286
25,"z0175876",12,1,18.8862237237237,"Male",5,6.88622372372372
25,"z0175877",32,0.75,23.7211318795431,"Female",4,-8.27886812045688
25,"z0178364",10,1,15.6153206650831,"Female",5,5.61532066508314
25,"z0183541",32,0.75,25.2642967542504,"Male",4,-6.73570324574962
25,"z0183543",4,1,6.38211991434692,"Male",5,2.38211991434692
25,"z0183544",11,1,10.2149536045682,"Female",5,-0.785046395431809
25,"z0186431",8,0.2,7.71660978384516,"Male",2,-0.283390216154839
25,"z0186433",21,1,21.0069824561404,"Male",5,0.00698245614035287
25,"z0186434",22,0.55,17.4337091319053,"Male",3,-4.5662908680947
25,"z0186435",30,0.55,12.4828772329913,"Male",3,-17.5171227670087
25,"z0186450",4,0.55,8.73201506591333,"Male",3,4.73201506591333
25,"z0190863",11,1,13.6030511060259,"Female",5,2.60305110602592
25,"z0190867",7,0.75,8.6993407172996,"Female",4,1.6993407172996
25,"z0196956",13,1,18.9526932084309,"Male",5,5.9526932084309
25,"z0198374",16,0.75,20.7530170316302,"Male",4,4.7530170316302
25,"z0198377",35,0.55,21.2287004998078,"Female",3,-13.7712995001922
25,"z0198473",25,1,21.5974157303371,"Male",5,-3.40258426966291
25,"z0198474",19,1,24.9575036075037,"Male",5,5.95750360750366
25,"z0198475",40,0.55,23.1552142586272,"Male",3,-16.8447857413728
25,"z0187739",23,0.55,26.053149001536,"Female",3,3.05314900153604
25,"z0045928",22,0.2,23.1947774750226,"Female",2,1.19477747502263
26,"z0018943",10,0.55,18.2430038965639,"Female",3,8.24300389656392
26,"z0018944",10,0.55,11.4588552915767,"Male",3,1.45885529157666
26,"z0018945",22,0.55,24.8831439393939,"Female",3,2.88314393939387
26,"z0023316",6,0.75,7.68826358826353,"Male",4,1.68826358826353
26,"z0023317",25,0.55,19.7379224475276,"Male",3,-5.26207755247243
26,"z0023318",11,0.75,10.6912852519649,"Female",4,-0.308714748035129
26,"z0023319",26,0.75,21.8452244508119,"Male",4,-4.15477554918814
26,"z0023321",11,0.55,11.2010920157536,"Female",3,0.201092015753646
26,"z0027453",6,0.55,11.670329263781,"Female",3,5.67032926378098
26,"z0033888",6,0.55,8.96970495258159,"Female",3,2.96970495258159
26,"z0033898",10,0.55,10.9878295413506,"Male",3,0.987829541350637
26,"z0033906",15,1,21.1659856630824,"Male",5,6.16598566308241
26,"z0033908",6,1,20.6372727272727,"Male",5,14.6372727272727
26,"z0041286",28,0.55,23.3178253119429,"Male",3,-4.68217468805707
26,"z0045925",24,0.75,20.6140027322404,"Male",4,-3.38599726775956
26,"z0045931",7,0.75,7.0303921568627,"Male",4,0.0303921568626961
26,"z0049046",6,0.55,11.909181850661,"Female",3,5.90918185066096
26,"z0049050",11,0.55,24.6435095289464,"Male",3,13.6435095289464
26,"z0049051",37,0.75,22.1206811005864,"Female",4,-14.8793188994136
26,"z0049052",34,0.75,25.3532755298651,"Male",4,-8.64672447013492
26,"z0061425",26,0.75,20.4028384279476,"Male",4,-5.59716157205241
26,"z0071016",8,0.55,10.8211246200608,"Male",3,2.82112462006075
26,"z0075660",18,0.75,25.6456551724137,"Male",4,7.64565517241373
26,"z0075663",18,0.55,20.0108163265306,"Male",3,2.01081632653062
26,"z0075665",27,0.55,24.4106141285055,"Female",3,-2.58938587149455
26,"z0075676",9,0.75,8.42372413793099,"Female",4,-0.576275862069012
26,"z0075677",4,1,8.33690972222225,"Female",5,4.33690972222225
26,"z0075678",7,0.75,13.2233942803563,"Female",4,6.2233942803563
26,"z0091082",7,0.55,7.57838487972498,"Female",3,0.578384879724979
26,"z0091085",19,0.55,14.582192513369,"Female",3,-4.41780748663104
26,"z0091275",3,0.55,9.21159729633575,"Male",3,6.21159729633575
26,"z0091277",3,0.75,9.4441353732035,"Female",4,6.4441353732035
26,"z0091284",3,0.75,8.23583801498123,"Male",4,5.23583801498123
26,"z0091285",5,1,7.98027278775782,"Male",5,2.98027278775782
26,"z0091286",14,0.75,11.1273744292238,"Male",4,-2.87262557077623
26,"z0092243",19,0.75,16.8007522331923,"Female",4,-2.19924776680771
26,"z0092256",5,1,7.41825980392155,"Male",5,2.41825980392155
26,"z0098734",23,0.75,18.214320625611,"Male",4,-4.78567937438904
26,"z0098735",30,0.75,23.7725547445255,"Male",4,-6.22744525547446
26,"z0098736",15,0.55,10.967231638418,"Female",3,-4.03276836158196
26,"z0098737",12,1,9.92108125399875,"Female",5,-2.07891874600125
26,"z0098738",19,0.75,18.4926657263752,"Male",4,-0.507334273624821
26,"z0098740",17,0.75,15.5628691983122,"Female",4,-1.43713080168776
26,"z0098745",7,0.75,10.8937022042285,"Male",4,3.89370220422854
26,"z0098746",32,0.75,22.2425415573054,"Male",4,-9.75745844269463
26,"z0102483",5,1,7.75651750972764,"Male",5,2.75651750972764
26,"z0102484",13,0.55,17.5213795594077,"Female",3,4.52137955940773
26,"z0102500",12,0.75,14.6737689393939,"Male",4,2.67376893939393
26,"z0123188",24,1,26.0942738323736,"Female",5,2.09427383237364
26,"z0132631",15,0.55,19.2628979143798,"Female",3,4.26289791437978
26,"z0132632",34,0.75,25.9819314641744,"Female",4,-8.01806853582561
26,"z0132634",12,0.75,13.1194964028777,"Female",4,1.1194964028777
26,"z0132639",29,0.55,20.5491675714803,"Female",3,-8.45083242851971
26,"z0132641",21,0.55,21.3517383512545,"Male",3,0.35173835125449
26,"z0132658",36,0.75,20.1474358974359,"Male",4,-15.8525641025641
26,"z0132659",27,0.55,23.7844314558979,"Female",3,-3.21556854410207
26,"z0132660",23,0.75,22.5667870905588,"Male",4,-0.433212909441217
26,"z0160208",21,1,24.6161067193676,"Female",5,3.61610671936761
26,"z0175867",9,0.75,19.6048178884278,"Female",4,10.6048178884278
26,"z0175874",20,0.75,18.2438236680811,"Male",4,-1.7561763319189
26,"z0175876",12,1,18.6655509065551,"Male",5,6.6655509065551
26,"z0175877",32,0.75,23.5674635701275,"Female",4,-8.43253642987251
26,"z0178364",10,1,14.3383463541667,"Female",5,4.33834635416666
26,"z0183541",32,0.75,25.2493676603432,"Male",4,-6.75063233965677
26,"z0183543",4,1,6.25348542458805,"Male",5,2.25348542458805
26,"z0183544",11,1,10.5559128630705,"Female",5,-0.444087136929451
26,"z0186433",21,1,21.3907443365696,"Male",5,0.390744336569561
26,"z0186434",22,0.55,17.9332984293194,"Male",3,-4.06670157068062
26,"z0186435",30,0.55,12.5622036262204,"Male",3,-17.4377963737796
26,"z0186450",4,0.55,8.36220871327246,"Male",3,4.36220871327246
26,"z0190863",11,1,13.1793172690763,"Female",5,2.17931726907629
26,"z0190867",7,0.75,8.27017304189432,"Female",4,1.27017304189432
26,"z0196956",13,1,19.3144617380026,"Male",5,6.3144617380026
26,"z0198374",16,0.75,21.0770860927152,"Male",4,5.07708609271524
26,"z0198377",35,0.55,21.2932608695652,"Female",3,-13.7067391304348
26,"z0198473",25,1,22.1742768595041,"Male",5,-2.82572314049587
26,"z0198474",19,1,24.9288381742739,"Male",5,5.92883817427387
26,"z0198475",40,0.55,24.0704189435337,"Male",3,-15.9295810564663
26,"z0187739",23,0.55,26.8489759887005,"Female",3,3.84897598870047
27,"z0023316",6,0.75,9.1706911636045,"Male",4,3.1706911636045
27,"z0023318",11,0.75,10.3884160756501,"Female",4,-0.611583924349912
27,"z0023319",26,0.75,22.0017054263566,"Male",4,-3.99829457364341
27,"z0033906",15,1,18.8793575566088,"Male",5,3.87935755660876
27,"z0033908",6,1,19.6686073059361,"Male",5,13.6686073059361
27,"z0045925",24,0.75,19.7736208236208,"Male",4,-4.22637917637915
27,"z0045931",7,0.75,8.20845528455275,"Male",4,1.20845528455275
27,"z0049051",37,0.75,21.5399534686971,"Female",4,-15.4600465313029
27,"z0049052",34,0.75,23.0697811447811,"Male",4,-10.9302188552189
27,"z0061425",26,0.75,19.2739911218725,"Male",4,-6.7260088781275
27,"z0075660",18,0.75,24.5209428452231,"Male",4,6.52094284522312
27,"z0075676",9,0.75,9.79128303495307,"Female",4,0.791283034953073
27,"z0075677",4,1,8.57343836373688,"Female",5,4.57343836373688
27,"z0075678",7,0.75,14.2678331356268,"Female",4,7.26783313562676
27,"z0091277",3,0.75,8.82512106537522,"Female",4,5.82512106537522
27,"z0091284",3,0.75,8.16817420435503,"Male",4,5.16817420435503
27,"z0091285",5,1,8.55225375626041,"Male",5,3.55225375626041
27,"z0091286",14,0.75,11.2989392084863,"Male",4,-2.70106079151365
27,"z0092243",19,0.75,16.7599791666667,"Female",4,-2.24002083333334
27,"z0092256",5,1,8.71387969094923,"Male",5,3.71387969094923
27,"z0098734",23,0.75,18.0813492063492,"Male",4,-4.91865079365078
27,"z0098735",30,0.75,22.6574969021065,"Male",4,-7.34250309789345
27,"z0098737",12,1,10.7947916666667,"Female",5,-1.2052083333333
27,"z0098738",19,0.75,16.2539548022599,"Male",4,-2.74604519774011
27,"z0098740",17,0.75,14.1458333333334,"Female",4,-2.85416666666664
27,"z0098745",7,0.75,11.5714743589744,"Male",4,4.5714743589744
27,"z0098746",32,0.75,20.1644249512671,"Male",4,-11.8355750487329
27,"z0102483",5,1,8.8499424294761,"Male",5,3.8499424294761
27,"z0102500",12,0.75,14.3922304223042,"Male",4,2.39223042230424
27,"z0123188",24,1,25.0045878693623,"Female",5,1.00458786936233
27,"z0132632",34,0.75,25.256908031627,"Female",4,-8.74309196837295
27,"z0132634",12,0.75,13.0090752688172,"Female",4,1.00907526881723
27,"z0132658",36,0.75,20.4301289802499,"Male",4,-15.5698710197501
27,"z0132660",23,0.75,21.1161610032363,"Male",4,-1.88383899676374
27,"z0160208",21,1,24.5860224089636,"Female",5,3.58602240896357
27,"z0175867",9,0.75,17.6864921030757,"Female",4,8.68649210307566
27,"z0175874",20,0.75,19.0765680473373,"Male",4,-0.9234319526627
27,"z0175876",12,1,20.2381571346043,"Male",5,8.23815713460429
27,"z0175877",32,0.75,22.290543881335,"Female",4,-9.70945611866503
27,"z0178364",10,1,15.9921480144404,"Female",5,5.99214801444043
27,"z0183541",32,0.75,21.8574726609964,"Male",4,-10.1425273390036
27,"z0183543",4,1,6.75277306168642,"Male",5,2.75277306168642
27,"z0183544",11,1,10.4643280047366,"Female",5,-0.535671995263446
27,"z0186433",21,1,20.2983223322332,"Male",5,-0.701677667766752
27,"z0190863",11,1,12.5879152348225,"Female",5,1.58791523482248
27,"z0190867",7,0.75,8.81815181518145,"Female",4,1.81815181518145
27,"z0196956",13,1,17.5682108626198,"Male",5,4.56821086261981
27,"z0198374",16,0.75,19.9186159844055,"Male",4,3.91861598440548
27,"z0198473",25,1,20.0335025380711,"Male",5,-4.96649746192891
27,"z0198474",19,1,22.748262243286,"Male",5,3.74826224328595
28,"z0018943",10,1,16.513258636788,"Female",3,6.51325863678805
28,"z0018944",10,1,16.2438263525305,"Male",3,6.24382635253054
28,"z0018945",22,1,25.0279728464419,"Female",3,3.02797284644193
28,"z0023316",6,1,8.46678035470668,"Male",4,2.46678035470668
28,"z0023317",25,1,23.7304559539619,"Male",3,-1.26954404603808
28,"z0023318",11,1,9.62919982316534,"Female",4,-1.37080017683466
28,"z0023319",26,1,21.59899543379,"Male",4,-4.40100456620999
28,"z0023321",11,1,11.226231884058,"Female",3,0.226231884058013
28,"z0027453",6,1,9.9867621527778,"Female",3,3.9867621527778
28,"z0027455",10,1,8.67232183908046,"Female",2,-1.32767816091954
28,"z0033888",6,1,8.05927230046947,"Female",3,2.05927230046947
28,"z0033893",15,1,15.5162234042553,"Male",2,0.516223404255321
28,"z0033898",10,1,12.1961752433936,"Male",3,2.19617524339363
28,"z0033906",15,1,19.457938718663,"Male",5,4.45793871866296
28,"z0033908",6,1,23.6097527472528,"Male",5,17.6097527472528
28,"z0041286",28,1,20.8604355325572,"Male",3,-7.13956446744283
28,"z0045921",10,1,24.6945933869526,"Female",2,14.6945933869526
28,"z0045925",24,1,22.2881313131313,"Male",4,-1.71186868686865
28,"z0045931",7,1,5.8439312806782,"Male",4,-1.15606871932181
28,"z0049046",6,1,10.9955555555556,"Female",3,4.99555555555561
28,"z0049048",11,1,16.2132840501792,"Male",2,5.21328405017921
28,"z0049050",11,1,23.2007392473118,"Male",3,12.2007392473118
28,"z0049051",37,1,21.11932173137,"Female",4,-15.88067826863
28,"z0049052",34,1,21.8721673718853,"Male",4,-12.1278326281147
28,"z0061425",26,1,20.0743169398907,"Male",4,-5.92568306010927
28,"z0071016",8,1,9.81415620641564,"Male",3,1.81415620641564
28,"z0075660",18,1,23.9019426048565,"Male",4,5.9019426048565
28,"z0075663",18,1,20.0100483729112,"Male",3,2.01004837291119
28,"z0075665",27,1,22.6914427157002,"Female",3,-4.30855728429982
28,"z0075676",9,1,9.25768555116382,"Female",4,0.257685551163821
28,"z0075677",4,1,6.462610619469,"Female",5,2.462610619469
28,"z0075678",7,1,16.2693872885231,"Female",4,9.26938728852309
28,"z0091082",7,1,7.83569139194137,"Female",3,0.835691391941372
28,"z0091085",19,1,15.4176946631671,"Female",3,-3.5823053368329
28,"z0091275",3,1,9.47112166440526,"Male",3,6.47112166440526
28,"z0091276",10,1,26.2216597318539,"Female",2,16.2216597318539
28,"z0091277",3,1,8.02800469483566,"Female",4,5.02800469483566
28,"z0091284",3,1,7.6577999051683,"Male",4,4.6577999051683
28,"z0091285",5,1,6.64694019471485,"Male",5,1.64694019471485
28,"z0091286",14,1,10.1881142098274,"Male",4,-3.81188579017261
28,"z0092243",19,1,15.4428765264586,"Female",4,-3.55712347354139
28,"z0092256",5,1,7.60181695827723,"Male",5,2.60181695827723
28,"z0098734",23,1,18.3675849403122,"Male",4,-4.6324150596878
28,"z0098735",30,1,22.4992269213279,"Male",4,-7.5007730786721
28,"z0098736",15,1,8.94574712643678,"Female",3,-6.05425287356322
28,"z0098737",12,1,9.59857471264369,"Female",5,-2.40142528735631
28,"z0098738",19,1,19.1665668662675,"Male",4,0.166566866267452
28,"z0098740",17,1,17.7471303948577,"Female",4,0.747130394857656
28,"z0098744",6,1,9.1638211382114,"Male",2,3.1638211382114
28,"z0098745",7,1,10.9186781609196,"Male",4,3.9186781609196
28,"z0098746",32,1,19.0893208221626,"Male",4,-12.9106791778374
28,"z0102483",5,1,6.93420931304747,"Male",5,1.93420931304747
28,"z0102484",13,1,15.2934703196347,"Female",3,2.2934703196347
28,"z0102485",21,1,26.6893897364771,"Male",2,5.68938973647708
28,"z0102500",12,1,13.9190153568202,"Male",4,1.91901535682022
28,"z0123188",24,1,24.7104379562044,"Female",5,0.710437956204366
28,"z0132631",15,1,18.2099640125956,"Female",3,3.20996401259558
28,"z0132632",34,1,24.1648224988474,"Female",4,-9.8351775011526
28,"z0132634",12,1,12.627808344796,"Female",4,0.62780834479598
28,"z0132639",29,1,22.6945417789758,"Female",3,-6.30545822102425
28,"z0132641",21,1,22.6199092970522,"Male",3,1.61990929705217
28,"z0132642",11,1,7.65123026926645,"Female",2,-3.34876973073355
28,"z0132658",36,1,19.9218050065876,"Male",4,-16.0781949934124
28,"z0132659",27,1,23.2822339489886,"Female",3,-3.71776605101144
28,"z0132660",23,1,22.0202534672406,"Male",4,-0.979746532759393
28,"z0160208",21,1,23.7629476584022,"Female",5,2.7629476584022
28,"z0175867",9,1,18.5075417766051,"Female",4,9.50754177660509
28,"z0175874",20,1,13.3666666666667,"Male",4,-6.63333333333334
28,"z0175876",12,1,17.9396694214876,"Male",5,5.93966942148759
28,"z0175877",32,1,22.2971256374595,"Female",4,-9.70287436254052
28,"z0178364",10,1,15.9630869363087,"Female",5,5.96308693630869
28,"z0183541",32,1,21.2097774621213,"Male",4,-10.7902225378787
28,"z0183543",4,1,7.23862690707347,"Male",5,3.23862690707347
28,"z0183544",11,1,9.28928571428572,"Female",5,-1.71071428571428
28,"z0186431",8,1,10.2411898274297,"Male",2,2.24118982742966
28,"z0186433",21,1,19.6284300791557,"Male",5,-1.37156992084432
28,"z0186434",22,1,21.4642448260679,"Male",3,-0.535755173932138
28,"z0186435",30,1,12.6596681096681,"Male",3,-17.3403318903319
28,"z0186450",4,1,7.05782726045881,"Male",3,3.05782726045881
28,"z0190863",11,1,10.6810480147738,"Female",5,-0.318951985226171
28,"z0190867",7,1,8.3992117117117,"Female",4,1.3992117117117
28,"z0196956",13,1,22.4581214689266,"Male",5,9.4581214689266
28,"z0198374",16,1,20.2422147651007,"Male",4,4.24221476510071
28,"z0198377",35,1,22.0402523933856,"Female",3,-12.9597476066144
28,"z0198473",25,1,21.8685501533071,"Male",5,-3.1314498466929
28,"z0198474",19,1,26.5309027777777,"Male",5,7.53090277777772
28,"z0198475",40,1,22.6037483266399,"Male",3,-17.3962516733601
28,"z0187739",23,1,25.404893813481,"Female",3,2.40489381348103
28,"z0045928",22,1,21.3228958630528,"Female",2,-0.677104136947172
29,"z0018943",10,1,16.7890632429862,"Female",3,6.78906324298621
29,"z0018944",10,1,16.8779935275081,"Male",3,6.87799352750809
29,"z0018945",22,1,25.8030109056424,"Female",3,3.80301090564243
29,"z0023316",6,1,8.4197522522522,"Male",4,2.4197522522522
29,"z0023317",25,1,23.9710645015787,"Male",3,-1.02893549842132
29,"z0023318",11,1,9.54008640291039,"Female",4,-1.45991359708961
29,"z0023319",26,1,22.2249320652174,"Male",4,-3.77506793478257
29,"z0023321",11,1,10.6942544459644,"Female",3,-0.30574555403556
29,"z0027453",6,1,9.94300236406619,"Female",3,3.94300236406619
29,"z0033888",6,1,8.1073370839193,"Female",3,2.1073370839193
29,"z0033898",10,1,12.7175364362953,"Male",3,2.71753643629527
29,"z0033906",15,1,20.2260245901639,"Male",5,5.22602459016393
29,"z0033908",6,1,25.4654712643678,"Male",5,19.4654712643678
29,"z0041286",28,1,22.3069614512472,"Male",3,-5.69303854875281
29,"z0045925",24,1,24.4613918439716,"Male",4,0.461391843971601
29,"z0045931",7,1,5.64984126984117,"Male",4,-1.35015873015883
29,"z0049046",6,1,10.9476548269581,"Female",3,4.94765482695813
29,"z0049050",11,1,24.7007523939808,"Male",3,13.7007523939808
29,"z0049051",37,1,21.9685631414547,"Female",4,-15.0314368585453
29,"z0049052",34,1,22.4251598173516,"Male",4,-11.5748401826484
29,"z0061425",26,1,21.1390232337601,"Male",4,-4.86097676623992
29,"z0071016",8,1,10.0042950513539,"Male",3,2.00429505135387
29,"z0075660",18,1,26.4267897856817,"Male",4,8.42678978568167
29,"z0075663",18,1,20.5716619981326,"Male",3,2.57166199813258
29,"z0075665",27,1,23.8618173875054,"Female",3,-3.13818261249456
29,"z0075676",9,1,9.04894000902116,"Female",4,0.0489400090211625
29,"z0075677",4,1,6.91931290622091,"Female",5,2.91931290622091
29,"z0075678",7,1,16.3719512195122,"Female",4,9.37195121951219
29,"z0091082",7,1,8.02761327949746,"Female",3,1.02761327949746
29,"z0091085",19,1,16.5579772079772,"Female",3,-2.4420227920228
29,"z0091275",3,1,9.74126436781608,"Male",3,6.74126436781608
29,"z0091277",3,1,8.51345353675446,"Female",4,5.51345353675446
29,"z0091284",3,1,8.35568345323737,"Male",4,5.35568345323737
29,"z0091285",5,1,6.75835503472216,"Male",5,1.75835503472216
29,"z0091286",14,1,9.96993333333331,"Male",4,-4.03006666666669
29,"z0092243",19,1,17.183446557971,"Female",4,-1.81655344202899
29,"z0092256",5,1,7.09312169312161,"Male",5,2.09312169312161
29,"z0098734",23,1,18.3667358229599,"Male",4,-4.63326417704011
29,"z0098735",30,1,23.027898060442,"Male",4,-6.97210193955795
29,"z0098736",15,1,9.29368395773292,"Female",3,-5.70631604226708
29,"z0098737",12,1,10.0477181208053,"Female",5,-1.95228187919465
29,"z0098738",19,1,19.8011872759856,"Male",4,0.801187275985647
29,"z0098740",17,1,17.3474394147234,"Female",4,0.347439414723368
29,"z0098745",7,1,10.7341212989494,"Male",4,3.73412129894941
29,"z0098746",32,1,21.0288319482918,"Male",4,-10.9711680517082
29,"z0102483",5,1,6.94036738351247,"Male",5,1.94036738351247
29,"z0102484",13,1,15.1578431372549,"Female",3,2.15784313725489
29,"z0102500",12,1,13.7156106519743,"Male",4,1.71561065197427
29,"z0123188",24,1,27.0735025148605,"Female",5,3.07350251486048
29,"z0132631",15,1,18.2108356290175,"Female",3,3.21083562901745
29,"z0132632",34,1,26.2411979881115,"Female",4,-7.75880201188848
29,"z0132634",12,1,12.853659611993,"Female",4,0.853659611992953
29,"z0132639",29,1,23.6009027777778,"Female",3,-5.39909722222222
29,"z0132641",21,1,23.1446052631579,"Male",3,2.14460526315789
29,"z0132658",36,1,20.2009320905459,"Male",4,-15.7990679094541
29,"z0132659",27,1,24.3247134342045,"Female",3,-2.67528656579554
29,"z0132660",23,1,21.9621088435374,"Male",4,-1.03789115646256
29,"z0160208",21,1,25.6367173112338,"Female",5,4.63671731123383
29,"z0175867",9,1,18.1607534246575,"Female",4,9.16075342465754
29,"z0175874",20,1,13.3149602618046,"Male",4,-6.68503973819542
29,"z0175876",12,1,18.8165784832451,"Male",5,6.81657848324512
29,"z0175877",32,1,23.85,"Female",4,-8.15000000000001
29,"z0178364",10,1,16.7555474095797,"Female",5,6.75554740957967
29,"z0183541",32,1,21.7121647509579,"Male",4,-10.2878352490421
29,"z0183543",4,1,7.50192982456134,"Male",5,3.50192982456134
29,"z0183544",11,1,9.09268236380421,"Female",5,-1.90731763619579
29,"z0186433",21,1,20.8498150716597,"Male",5,-0.150184928340266
29,"z0186434",22,1,21.0645021645022,"Male",3,-0.935497835497813
29,"z0186435",30,1,12.6171220400729,"Male",3,-17.3828779599271
29,"z0186450",4,1,6.75850718590628,"Male",3,2.75850718590628
29,"z0190863",11,1,10.9624671916011,"Female",5,-0.0375328083989448
29,"z0190867",7,1,8.34243697478987,"Female",4,1.34243697478987
29,"z0196956",13,1,22.3653214774282,"Male",5,9.3653214774282
29,"z0198374",16,1,21.548268698061,"Male",4,5.54826869806096
29,"z0198377",35,1,23.5271604938272,"Female",3,-11.4728395061728
29,"z0198473",25,1,24.1347619047619,"Male",5,-0.865238095238119
29,"z0198474",19,1,26.5028696051423,"Male",5,7.50286960514228
29,"z0198475",40,1,23.3009271822705,"Male",3,-16.6990728177295
29,"z0187739",23,1,27.0626657196969,"Female",3,4.0626657196969
30,"z0023316",6,1,9.5304184297132,"Male",4,3.5304184297132
30,"z0023318",11,1,8.90212620027429,"Female",4,-2.09787379972571
30,"z0023319",26,1,22.2578577898551,"Male",4,-3.7421422101449
30,"z0033906",15,1,20.3266383781235,"Male",5,5.32663837812355
30,"z0033908",6,1,24.3525196486361,"Male",5,18.3525196486361
30,"z0045925",24,1,22.2946896551724,"Male",4,-1.70531034482756
30,"z0045931",7,1,7.15569047619039,"Male",4,0.15569047619039
30,"z0049051",37,1,22.1061056105611,"Female",4,-14.8938943894389
30,"z0049052",34,1,21.7226142017187,"Male",4,-12.2773857982813
30,"z0061425",26,1,20.2249165474488,"Male",4,-5.77508345255124
30,"z0075660",18,1,26.0977729885057,"Male",4,8.09777298850565
30,"z0075676",9,1,11.6174919761577,"Female",4,2.61749197615774
30,"z0075677",4,1,7.79335130278517,"Female",5,3.79335130278517
30,"z0075678",7,1,15.7689485458613,"Female",4,8.7689485458613
30,"z0091277",3,1,9.35410863509746,"Female",4,6.35410863509746
30,"z0091284",3,1,8.09219717064535,"Male",4,5.09219717064535
30,"z0091285",5,1,7.63129703408579,"Male",5,2.63129703408579
30,"z0091286",14,1,10.8567765567766,"Male",4,-3.14322344322341
30,"z0092243",19,1,16.100296803653,"Female",4,-2.89970319634703
30,"z0092256",5,1,9.08619436875561,"Male",5,4.08619436875561
30,"z0098734",23,1,18.1005911778081,"Male",4,-4.89940882219189
30,"z0098735",30,1,21.8922526041667,"Male",4,-8.10774739583331
30,"z0098737",12,1,11.3541608228144,"Female",5,-0.645839177185572
30,"z0098738",19,1,18.0684444444445,"Male",4,-0.931555555555533
30,"z0098740",17,1,16.8860720973783,"Female",4,-0.113927902621725
30,"z0098745",7,1,11.6944285031086,"Male",4,4.69442850310859
30,"z0098746",32,1,20.2703784570597,"Male",4,-11.7296215429403
30,"z0102483",5,1,8.1605525362318,"Male",5,3.1605525362318
30,"z0102500",12,1,13.0685105363985,"Male",4,1.06851053639849
30,"z0123188",24,1,24.3032608695652,"Female",5,0.303260869565165
30,"z0132632",34,1,24.9861183637945,"Female",4,-9.01388163620548
30,"z0132634",12,1,12.6312194036493,"Female",4,0.63121940364934
30,"z0132658",36,1,21.6021094112193,"Male",4,-14.3978905887807
30,"z0132660",23,1,20.5406542056075,"Male",4,-2.4593457943925
30,"z0160208",21,1,24.8531339031338,"Female",5,3.85313390313384
30,"z0175867",9,1,18.6187849162011,"Female",4,9.61878491620114
30,"z0175874",20,1,15.3458963778084,"Male",4,-4.65410362219164
30,"z0175876",12,1,20.1725335249042,"Male",5,8.17253352490424
30,"z0175877",32,1,23.3809590973202,"Female",4,-8.61904090267985
30,"z0178364",10,1,17.7217479674797,"Female",5,7.72174796747968
30,"z0183541",32,1,20.8792757417103,"Male",4,-11.1207242582897
30,"z0183543",4,1,7.7979999999999,"Male",5,3.7979999999999
30,"z0183544",11,1,9.42355371900823,"Female",5,-1.57644628099177
30,"z0186433",21,1,21.6468857388316,"Male",5,0.646885738831649
30,"z0190863",11,1,13.1005298013245,"Female",5,2.10052980132452
30,"z0190867",7,1,8.92486810551555,"Female",4,1.92486810551555
30,"z0196956",13,1,18.9770488029466,"Male",5,5.97704880294662
30,"z0198374",16,1,22.2743951612903,"Male",4,6.27439516129034
30,"z0198473",25,1,20.1487849610271,"Male",5,-4.85121503897293
30,"z0198474",19,1,25.087579042457,"Male",5,6.08757904245702
31,"z0018943",10,0.6,16.3477371113735,"Female",3,6.34773711137347
31,"z0018944",10,0.6,16.019825708061,"Male",3,6.019825708061
31,"z0018945",22,0.6,25.5594986290638,"Female",3,3.5594986290638
31,"z0023316",6,0.8,8.59295154185022,"Male",4,2.59295154185022
31,"z0023317",25,0.6,23.3823153692615,"Male",3,-1.61768463073853
31,"z0023318",11,0.8,9.21523268398273,"Female",4,-1.78476731601727
31,"z0023319",26,0.8,21.4545297882817,"Male",4,-4.54547021171834
31,"z0023321",11,0.6,10.9952566964286,"Female",3,-0.00474330357140929
31,"z0027453",6,0.6,10.4662532882375,"Female",3,4.46625328823752
31,"z0027455",10,0.4,9.22283045977005,"Female",2,-0.77716954022995
31,"z0033888",6,0.6,7.86848314606737,"Female",3,1.86848314606737
31,"z0033893",15,0.4,15.6469081272085,"Male",2,0.646908127208473
31,"z0033898",10,0.6,12.3603840417599,"Male",3,2.36038404175993
31,"z0033906",15,1,20.1285899935023,"Male",5,5.12858999350227
31,"z0033908",6,1,24.3199047619048,"Male",5,18.3199047619048
31,"z0041286",28,0.6,21.5232407407408,"Male",3,-6.47675925925924
31,"z0045921",10,0.4,24.7056453900709,"Female",2,14.7056453900709
31,"z0045925",24,0.8,23.2008384146342,"Male",4,-0.79916158536583
31,"z0045931",7,0.8,5.68576604554861,"Male",4,-1.31423395445139
31,"z0049046",6,0.6,10.9506495916853,"Female",3,4.95064959168526
31,"z0049048",11,0.4,16.1314974182444,"Male",2,5.1314974182444
31,"z0049050",11,0.6,23.6476111111111,"Male",3,12.6476111111111
31,"z0049051",37,0.8,21.8312769010044,"Female",4,-15.1687230989956
31,"z0049052",34,0.8,22.1728097459824,"Male",4,-11.8271902540176
31,"z0061425",26,0.8,20.1982931726908,"Male",4,-5.80170682730923
31,"z0071016",8,0.6,10.2624505146477,"Male",3,2.26245051464767
31,"z0075660",18,0.8,24.1445115810675,"Male",4,6.14451158106748
31,"z0075663",18,0.6,19.8659454191034,"Male",3,1.86594541910335
31,"z0075665",27,0.6,23.6613534675615,"Female",3,-3.33864653243851
31,"z0075676",9,0.8,9.73368621064066,"Female",4,0.733686210640663
31,"z0075677",4,1,6.54989939637828,"Female",5,2.54989939637828
31,"z0075678",7,0.8,16.096619047619,"Female",4,9.09661904761905
31,"z0091082",7,0.6,7.28293695734231,"Female",3,0.282936957342312
31,"z0091085",19,0.6,16.5881913303438,"Female",3,-2.4118086696562
31,"z0091275",3,0.6,9.40565440885724,"Male",3,6.40565440885724
31,"z0091276",10,0.4,26.4156596614126,"Female",2,16.4156596614126
31,"z0091277",3,0.8,8.24184895833333,"Female",4,5.24184895833333
31,"z0091284",3,0.8,7.70518916155419,"Male",4,4.70518916155419
31,"z0091285",5,1,6.69509609012594,"Male",5,1.69509609012594
31,"z0091286",14,0.8,10.3563829787235,"Male",4,-3.64361702127655
31,"z0092243",19,0.8,15.9561390157281,"Female",4,-3.04386098427195
31,"z0092256",5,1,7.21072796934869,"Male",5,2.21072796934869
31,"z0098734",23,0.8,17.8167446697868,"Male",4,-5.18325533021322
31,"z0098735",30,0.8,22.5577961019491,"Male",4,-7.44220389805092
31,"z0098736",15,0.6,9.34165725047078,"Female",3,-5.65834274952922
31,"z0098737",12,1,9.8995169082126,"Female",5,-2.1004830917874
31,"z0098738",19,0.8,18.7123802681992,"Male",4,-0.287619731800781
31,"z0098740",17,0.8,17.2613602391629,"Female",4,0.261360239162929
31,"z0098744",6,0.4,9.04826689774689,"Male",2,3.04826689774689
31,"z0098745",7,0.8,10.8488825487399,"Male",4,3.84888254873995
31,"z0098746",32,0.8,19.3541044776119,"Male",4,-12.6458955223881
31,"z0102483",5,1,6.94859649122811,"Male",5,1.94859649122811
31,"z0102484",13,0.6,15.1748460354118,"Female",3,2.17484603541184
31,"z0102485",21,0.4,26.0664824263038,"Male",2,5.06648242630377
31,"z0102500",12,0.8,13.53471118177,"Male",4,1.53471118176999
31,"z0123188",24,1,24.963056680162,"Female",5,0.963056680161976
31,"z0132631",15,0.6,18.7858414239482,"Female",3,3.78584142394821
31,"z0132632",34,0.8,25.0164427860696,"Female",4,-8.98355721393037
31,"z0132634",12,0.8,12.945473574045,"Female",4,0.945473574044991
31,"z0132639",29,0.6,22.9657184536834,"Female",3,-6.03428154631658
31,"z0132641",21,0.6,22.8390524726312,"Male",3,1.83905247263116
31,"z0132642",11,0.4,7.86772841575851,"Female",2,-3.13227158424149
31,"z0132658",36,0.8,20.0929741151611,"Male",4,-15.9070258848389
31,"z0132659",27,0.6,22.5772811918063,"Female",3,-4.42271880819368
31,"z0132660",23,0.8,21.565728056824,"Male",4,-1.434271943176
31,"z0160208",21,1,24.0103190767142,"Female",5,3.01031907671424
31,"z0175867",9,0.8,18.7104465709729,"Female",4,9.71044657097288
31,"z0175874",20,0.8,13.8005416051206,"Male",4,-6.19945839487938
31,"z0175876",12,1,18.186876155268,"Male",5,6.18687615526802
31,"z0175877",32,0.8,22.4157208588958,"Female",4,-9.58427914110424
31,"z0178364",10,1,16.3853955375254,"Female",5,6.38539553752535
31,"z0183541",32,0.8,21.0131298449613,"Male",4,-10.9868701550387
31,"z0183543",4,1,7.06663265306127,"Male",5,3.06663265306127
31,"z0183544",11,1,9.08628979857055,"Female",5,-1.91371020142945
31,"z0186431",8,0.4,10.3212197863968,"Male",2,2.3212197863968
31,"z0186433",21,1,20.2159974506055,"Male",5,-0.784002549394529
31,"z0186434",22,0.6,20.5623717217788,"Male",3,-1.43762827822117
31,"z0186435",30,0.6,12.7819156670302,"Male",3,-17.2180843329698
31,"z0186450",4,0.6,6.70587690025947,"Male",3,2.70587690025947
31,"z0190863",11,1,11.1979166666667,"Female",5,0.197916666666679
31,"z0190867",7,0.8,7.75333333333333,"Female",4,0.75333333333333
31,"z0196956",13,1,22.4572327044025,"Male",5,9.45723270440254
31,"z0198374",16,0.8,21.0065702688991,"Male",4,5.00657026889908
31,"z0198377",35,0.6,23.2415744837758,"Female",3,-11.7584255162242
31,"z0198473",25,1,22.6868627450981,"Male",5,-2.31313725490193
31,"z0198474",19,1,25.8158612143742,"Male",5,6.81586121437424
31,"z0198475",40,0.6,22.5610282874618,"Male",3,-17.4389717125382
31,"z0187739",23,0.6,26.307669285447,"Female",3,3.307669285447
31,"z0045928",22,0.4,21.3831026528258,"Female",2,-0.616897347174181
32,"z0018943",10,0.6,16.8279199110122,"Female",3,6.82791991101223
32,"z0018944",10,0.6,16.4574411134904,"Male",3,6.45744111349037
32,"z0018945",22,0.6,25.7482246376811,"Female",3,3.7482246376811
32,"z0023316",6,0.8,8.54834960483493,"Male",4,2.54834960483493
32,"z0023317",25,0.6,23.9153129395218,"Male",3,-1.08468706047825
32,"z0023318",11,0.8,9.65839294229852,"Female",4,-1.34160705770148
32,"z0023319",26,0.8,21.7173459485687,"Male",4,-4.28265405143133
32,"z0023321",11,0.6,11.1297787450127,"Female",3,0.129778745012686
32,"z0027453",6,0.6,10.4437728937729,"Female",3,4.44377289377286
32,"z0033888",6,0.6,7.7425485961122,"Female",3,1.7425485961122
32,"z0033898",10,0.6,12.4058887677209,"Male",3,2.40588876772086
32,"z0033906",15,1,19.6764779874214,"Male",5,4.67647798742137
32,"z0033908",6,1,24.7212980466289,"Male",5,18.7212980466289
32,"z0041286",28,0.6,21.794959077381,"Male",3,-6.20504092261903
32,"z0045925",24,0.8,23.5164602683179,"Male",4,-0.483539731682132
32,"z0045931",7,0.8,5.61719500480298,"Male",4,-1.38280499519702
32,"z0049046",6,0.6,11.4834582441113,"Female",3,5.48345824411134
32,"z0049050",11,0.6,24.2037118706357,"Male",3,13.2037118706357
32,"z0049051",37,0.8,21.2933569739953,"Female",4,-15.7066430260047
32,"z0049052",34,0.8,22.3421882581271,"Male",4,-11.6578117418729
32,"z0061425",26,0.8,21.0937331536388,"Male",4,-4.90626684636118
32,"z0071016",8,0.6,10.0788604305864,"Male",3,2.07886043058645
32,"z0075660",18,0.8,25.8007417709781,"Male",4,7.80074177097815
32,"z0075663",18,0.6,20.1655785273849,"Male",3,2.16557852738486
32,"z0075665",27,0.6,24.0404502541757,"Female",3,-2.9595497458243
32,"z0075676",9,0.8,9.83586854460092,"Female",4,0.835868544600919
32,"z0075677",4,1,6.62826510721246,"Female",5,2.62826510721246
32,"z0075678",7,0.8,16.0493127147766,"Female",4,9.04931271477664
32,"z0091082",7,0.6,7.77816523605143,"Female",3,0.778165236051427
32,"z0091085",19,0.6,16.8086659475009,"Female",3,-2.1913340524991
32,"z0091275",3,0.6,9.28323139653408,"Male",3,6.28323139653408
32,"z0091277",3,0.8,8.25260707635003,"Female",4,5.25260707635003
32,"z0091284",3,0.8,7.80861232411444,"Male",4,4.80861232411444
32,"z0091285",5,1,7.03958718422672,"Male",5,2.03958718422672
32,"z0091286",14,0.8,10.2541436464088,"Male",4,-3.74585635359116
32,"z0092243",19,0.8,16.7991573033708,"Female",4,-2.20084269662921
32,"z0092256",5,1,6.98981663392272,"Male",5,1.98981663392272
32,"z0098734",23,0.8,17.9435969868173,"Male",4,-5.05640301318267
32,"z0098735",30,0.8,21.707917820868,"Male",4,-8.29208217913202
32,"z0098736",15,0.6,9.4335908756438,"Female",3,-5.5664091243562
32,"z0098737",12,1,10.000380785003,"Female",5,-1.99961921499704
32,"z0098738",19,0.8,19.5994307832422,"Male",4,0.599430783242237
32,"z0098740",17,0.8,16.821144278607,"Female",4,-0.178855721393038
32,"z0098745",7,0.8,10.6537664783428,"Male",4,3.65376647834277
32,"z0098746",32,0.8,20.2757341576507,"Male",4,-11.7242658423493
32,"z0102483",5,1,6.94103277674703,"Male",5,1.94103277674703
32,"z0102484",13,0.6,15.669305856833,"Female",3,2.66930585683298
32,"z0102500",12,0.8,13.642631826742,"Male",4,1.64263182674198
32,"z0123188",24,1,25.798600973236,"Female",5,1.798600973236
32,"z0132631",15,0.6,18.2045522110739,"Female",3,3.20455221107393
32,"z0132632",34,0.8,25.5860499265785,"Female",4,-8.41395007342147
32,"z0132634",12,0.8,12.8340940525588,"Female",4,0.834094052558793
32,"z0132639",29,0.6,22.702475780409,"Female",3,-6.29752421959098
32,"z0132641",21,0.6,22.9157253599114,"Male",3,1.9157253599114
32,"z0132658",36,0.8,20.7446009389671,"Male",4,-15.2553990610329
32,"z0132659",27,0.6,23.4201040505388,"Female",3,-3.5798959494612
32,"z0132660",23,0.8,21.3847708894879,"Male",4,-1.61522911051212
32,"z0160208",21,1,24.9299603174603,"Female",5,3.92996031746035
32,"z0175867",9,0.8,17.6146769662921,"Female",4,8.61467696629214
32,"z0175874",20,0.8,13.4800403225806,"Male",4,-6.51995967741937
32,"z0175876",12,1,19.4715873015873,"Male",5,7.4715873015873
32,"z0175877",32,0.8,23.3151340996169,"Female",4,-8.68486590038314
32,"z0178364",10,1,16.8076825396825,"Female",5,6.80768253968254
32,"z0183541",32,0.8,21.1905723905724,"Male",4,-10.8094276094276
32,"z0183543",4,1,7.48783171521038,"Male",5,3.48783171521038
32,"z0183544",11,1,9.25077519379848,"Female",5,-1.74922480620152
32,"z0186433",21,1,20.2606934731934,"Male",5,-0.739306526806555
32,"z0186434",22,0.6,20.7484663710274,"Male",3,-1.25153362897263
32,"z0186435",30,0.6,12.6997159090909,"Male",3,-17.3002840909091
32,"z0186450",4,0.6,6.53271604938261,"Male",3,2.53271604938261
32,"z0190863",11,1,11.0517878787879,"Female",5,0.0517878787878914
32,"z0190867",7,0.8,7.55902290790083,"Female",4,0.559022907900834
32,"z0196956",13,1,21.5535759897829,"Male",5,8.55357598978287
32,"z0198374",16,0.8,20.7442380952381,"Male",4,4.7442380952381
32,"z0198377",35,0.6,23.3359706959707,"Female",3,-11.6640293040293
32,"z0198473",25,1,22.4627176616916,"Male",5,-2.53728233830845
32,"z0198474",19,1,26.5785757031717,"Male",5,7.57857570317173
32,"z0198475",40,0.6,23.2860312389066,"Male",3,-16.7139687610934
32,"z0187739",23,0.6,27.527593440122,"Female",3,4.52759344012195
33,"z0023316",6,0.8,9.31040650406497,"Male",4,3.31040650406497
33,"z0023318",11,0.8,9.31251099384339,"Female",4,-1.68748900615661
33,"z0023319",26,0.8,22.5779562982005,"Male",4,-3.42204370179949
33,"z0033906",15,1,19.8627708978328,"Male",5,4.86277089783284
33,"z0033908",6,1,23.6683944710261,"Male",5,17.6683944710261
33,"z0045925",24,0.8,21.9453276699029,"Male",4,-2.05467233009706
33,"z0045931",7,0.8,6.71756138160624,"Male",4,-0.282438618393764
33,"z0049051",37,0.8,20.8078859758635,"Female",4,-16.1921140241365
33,"z0049052",34,0.8,22.0859791949344,"Male",4,-11.9140208050656
33,"z0061425",26,0.8,20.3508313057583,"Male",4,-5.64916869424166
33,"z0075660",18,0.8,24.9120486985726,"Male",4,6.91204869857258
33,"z0075676",9,0.8,11.0827858081472,"Female",4,2.08278580814719
33,"z0075677",4,1,7.87890539053902,"Female",5,3.87890539053902
33,"z0075678",7,0.8,16.04652417962,"Female",4,9.04652417962003
33,"z0091277",3,0.8,8.9861728395061,"Female",4,5.9861728395061
33,"z0091284",3,0.8,7.78273580879204,"Male",4,4.78273580879204
33,"z0091285",5,1,7.32673448095979,"Male",5,2.32673448095979
33,"z0091286",14,0.8,11.2266418835192,"Male",4,-2.77335811648078
33,"z0092243",19,0.8,16.679734361611,"Female",4,-2.32026563838903
33,"z0092256",5,1,8.93823839662446,"Male",5,3.93823839662446
33,"z0098734",23,0.8,17.6324503311258,"Male",4,-5.36754966887415
33,"z0098735",30,0.8,21.6482692307693,"Male",4,-8.35173076923075
33,"z0098737",12,1,11.6259370314843,"Female",5,-0.374062968515718
33,"z0098738",19,0.8,17.9242785445421,"Male",4,-1.07572145545794
33,"z0098740",17,0.8,16.4718875502008,"Female",4,-0.528112449799199
33,"z0098745",7,0.8,11.6386683209264,"Male",4,4.63866832092642
33,"z0098746",32,0.8,20.6375757575758,"Male",4,-11.3624242424242
33,"z0102483",5,1,7.94709455890117,"Male",5,2.94709455890117
33,"z0102500",12,0.8,12.5015631601183,"Male",4,0.501563160118314
33,"z0123188",24,1,24.4125560538116,"Female",5,0.412556053811631
33,"z0132632",34,0.8,24.2362889983579,"Female",4,-9.76371100164211
33,"z0132634",12,0.8,12.4780827886711,"Female",4,0.478082788671053
33,"z0132658",36,0.8,21.1107006369427,"Male",4,-14.8892993630573
33,"z0132660",23,0.8,20.0077441077441,"Male",4,-2.99225589225587
33,"z0160208",21,1,24.5457742782152,"Female",5,3.54577427821521
33,"z0175867",9,0.8,18.2434161490683,"Female",4,9.24341614906834
33,"z0175874",20,0.8,14.2351059494703,"Male",4,-5.76489405052972
33,"z0175876",12,1,19.4879421221865,"Male",5,7.48794212218652
33,"z0175877",32,0.8,22.582169117647,"Female",4,-9.41783088235298
33,"z0178364",10,1,17.3178868552413,"Female",5,7.31788685524126
33,"z0183541",32,0.8,20.1376235666271,"Male",4,-11.8623764333729
33,"z0183543",4,1,7.75131512392507,"Male",5,3.75131512392507
33,"z0183544",11,1,9.39967793880838,"Female",5,-1.60032206119162
33,"z0186433",21,1,21.3202688172043,"Male",5,0.320268817204322
33,"z0190863",11,1,13.328085443038,"Female",5,2.328085443038
33,"z0190867",7,0.8,8.90427728613563,"Female",4,1.90427728613563
33,"z0196956",13,1,18.4596174004193,"Male",5,5.4596174004193
33,"z0198374",16,0.8,22.5087595907928,"Male",4,6.50875959079283
33,"z0198473",25,1,20.046348733234,"Male",5,-4.953651266766
33,"z0198474",19,1,25.7346066779852,"Male",5,6.73460667798525
34,"z0018943",10,0.55,16.5271352985639,"Female",3,6.52713529856387
34,"z0018944",10,0.55,16.4155281821575,"Male",3,6.41552818215752
34,"z0018945",22,0.55,25.3409659090909,"Female",3,3.34096590909086
34,"z0023316",6,0.75,8.20904761904761,"Male",4,2.20904761904761
34,"z0023317",25,0.55,23.5631354287932,"Male",3,-1.43686457120684
34,"z0023318",11,0.75,9.31551724137933,"Female",4,-1.68448275862067
34,"z0023319",26,0.75,21.6117083946981,"Male",4,-4.38829160530187
34,"z0023321",11,0.55,10.9333908707327,"Female",3,-0.0666091292673379
34,"z0027453",6,0.55,10.5025641025641,"Female",3,4.50256410256411
34,"z0027455",10,0.2,9.14998880680537,"Female",2,-0.850011193194632
34,"z0033888",6,0.55,7.67358823529403,"Female",3,1.67358823529403
34,"z0033893",15,0.2,16.21002852754,"Male",2,1.21002852754005
34,"z0033898",10,0.55,12.4568435217225,"Male",3,2.45684352172246
34,"z0033906",15,1,19.0800766283525,"Male",5,4.08007662835248
34,"z0033908",6,1,23.9204459561603,"Male",5,17.9204459561603
34,"z0041286",28,0.55,21.746455150803,"Male",3,-6.25354484919698
34,"z0045921",10,0.2,24.6297330641542,"Female",2,14.6297330641542
34,"z0045925",24,0.75,23.969842519685,"Male",4,-0.0301574803149514
34,"z0045931",7,0.75,5.48972134595158,"Male",4,-1.51027865404842
34,"z0049046",6,0.55,11.5488789237669,"Female",3,5.54887892376686
34,"z0049048",11,0.2,16.4914331282752,"Male",2,5.49143312827524
34,"z0049050",11,0.55,23.9685344827586,"Male",3,12.9685344827586
34,"z0049051",37,0.75,22.1907688416794,"Female",4,-14.8092311583206
34,"z0049052",34,0.75,21.8310796645703,"Male",4,-12.1689203354297
34,"z0061425",26,0.75,20.1679718875502,"Male",4,-5.83202811244979
34,"z0071016",8,0.55,10.2206513409962,"Male",3,2.22065134099617
34,"z0075660",18,0.75,24.8517696777602,"Male",4,6.85176967776018
34,"z0075663",18,0.55,20.0368380062306,"Male",3,2.03683800623057
34,"z0075665",27,0.55,23.7946987032799,"Female",3,-3.20530129672007
34,"z0075676",9,0.75,9.99969650986348,"Female",4,0.999696509863478
34,"z0075677",4,1,6.72328818660652,"Female",5,2.72328818660652
34,"z0075678",7,0.75,16.0552536231884,"Female",4,9.05525362318841
34,"z0091082",7,0.55,7.34896322378712,"Female",3,0.348963223787118
34,"z0091085",19,0.55,16.8960650775634,"Female",3,-2.10393492243662
34,"z0091275",3,0.55,9.49450631031921,"Male",3,6.49450631031921
34,"z0091276",10,0.2,26.0624301363737,"Female",2,16.0624301363737
34,"z0091277",3,0.75,8.28596205962061,"Female",4,5.28596205962061
34,"z0091284",3,0.75,7.37622863247863,"Male",4,4.37622863247863
34,"z0091285",5,1,6.5598130841122,"Male",5,1.55981308411221
34,"z0091286",14,0.75,10.2169526781072,"Male",4,-3.78304732189283
34,"z0092243",19,0.75,16.6772357723577,"Female",4,-2.32276422764228
34,"z0092256",5,1,6.97094696969704,"Male",5,1.97094696969704
34,"z0098734",23,0.75,18.1939960139512,"Male",4,-4.80600398604884
34,"z0098735",30,0.75,21.6415662650603,"Male",4,-8.35843373493972
34,"z0098736",15,0.55,9.36113619262601,"Female",3,-5.63886380737399
34,"z0098737",12,1,10.093922852984,"Female",5,-1.90607714701599
34,"z0098738",19,0.75,19.1200250626566,"Male",4,0.120025062656634
34,"z0098740",17,0.75,17.7182564917859,"Female",4,0.718256491785894
34,"z0098744",6,0.2,8.90692582663081,"Male",2,2.90692582663081
34,"z0098745",7,0.75,10.8794342507646,"Male",4,3.87943425076459
34,"z0098746",32,0.75,19.5969331322272,"Male",4,-12.4030668677728
34,"z0102483",5,1,6.80135829662264,"Male",5,1.80135829662264
34,"z0102484",13,0.55,15.1070876786404,"Female",3,2.10708767864039
34,"z0102485",21,0.2,26.1748253324317,"Male",2,5.17482533243173
34,"z0102500",12,0.75,13.8273772204807,"Male",4,1.82737722048066
34,"z0123188",24,1,25.9168864468865,"Female",5,1.91688644688649
34,"z0132631",15,0.55,18.7130564908343,"Female",3,3.71305649083427
34,"z0132632",34,0.75,25.0824060150376,"Female",4,-8.91759398496242
34,"z0132634",12,0.75,12.2014660493827,"Female",4,0.201466049382729
34,"z0132639",29,0.55,22.723595292331,"Female",3,-6.27640470766896
34,"z0132641",21,0.55,22.62,"Male",3,1.61999999999999
34,"z0132642",11,0.2,7.86025290498964,"Female",2,-3.13974709501036
34,"z0132658",36,0.75,20.5087209302326,"Male",4,-15.4912790697674
34,"z0132659",27,0.55,23.0826282804544,"Female",3,-3.91737171954564
34,"z0132660",23,0.75,21.2779752704792,"Male",4,-1.72202472952083
34,"z0160208",21,1,23.4485838779957,"Female",5,2.44858387799567
34,"z0175867",9,0.75,17.8339097744361,"Female",4,8.83390977443608
34,"z0175874",20,0.75,13.6458203530633,"Male",4,-6.35417964693667
34,"z0175876",12,1,18.6907643312102,"Male",5,6.69076433121018
34,"z0175877",32,0.75,22.9490041928722,"Female",4,-9.05099580712784
34,"z0178364",10,1,16.079899691358,"Female",5,6.07989969135802
34,"z0183541",32,0.75,21.4256625891947,"Male",4,-10.5743374108053
34,"z0183543",4,1,7.09037037037044,"Male",5,3.09037037037044
34,"z0183544",11,1,9.02985347985352,"Female",5,-1.97014652014648
34,"z0186431",8,0.2,10.133937115516,"Male",2,2.13393711551598
34,"z0186433",21,1,20.605223880597,"Male",5,-0.394776119402998
34,"z0186434",22,0.55,20.955076419214,"Male",3,-1.04492358078598
34,"z0186435",30,0.55,13.1111685823755,"Male",3,-16.8888314176245
34,"z0186450",4,0.55,6.56724330357136,"Male",3,2.56724330357136
34,"z0190863",11,1,10.6216049382716,"Female",5,-0.378395061728387
34,"z0190867",7,0.75,7.81258611552729,"Female",4,0.812586115527292
34,"z0196956",13,1,22.6032305433187,"Male",5,9.60323054331867
34,"z0198374",16,0.75,21.0670646766169,"Male",4,5.06706467661695
34,"z0198377",35,0.55,22.9044720030064,"Female",3,-12.0955279969936
34,"z0198473",25,1,21.8312596006144,"Male",5,-3.16874039938556
34,"z0198474",19,1,26.2595824011932,"Male",5,7.25958240119317
34,"z0198475",40,0.55,23.3488317757009,"Male",3,-16.6511682242991
34,"z0187739",23,0.55,26.8984699453551,"Female",3,3.89846994535512
34,"z0045928",22,0.2,21.0634958791209,"Female",2,-0.936504120879142
35,"z0018943",10,0.55,16.738025210084,"Female",3,6.73802521008403
35,"z0018944",10,0.55,15.9731560283688,"Male",3,5.9731560283688
35,"z0018945",22,0.55,25.9141666666666,"Female",3,3.91416666666661
35,"z0023316",6,0.75,8.48667143538383,"Male",4,2.48667143538383
35,"z0023317",25,0.55,23.2485342019544,"Male",3,-1.75146579804562
35,"z0023318",11,0.75,9.1114098837209,"Female",4,-1.8885901162791
35,"z0023319",26,0.75,21.2706857402362,"Male",4,-4.72931425976384
35,"z0023321",11,0.55,11.1109346476816,"Female",3,0.110934647681615
35,"z0027453",6,0.55,10.3920793818054,"Female",3,4.39207938180536
35,"z0033888",6,0.55,7.70565476190466,"Female",3,1.70565476190466
35,"z0033898",10,0.55,12.4801687763713,"Male",3,2.48016877637134
35,"z0033906",15,1,19.7706807964033,"Male",5,4.77068079640333
35,"z0033908",6,1,24.2978382147838,"Male",5,18.2978382147838
35,"z0041286",28,0.55,21.4487984895297,"Male",3,-6.55120151047029
35,"z0045925",24,0.75,23.8652621722846,"Male",4,-0.134737827715369
35,"z0045931",7,0.75,5.36301652892553,"Male",4,-1.63698347107447
35,"z0049046",6,0.55,11.4728153629316,"Female",3,5.47281536293162
35,"z0049050",11,0.55,24.124125995154,"Male",3,13.124125995154
35,"z0049051",37,0.75,21.882554517134,"Female",4,-15.117445482866
35,"z0049052",34,0.75,22.1734879490678,"Male",4,-11.8265120509322
35,"z0061425",26,0.75,20.9303536821705,"Male",4,-5.06964631782945
35,"z0071016",8,0.55,9.80327665603962,"Male",3,1.80327665603962
35,"z0075660",18,0.75,25.4645316804407,"Male",4,7.46453168044073
35,"z0075663",18,0.55,19.9967346938776,"Male",3,1.99673469387756
35,"z0075665",27,0.55,24.2428830791575,"Female",3,-2.75711692084246
35,"z0075676",9,0.75,9.53949640287768,"Female",4,0.539496402877681
35,"z0075677",4,1,6.7838775510204,"Female",5,2.7838775510204
35,"z0075678",7,0.75,16.606152758133,"Female",4,9.60615275813296
35,"z0091082",7,0.55,7.40551888522176,"Female",3,0.405518885221758
35,"z0091085",19,0.55,16.5190375834211,"Female",3,-2.48096241657885
35,"z0091275",3,0.55,9.55600632244461,"Male",3,6.55600632244461
35,"z0091277",3,0.75,7.97435897435892,"Female",4,4.97435897435892
35,"z0091284",3,0.75,7.84024167806651,"Male",4,4.84024167806651
35,"z0091285",5,1,7.01474728087011,"Male",5,2.01474728087011
35,"z0091286",14,0.75,9.82096551724136,"Male",4,-4.17903448275864
35,"z0092243",19,0.75,16.3326023391813,"Female",4,-2.66739766081871
35,"z0092256",5,1,6.87575757575755,"Male",5,1.87575757575755
35,"z0098734",23,0.75,18.7992544492544,"Male",4,-4.20074555074555
35,"z0098735",30,0.75,21.9120697784064,"Male",4,-8.08793022159355
35,"z0098736",15,0.55,9.57085113960108,"Female",3,-5.42914886039892
35,"z0098737",12,1,9.60204861111113,"Female",5,-2.39795138888887
35,"z0098738",19,0.75,19.3529371584699,"Male",4,0.352937158469928
35,"z0098740",17,0.75,16.8065028901734,"Female",4,-0.193497109826588
35,"z0098745",7,0.75,10.627062937063,"Male",4,3.62706293706295
35,"z0098746",32,0.75,20.4354395604396,"Male",4,-11.5645604395604
35,"z0102483",5,1,7.07256874580817,"Male",5,2.07256874580817
35,"z0102484",13,0.55,15.5345350052247,"Female",3,2.53453500522466
35,"z0102500",12,0.75,13.6719546742209,"Male",4,1.67195467422095
35,"z0123188",24,1,25.9049132947977,"Female",5,1.90491329479769
35,"z0132631",15,0.55,18.599142550911,"Female",3,3.59914255091103
35,"z0132632",34,0.75,24.9471321109544,"Female",4,-9.05286788904564
35,"z0132634",12,0.75,12.62775472568,"Female",4,0.627754725680045
35,"z0132639",29,0.55,22.9754726890756,"Female",3,-6.0245273109244
35,"z0132641",21,0.55,22.7536059351276,"Male",3,1.75360593512764
35,"z0132658",36,0.75,20.48129395218,"Male",4,-15.51870604782
35,"z0132659",27,0.55,22.8464337700145,"Female",3,-4.15356622998547
35,"z0132660",23,0.75,21.5731718898386,"Male",4,-1.42682811016142
35,"z0160208",21,1,25.4055668703327,"Female",5,4.40556687033268
35,"z0175867",9,0.75,18.3179206566347,"Female",4,9.31792065663474
35,"z0175874",20,0.75,13.0274003623188,"Male",4,-6.97259963768115
35,"z0175876",12,1,19.2700564971751,"Male",5,7.27005649717514
35,"z0175877",32,0.75,23.0427259887006,"Female",4,-8.95727401129941
35,"z0178364",10,1,16.0885214007782,"Female",5,6.08852140077821
35,"z0183541",32,0.75,21.4682142857143,"Male",4,-10.5317857142857
35,"z0183543",4,1,7.3934164934165,"Male",5,3.3934164934165
35,"z0183544",11,1,9.3328920570265,"Female",5,-1.6671079429735
35,"z0186433",21,1,20.8798838797814,"Male",5,-0.120116120218597
35,"z0186434",22,0.55,20.4943505807814,"Male",3,-1.50564941921856
35,"z0186435",30,0.55,12.7165783898305,"Male",3,-17.2834216101695
35,"z0186450",4,0.55,6.60343241330491,"Male",3,2.60343241330491
35,"z0190863",11,1,11.1752594033723,"Female",5,0.175259403372252
35,"z0190867",7,0.75,7.7048992673992,"Female",4,0.704899267399199
35,"z0196956",13,1,21.5553155006859,"Male",5,8.55531550068586
35,"z0198374",16,0.75,21.409282700422,"Male",4,5.40928270042196
35,"z0198377",35,0.55,23.4045276292335,"Female",3,-11.5954723707665
35,"z0198473",25,1,22.3779810298103,"Male",5,-2.62201897018969
35,"z0198474",19,1,26.86059972106,"Male",5,7.86059972105997
35,"z0198475",40,0.55,23.3782794500185,"Male",3,-16.6217205499815
35,"z0187739",23,0.55,26.807179752066,"Female",3,3.80717975206603
36,"z0023316",6,0.75,9.57989690721645,"Male",4,3.57989690721645
36,"z0023318",11,0.75,8.74449897750503,"Female",4,-2.25550102249497
36,"z0023319",26,0.75,21.8678895463511,"Male",4,-4.13211045364893
36,"z0033906",15,1,19.9555051421658,"Male",5,4.95550514216579
36,"z0033908",6,1,24.1538525963149,"Male",5,18.1538525963149
36,"z0045925",24,0.75,21.8652443910256,"Male",4,-2.13475560897436
36,"z0045931",7,0.75,6.95618932038821,"Male",4,-0.0438106796117861
36,"z0049051",37,0.75,21.3265264026403,"Female",4,-15.6734735973597
36,"z0049052",34,0.75,21.7154761904762,"Male",4,-12.2845238095238
36,"z0061425",26,0.75,19.7159670781893,"Male",4,-6.28403292181067
36,"z0075660",18,0.75,24.9059554413024,"Male",4,6.90595544130241
36,"z0075676",9,0.75,11.2303265631223,"Female",4,2.23032656312227
36,"z0075677",4,1,8.15998887033942,"Female",5,4.15998887033942
36,"z0075678",7,0.75,15.4476543209877,"Female",4,8.44765432098766
36,"z0091277",3,0.75,8.83487329434688,"Female",4,5.83487329434688
36,"z0091284",3,0.75,7.80235462735451,"Male",4,4.80235462735451
36,"z0091285",5,1,7.50420191765365,"Male",5,2.50420191765365
36,"z0091286",14,0.75,11.1814465408805,"Male",4,-2.8185534591195
36,"z0092243",19,0.75,16.177987804878,"Female",4,-2.82201219512195
36,"z0092256",5,1,9.3294117647059,"Male",5,4.3294117647059
36,"z0098734",23,0.75,17.3457446808511,"Male",4,-5.65425531914894
36,"z0098735",30,0.75,21.0801507537689,"Male",4,-8.91984924623113
36,"z0098737",12,1,11.3628540305011,"Female",5,-0.637145969498887
36,"z0098738",19,0.75,17.8703751065644,"Male",4,-1.12962489343562
36,"z0098740",17,0.75,16.5325203252033,"Female",4,-0.467479674796749
36,"z0098745",7,0.75,11.3044087350639,"Male",4,4.30440873506388
36,"z0098746",32,0.75,20.6208435708436,"Male",4,-11.3791564291564
36,"z0102483",5,1,8.02753387533872,"Male",5,3.02753387533872
36,"z0102500",12,0.75,12.8219576719577,"Male",4,0.8219576719577
36,"z0123188",24,1,23.9219696969697,"Female",5,-0.0780303030303031
36,"z0132632",34,0.75,24.5193456032719,"Female",4,-9.48065439672809
36,"z0132634",12,0.75,12.8361043689321,"Female",4,0.836104368932059
36,"z0132658",36,0.75,21.3008240626288,"Male",4,-14.6991759373712
36,"z0132660",23,0.75,20.2883813099708,"Male",4,-2.71161869002918
36,"z0160208",21,1,24.0497817785052,"Female",5,3.04978177850519
36,"z0175867",9,0.75,18.0496561488673,"Female",4,9.04965614886733
36,"z0175874",20,0.75,14.0498943810731,"Male",4,-5.95010561892688
36,"z0175876",12,1,18.3803104575164,"Male",5,6.38031045751635
36,"z0175877",32,0.75,22.648022933966,"Female",4,-9.35197706603404
36,"z0178364",10,1,17.3985994397759,"Female",5,7.39859943977591
36,"z0183541",32,0.75,20.0701178451179,"Male",4,-11.9298821548821
36,"z0183543",4,1,7.70836004273498,"Male",5,3.70836004273498
36,"z0183544",11,1,10.3725536368394,"Female",5,-0.627446363160626
36,"z0186433",21,1,21.185682697623,"Male",5,0.185682697623022
36,"z0190863",11,1,12.6282007896221,"Female",5,1.62820078962214
36,"z0190867",7,0.75,8.56079425433029,"Female",4,1.56079425433029
36,"z0196956",13,1,18.6112325440194,"Male",5,5.61123254401944
36,"z0198374",16,0.75,20.9585329970576,"Male",4,4.95853299705761
36,"z0198473",25,1,19.4706722689076,"Male",5,-5.52932773109242
36,"z0198474",19,1,25.1895261173936,"Male",5,6.18952611739362
37,"z0018943",10,1,16.1679094540613,"Female",3,6.16790945406125
37,"z0018944",10,1,14.5617111111111,"Male",3,4.56171111111111
37,"z0018945",22,1,24.9221389645776,"Female",3,2.9221389645776
37,"z0023316",6,1,6.91474171539954,"Male",4,0.914741715399538
37,"z0023317",25,1,24.4484848484848,"Male",3,-0.551515151515193
37,"z0023318",11,1,7.95150291610582,"Female",4,-3.04849708389418
37,"z0023319",26,1,21.2007156048015,"Male",4,-4.79928439519854
37,"z0023321",11,1,11.9572222222222,"Female",3,0.95722222222221
37,"z0027453",6,1,9.87056219566175,"Female",3,3.87056219566175
37,"z0027455",10,1,9.61428264604807,"Female",2,-0.385717353951927
37,"z0033888",6,1,8.13356385431068,"Female",3,2.13356385431068
37,"z0033893",15,1,14.5897313296903,"Male",2,-0.41026867030966
37,"z0033898",10,1,11.9383401920439,"Male",3,1.93834019204388
37,"z0033906",15,1,20.6099116997792,"Male",5,5.60991169977924
37,"z0033908",6,1,25.2107142857143,"Male",5,19.2107142857143
37,"z0041286",28,1,22.6847453703703,"Male",3,-5.31525462962966
37,"z0045921",10,1,22.5404633378317,"Female",2,12.5404633378317
37,"z0045925",24,1,22.3861534905224,"Male",4,-1.6138465094776
37,"z0045931",7,1,5.35557000433458,"Male",4,-1.64442999566542
37,"z0049046",6,1,10.5918513388735,"Female",3,4.59185133887347
37,"z0049048",11,1,14.9653103448276,"Male",2,3.96531034482758
37,"z0049050",11,1,24.9573245614035,"Male",3,13.9573245614035
37,"z0049051",37,1,23.1368645973909,"Female",4,-13.8631354026091
37,"z0049052",34,1,23.4741450068399,"Male",4,-10.5258549931601
37,"z0061425",26,1,18.6975882859604,"Male",4,-7.3024117140396
37,"z0071016",8,1,9.57644724556485,"Male",3,1.57644724556485
37,"z0075660",18,1,25.1325706594885,"Male",4,7.13257065948851
37,"z0075663",18,1,19.2697453703704,"Male",3,1.26974537037038
37,"z0075665",27,1,23.8455463728191,"Female",3,-3.15445362718095
37,"z0075676",9,1,10.0282085561497,"Female",4,1.0282085561497
37,"z0075677",4,1,5.89271264367809,"Female",5,1.89271264367809
37,"z0075678",7,1,14.6189574567555,"Female",4,7.61895745675549
37,"z0091082",7,1,6.50120345140775,"Female",3,-0.498796548592248
37,"z0091085",19,1,16.2593184979138,"Female",3,-2.74068150208623
37,"z0091086",3,1,5.03126177024476,"Female",3,2.03126177024476
37,"z0091275",3,1,9.09951117318431,"Male",3,6.09951117318431
37,"z0091276",10,1,25.0296423658872,"Female",2,15.0296423658872
37,"z0091277",3,1,7.71458916900088,"Female",4,4.71458916900088
37,"z0091284",3,1,5.90201310861417,"Male",4,2.90201310861417
37,"z0091285",5,1,5.7834471766848,"Male",5,0.783447176684804
37,"z0091286",14,1,10.2925189393939,"Male",4,-3.70748106060609
37,"z0092243",19,1,14.889899713467,"Female",4,-4.11010028653296
37,"z0092256",5,1,6.2819028156221,"Male",5,1.2819028156221
37,"z0098734",23,1,18.4893960350392,"Male",4,-4.5106039649608
37,"z0098735",30,1,24.4508724832214,"Male",4,-5.54912751677858
37,"z0098736",15,1,8.76164055700603,"Female",3,-6.23835944299397
37,"z0098737",12,1,9.24090267983071,"Female",5,-2.75909732016929
37,"z0098738",19,1,19.4003761165961,"Male",4,0.400376116596149
37,"z0098740",17,1,14.863714804723,"Female",4,-2.13628519527704
37,"z0098744",6,1,7.48230027548203,"Male",2,1.48230027548203
37,"z0098745",7,1,10.4064500941619,"Male",4,3.40645009416193
37,"z0098746",32,1,20.9430362116991,"Male",4,-11.0569637883009
37,"z0102483",5,1,6.34115226337443,"Male",5,1.34115226337443
37,"z0102484",13,1,14.9606397774687,"Female",3,1.9606397774687
37,"z0102485",21,1,27.2394144144144,"Male",2,6.23941441441436
37,"z0102500",12,1,13.4188662131519,"Male",4,1.41886621315195
37,"z0123188",24,1,24.6515862377122,"Female",5,0.651586237712209
37,"z0132631",15,1,18.4334681042228,"Female",3,3.43346810422283
37,"z0132632",34,1,26.2107227769852,"Female",4,-7.78927722301479
37,"z0132634",12,1,12.287517831669,"Female",4,0.287517831669046
37,"z0132639",29,1,24.1964351851852,"Female",3,-4.80356481481485
37,"z0132641",21,1,22.6260940409683,"Male",3,1.62609404096832
37,"z0132642",11,1,7.32205410362213,"Female",2,-3.67794589637787
37,"z0132658",36,1,19.3027243589744,"Male",4,-16.6972756410256
37,"z0132659",27,1,24.1039450354609,"Female",3,-2.89605496453905
37,"z0132660",23,1,24.7491251093613,"Male",4,1.74912510936129
37,"z0160208",21,1,23.8324191279887,"Female",5,2.83241912798871
37,"z0175867",9,1,17.2924503311258,"Female",4,8.29245033112582
37,"z0175874",20,1,13.5830825353397,"Male",4,-6.41691746466026
37,"z0175876",12,1,17.7981165133596,"Male",5,5.79811651335961
37,"z0175877",32,1,28.599484294421,"Female",4,-3.40051570557902
37,"z0178364",10,1,16.2542250233427,"Female",5,6.25422502334267
37,"z0183541",32,1,25.0335120643431,"Male",4,-6.96648793565689
37,"z0183543",4,1,4.8761702127659,"Male",5,0.876170212765896
37,"z0183544",11,1,8.94256032171577,"Female",5,-2.05743967828423
37,"z0186431",8,1,9.94676375404527,"Male",2,1.94676375404527
37,"z0186433",21,1,20.5505787037037,"Male",5,-0.449421296296304
37,"z0186434",22,1,21.1990331491712,"Male",3,-0.800966850828758
37,"z0186435",30,1,13.6817325800377,"Male",3,-16.3182674199623
37,"z0186450",4,1,5.87642329421983,"Male",3,1.87642329421983
37,"z0190863",11,1,11.2879265091863,"Female",5,0.287926509186329
37,"z0190867",7,1,7.66753449043162,"Female",4,0.667534490431622
37,"z0196956",13,1,21.8364597390913,"Male",5,8.8364597390913
37,"z0198374",16,1,19.5072289156626,"Male",4,3.50722891566265
37,"z0198377",35,1,24.1228369763205,"Female",3,-10.8771630236795
37,"z0198473",25,1,24.1128312412831,"Male",5,-0.887168758716918
37,"z0198474",19,1,25.0263664874551,"Male",5,6.02636648745515
37,"z0198475",40,1,25.5013080739738,"Male",3,-14.4986919260262
37,"z0187739",23,1,25.5081657088122,"Female",3,2.5081657088122
37,"z0045928",22,1,23.0584988962472,"Female",2,1.0584988962472
38,"z0018943",10,1,17.0025725593668,"Female",3,7.00257255936675
38,"z0018944",10,1,15.5863834422658,"Male",3,5.5863834422658
38,"z0018945",22,1,24.9287112932605,"Female",3,2.92871129326052
38,"z0023316",6,1,6.95016294227197,"Male",4,0.950162942271968
38,"z0023317",25,1,24.8444756554308,"Male",3,-0.155524344569244
38,"z0023318",11,1,7.90853485064017,"Female",4,-3.09146514935983
38,"z0023319",26,1,21.2482468780019,"Male",4,-4.75175312199811
38,"z0023321",11,1,11.1190774223458,"Female",3,0.119077422345818
38,"z0027453",6,1,10.053779342723,"Female",3,4.05377934272301
38,"z0033888",6,1,7.70468605724846,"Female",3,1.70468605724846
38,"z0033898",10,1,12.0995238095238,"Male",3,2.09952380952377
38,"z0033906",15,1,21.4555630936228,"Male",5,6.45556309362277
38,"z0033908",6,1,26.150675046555,"Male",5,20.150675046555
38,"z0041286",28,1,23.2426576576577,"Male",3,-4.75734234234233
38,"z0045925",24,1,23.8699524427151,"Male",4,-0.130047557284872
38,"z0045931",7,1,5.10982058545809,"Male",4,-1.89017941454191
38,"z0049046",6,1,11.0348444444444,"Female",3,5.03484444444441
38,"z0049050",11,1,24.4212897107634,"Male",3,13.4212897107634
38,"z0049051",37,1,23.7196091644205,"Female",4,-13.2803908355795
38,"z0049052",34,1,24.7678894927537,"Male",4,-9.23211050724633
38,"z0061425",26,1,20.0608802502234,"Male",4,-5.93911974977662
38,"z0071016",8,1,9.356183908046,"Male",3,1.356183908046
38,"z0075660",18,1,25.7848690153569,"Male",4,7.78486901535687
38,"z0075663",18,1,19.8689709172259,"Male",3,1.86897091722592
38,"z0075665",27,1,24.9188075506446,"Female",3,-2.08119244935539
38,"z0075676",9,1,9.68470319634705,"Female",4,0.684703196347048
38,"z0075677",4,1,5.79022222222232,"Female",5,1.79022222222232
38,"z0075678",7,1,15.0763982102908,"Female",4,8.07639821029082
38,"z0091082",7,1,6.44767392232191,"Female",3,-0.552326077678094
38,"z0091085",19,1,17.2934134401424,"Female",3,-1.70658655985758
38,"z0091086",3,1,4.60795947901601,"Female",3,1.60795947901601
38,"z0091275",3,1,9.27568075117373,"Male",3,6.27568075117373
38,"z0091277",3,1,7.64028697571749,"Female",4,4.64028697571749
38,"z0091284",3,1,5.96713963963974,"Male",4,2.96713963963974
38,"z0091285",5,1,5.53062068965528,"Male",5,0.530620689655281
38,"z0091286",14,1,10.029418344519,"Male",4,-3.97058165548098
38,"z0092243",19,1,15.3000228310502,"Female",4,-3.69997716894976
38,"z0092256",5,1,6.31768660176181,"Male",5,1.31768660176181
38,"z0098734",23,1,19.2962725546059,"Male",4,-3.70372744539414
38,"z0098735",30,1,24.5840435606061,"Male",4,-5.41595643939391
38,"z0098736",15,1,8.80897959183678,"Female",3,-6.19102040816322
38,"z0098737",12,1,9.13266758494034,"Female",5,-2.86733241505966
38,"z0098738",19,1,19.7614434947768,"Male",4,0.761443494776803
38,"z0098740",17,1,14.7555401019935,"Female",4,-2.2444598980065
38,"z0098745",7,1,10.0266891891892,"Male",4,3.0266891891892
38,"z0098746",32,1,20.185697565543,"Male",4,-11.814302434457
38,"z0102483",5,1,6.19721097615845,"Male",5,1.19721097615845
38,"z0102484",13,1,15.2771062271062,"Female",3,2.27710622710624
38,"z0102500",12,1,13.0695898161244,"Male",4,1.06958981612444
38,"z0123188",24,1,26.7269601100413,"Female",5,2.72696011004132
38,"z0132631",15,1,19.0913004882379,"Female",3,4.09130048823789
38,"z0132632",34,1,27.3405929038283,"Female",4,-6.65940709617172
38,"z0132634",12,1,11.7529829545454,"Female",4,-0.247017045454577
38,"z0132639",29,1,24.4405635648756,"Female",3,-4.55943643512444
38,"z0132641",21,1,22.6665057471264,"Male",3,1.66650574712643
38,"z0132658",36,1,19.661630532972,"Male",4,-16.338369467028
38,"z0132659",27,1,24.8365121412804,"Female",3,-2.16348785871959
38,"z0132660",23,1,24.847927927928,"Male",4,1.84792792792798
38,"z0160208",21,1,25.3441758747699,"Female",5,4.34417587476986
38,"z0175867",9,1,18.3482102908277,"Female",4,9.34821029082773
38,"z0175874",20,1,13.4179729729729,"Male",4,-6.58202702702706
38,"z0175876",12,1,18.7104408914729,"Male",5,6.71044089147286
38,"z0175877",32,1,29.2638696255202,"Female",4,-2.73613037447979
38,"z0178364",10,1,16.7148098434004,"Female",5,6.71480984340045
38,"z0183541",32,1,25.6174273858922,"Male",4,-6.38257261410781
38,"z0183543",4,1,4.74325767690265,"Male",5,0.743257676902649
38,"z0183544",11,1,9.45121722846444,"Female",5,-1.54878277153556
38,"z0186433",21,1,21.14502521779,"Male",5,0.145025217789964
38,"z0186434",22,1,21.7119745845552,"Male",3,-0.288025415444807
38,"z0186435",30,1,13.0555178652193,"Male",3,-16.9444821347807
38,"z0186450",4,1,5.67743382682828,"Male",3,1.67743382682828
38,"z0190863",11,1,11.4867699910152,"Female",5,0.486769991015237
38,"z0190867",7,1,6.9123320329433,"Female",4,-0.0876679670566958
38,"z0196956",13,1,22.170856741573,"Male",5,9.17085674157299
38,"z0198374",16,1,20.7111711711711,"Male",4,4.71117117117114
38,"z0198377",35,1,24.8815203145479,"Female",3,-10.1184796854521
38,"z0198473",25,1,26.2572588347661,"Male",5,1.25725883476605
38,"z0198474",19,1,26.0577659101024,"Male",5,7.0577659101024
38,"z0198475",40,1,26.4049611339736,"Male",3,-13.5950388660264
38,"z0187739",23,1,26.864572425829,"Female",3,3.86457242582904
39,"z0023316",6,1,7.77738738738729,"Male",4,1.77738738738729
39,"z0023318",11,1,6.75627192982444,"Female",4,-4.24372807017556
39,"z0023319",26,1,20.5727229375298,"Male",4,-5.42727706247017
39,"z0033906",15,1,22.7803368328959,"Male",5,7.78033683289588
39,"z0033908",6,1,26.0773289183222,"Male",5,20.0773289183222
39,"z0045925",24,1,22.7558650362319,"Male",4,-1.24413496376812
39,"z0045931",7,1,5.41240310077507,"Male",4,-1.58759689922493
39,"z0049051",37,1,22.5161602209945,"Female",4,-14.4838397790055
39,"z0049052",34,1,23.5751559714795,"Male",4,-10.4248440285205
39,"z0061425",26,1,18.8429230059936,"Male",4,-7.15707699400644
39,"z0075660",18,1,26.7076379066477,"Male",4,8.7076379066477
39,"z0075676",9,1,11.7977182539683,"Female",4,2.79771825396828
39,"z0075677",4,1,6.56985867446384,"Female",5,2.56985867446384
39,"z0075678",7,1,15.6070375335121,"Female",4,8.60703753351207
39,"z0091277",3,1,8.10767865068787,"Female",4,5.10767865068787
39,"z0091284",3,1,6.76247685185176,"Male",4,3.76247685185176
39,"z0091285",5,1,6.6640226628894,"Male",5,1.6640226628894
39,"z0091286",14,1,10.4397978373296,"Male",4,-3.56020216267041
39,"z0092243",19,1,16.9544962335217,"Female",4,-2.04550376647834
39,"z0092256",5,1,7.50477453580894,"Male",5,2.50477453580894
39,"z0098734",23,1,19.6226657645467,"Male",4,-3.37733423545329
39,"z0098735",30,1,23.3538650580875,"Male",4,-6.64613494191246
39,"z0098737",12,1,10.4487916096671,"Female",5,-1.55120839033289
39,"z0098738",19,1,18.945643153527,"Male",4,-0.0543568464730058
39,"z0098740",17,1,14.9891095890411,"Female",4,-2.01089041095889
39,"z0098745",7,1,11.412494451842,"Male",4,4.41249445184202
39,"z0098746",32,1,21.3494963369964,"Male",4,-10.6505036630036
39,"z0102483",5,1,7.05504710632561,"Male",5,2.05504710632561
39,"z0102500",12,1,12.6890859481583,"Male",4,0.689085948158279
39,"z0123188",24,1,24.6686958504332,"Female",5,0.668695850433153
39,"z0132632",34,1,26.8991356382978,"Female",4,-7.10086436170221
39,"z0132634",12,1,12.0061640587957,"Female",4,0.00616405879566528
39,"z0132658",36,1,18.705579710145,"Male",4,-17.294420289855
39,"z0132660",23,1,25.4335431235431,"Male",4,2.43354312354306
39,"z0160208",21,1,24.7554778554778,"Female",5,3.75547785547778
39,"z0175867",9,1,19.9184047619048,"Female",4,10.9184047619048
39,"z0175874",20,1,15.1907456724368,"Male",4,-4.80925432756323
39,"z0175876",12,1,17.8725850340136,"Male",5,5.87258503401362
39,"z0175877",32,1,27.301455399061,"Female",4,-4.69854460093905
39,"z0178364",10,1,16.5720930232558,"Female",5,6.57209302325581
39,"z0183541",32,1,24.8247887323943,"Male",4,-7.17521126760569
39,"z0183543",4,1,5.08395061728385,"Male",5,1.08395061728385
39,"z0183544",11,1,9.60497866287338,"Female",5,-1.39502133712662
39,"z0186433",21,1,22.604117129018,"Male",5,1.60411712901805
39,"z0190863",11,1,14.1891042780749,"Female",5,3.18910427807488
39,"z0190867",7,1,7.8316331096196,"Female",4,0.831633109619597
39,"z0196956",13,1,20.3946331521739,"Male",5,7.39463315217394
39,"z0198374",16,1,21.8322818791947,"Male",4,5.83228187919466
39,"z0198473",25,1,23.4831153100775,"Male",5,-1.51688468992251
39,"z0198474",19,1,25.6441689008042,"Male",5,6.6441689008042
40,"z0018943",10,0.6,16.4683940774487,"Female",3,6.46839407744875
40,"z0018944",10,0.6,14.8145398298531,"Male",3,4.81453982985306
40,"z0018945",22,0.6,24.1733072916666,"Female",3,2.17330729166663
40,"z0023316",6,0.8,7.00111773472421,"Male",4,1.00111773472421
40,"z0023317",25,0.6,23.1733848592944,"Male",3,-1.82661514070555
40,"z0023318",11,0.8,8.09635568513114,"Female",4,-2.90364431486886
40,"z0023319",26,0.8,19.4397897897898,"Male",4,-6.5602102102102
40,"z0023321",11,0.6,11.070989827856,"Female",3,0.0709898278559997
40,"z0027453",6,0.6,10.0716517857142,"Female",3,4.07165178571424
40,"z0027455",10,0.4,9.71199718706041,"Female",2,-0.288002812939588
40,"z0033888",6,0.6,7.8384933477166,"Female",3,1.8384933477166
40,"z0033893",15,0.4,15.178733572282,"Male",2,0.178733572281956
40,"z0033898",10,0.6,11.693,"Male",3,1.69299999999996
40,"z0033906",15,1,21.357624831309,"Male",5,6.35762483130905
40,"z0033908",6,1,25.8138067061144,"Male",5,19.8138067061144
40,"z0041286",28,0.6,22.603329549754,"Male",3,-5.39667045024598
40,"z0045921",10,0.4,21.8781065088757,"Female",2,11.8781065088757
40,"z0045925",24,0.8,25.4283882783882,"Male",4,1.42838827838823
40,"z0045931",7,0.8,5.00265151515144,"Male",4,-1.99734848484856
40,"z0049046",6,0.6,11.5600154679041,"Female",3,5.56001546790407
40,"z0049048",11,0.4,15.3579793510324,"Male",2,4.35797935103244
40,"z0049050",11,0.6,23.7868117559523,"Male",3,12.7868117559523
40,"z0049051",37,0.8,22.4874051593323,"Female",4,-14.5125948406677
40,"z0049052",34,0.8,24.5010231556273,"Male",4,-9.49897684437271
40,"z0061425",26,0.8,20.8213615023474,"Male",4,-5.17863849765259
40,"z0071016",8,0.6,9.52989631336401,"Male",3,1.52989631336401
40,"z0075660",18,0.8,25.92070851165,"Male",4,7.92070851164998
40,"z0075663",18,0.6,19.160289017341,"Male",3,1.16028901734104
40,"z0075665",27,0.6,24.7203950020153,"Female",3,-2.27960499798475
40,"z0075676",9,0.8,9.74807184363441,"Female",4,0.74807184363441
40,"z0075677",4,1,5.79702265372163,"Female",5,1.79702265372163
40,"z0075678",7,0.8,14.9465224111283,"Female",4,7.94652241112827
40,"z0091082",7,0.6,6.43938202247187,"Female",3,-0.560617977528128
40,"z0091085",19,0.6,16.6330402500977,"Female",3,-2.36695974990231
40,"z0091086",3,0.6,4.74416763229052,"Female",3,1.74416763229052
40,"z0091275",3,0.6,9.25077700077694,"Male",3,6.25077700077694
40,"z0091276",10,0.4,24.2643607705779,"Female",2,14.2643607705779
40,"z0091277",3,0.8,7.35167682926825,"Female",4,4.35167682926825
40,"z0091284",3,0.8,6.11487341772145,"Male",4,3.11487341772145
40,"z0091285",5,1,5.89438877755506,"Male",5,0.894388777555061
40,"z0091286",14,0.8,10.027880512091,"Male",4,-3.97211948790898
40,"z0092243",19,0.8,15.2534866468843,"Female",4,-3.74651335311574
40,"z0092256",5,1,6.16970013946997,"Male",5,1.16970013946997
40,"z0098734",23,0.8,18.5173880597015,"Male",4,-4.4826119402985
40,"z0098735",30,0.8,25.3486524822695,"Male",4,-4.65134751773055
40,"z0098736",15,0.6,9.48988519398253,"Female",3,-5.51011480601747
40,"z0098737",12,1,8.47581967213112,"Female",5,-3.52418032786888
40,"z0098738",19,0.8,18.7481453252033,"Male",4,-0.251854674796739
40,"z0098740",17,0.8,13.7007659799261,"Female",4,-3.29923402007395
40,"z0098744",6,0.4,7.46617519514315,"Male",2,1.46617519514315
40,"z0098745",7,0.8,10.8838957055214,"Male",4,3.88389570552144
40,"z0098746",32,0.8,20.466054613936,"Male",4,-11.533945386064
40,"z0102483",5,1,6.35090439276481,"Male",5,1.35090439276481
40,"z0102484",13,0.6,14.6558688147296,"Female",3,1.65586881472958
40,"z0102485",21,0.4,28.9808836023791,"Male",2,7.98088360237912
40,"z0102500",12,0.8,13.4676100628931,"Male",4,1.46761006289309
40,"z0123188",24,1,23.7222016079159,"Female",5,-0.277798392084126
40,"z0132631",15,0.6,19.2147537878788,"Female",3,4.21475378787878
40,"z0132632",34,0.8,27.6503927344133,"Female",4,-6.34960726558671
40,"z0132634",12,0.8,11.3518380526577,"Female",4,-0.648161947342297
40,"z0132639",29,0.6,23.8106892523364,"Female",3,-5.1893107476636
40,"z0132641",21,0.6,21.1561993047508,"Male",3,0.156199304750835
40,"z0132642",11,0.4,7.41393490264464,"Female",2,-3.58606509735536
40,"z0132658",36,0.8,18.1598196881092,"Male",4,-17.8401803118908
40,"z0132659",27,0.6,22.9615566037735,"Female",3,-4.03844339622646
40,"z0132660",23,0.8,23.9647582697201,"Male",4,0.964758269720068
40,"z0160208",21,1,22.4165330661323,"Female",5,1.41653306613225
40,"z0175867",9,0.8,17.0261041009464,"Female",4,8.02610410094637
40,"z0175874",20,0.8,13.8363546310055,"Male",4,-6.16364536899454
40,"z0175876",12,1,17.11613018598,"Male",5,5.11613018597997
40,"z0175877",32,0.8,26.3826604554865,"Female",4,-5.61733954451351
40,"z0178364",10,1,16.4507147498376,"Female",5,6.45071474983756
40,"z0183541",32,0.8,24.7382421692379,"Male",4,-7.2617578307621
40,"z0183543",4,1,4.65508637236078,"Male",5,0.655086372360785
40,"z0183544",11,1,9.36419172932328,"Female",5,-1.63580827067672
40,"z0186431",8,0.4,9.59786324786318,"Male",2,1.59786324786318
40,"z0186433",21,1,20.3282469609725,"Male",5,-0.6717530390275
40,"z0186434",22,0.6,21.0024889380531,"Male",3,-0.997511061946934
40,"z0186435",30,0.6,13.4268823306848,"Male",3,-16.5731176693152
40,"z0186450",4,0.6,5.9614583333333,"Male",3,1.9614583333333
40,"z0190863",11,1,11.5324525745258,"Female",5,0.532452574525752
40,"z0190867",7,0.8,6.75741286205196,"Female",4,-0.242587137948041
40,"z0196956",13,1,23.0889587700908,"Male",5,10.0889587700908
40,"z0198374",16,0.8,20.9969061876247,"Male",4,4.99690618762474
40,"z0198377",35,0.6,24.7012965050732,"Female",3,-10.2987034949268
40,"z0198473",25,1,23.4155295646524,"Male",5,-1.58447043534764
40,"z0198474",19,1,24.9190383365822,"Male",5,5.91903833658215
40,"z0198475",40,0.6,25.7716417910447,"Male",3,-14.2283582089553
40,"z0187739",23,0.6,24.9102608362102,"Female",3,1.91026083621016
40,"z0045928",22,0.4,23.3648226351351,"Female",2,1.36482263513509
41,"z0018943",10,0.6,17.264479638009,"Female",3,7.26447963800905
41,"z0018944",10,0.6,15.2261122881356,"Male",3,5.22611228813559
41,"z0018945",22,0.6,24.6932159882656,"Female",3,2.69321598826556
41,"z0023316",6,0.8,6.92580409356732,"Male",4,0.925804093567319
41,"z0023317",25,0.6,23.5145698924732,"Male",3,-1.48543010752683
41,"z0023318",11,0.8,7.54518900343648,"Female",4,-3.45481099656352
41,"z0023319",26,0.8,20.0588081671415,"Male",4,-5.94119183285853
41,"z0023321",11,0.6,11.1591391509434,"Female",3,0.159139150943393
41,"z0027453",6,0.6,10.165306122449,"Female",3,4.16530612244901
41,"z0033888",6,0.6,7.54202898550734,"Female",3,1.54202898550734
41,"z0033898",10,0.6,11.7305732484076,"Male",3,1.73057324840764
41,"z0033906",15,1,21.3897727272727,"Male",5,6.3897727272727
41,"z0033908",6,1,26.1805164319249,"Male",5,20.1805164319249
41,"z0041286",28,0.6,23.1428418803419,"Male",3,-4.85715811965807
41,"z0045925",24,0.8,24.9627367424243,"Male",4,0.962736742424294
41,"z0045931",7,0.8,5.00503649635046,"Male",4,-1.99496350364954
41,"z0049046",6,0.6,11.7317336309524,"Female",3,5.73173363095237
41,"z0049050",11,0.6,24.1973214285715,"Male",3,13.1973214285715
41,"z0049051",37,0.8,22.3988164251207,"Female",4,-14.6011835748793
41,"z0049052",34,0.8,25.2402259105579,"Male",4,-8.75977408944208
41,"z0061425",26,0.8,20.3731534090909,"Male",4,-5.62684659090911
41,"z0071016",8,0.6,9.52252005835163,"Male",3,1.52252005835163
41,"z0075660",18,0.8,26.0525887573965,"Male",4,8.0525887573965
41,"z0075663",18,0.6,19.7006959706959,"Male",3,1.70069597069594
41,"z0075665",27,0.6,25.1502001455605,"Female",3,-1.84979985443952
41,"z0075676",9,0.8,10.1281397544853,"Female",4,1.12813975448535
41,"z0075677",4,1,5.62956989247317,"Female",5,1.62956989247317
41,"z0075678",7,0.8,14.8584045584046,"Female",4,7.85840455840455
41,"z0091082",7,0.6,6.44330340441463,"Female",3,-0.556696595585366
41,"z0091085",19,0.6,17.2580086580087,"Female",3,-1.74199134199134
41,"z0091086",3,0.6,4.54590046544948,"Female",3,1.54590046544948
41,"z0091275",3,0.6,9.56538602268575,"Male",3,6.56538602268575
41,"z0091277",3,0.8,7.30061993323801,"Female",4,4.30061993323801
41,"z0091284",3,0.8,6.09519890260639,"Male",4,3.09519890260639
41,"z0091285",5,1,5.72747252747258,"Male",5,0.72747252747258
41,"z0091286",14,0.8,10.2485190763052,"Male",4,-3.7514809236948
41,"z0092243",19,0.8,16.3073277854831,"Female",4,-2.69267221451688
41,"z0092256",5,1,6.09436137071655,"Male",5,1.09436137071655
41,"z0098734",23,0.8,19.140099009901,"Male",4,-3.85990099009903
41,"z0098735",30,0.8,25.9524674742037,"Male",4,-4.04753252579626
41,"z0098736",15,0.6,9.04586592178778,"Female",3,-5.95413407821222
41,"z0098737",12,1,8.67140255009105,"Female",5,-3.32859744990895
41,"z0098738",19,0.8,18.7913827160494,"Male",4,-0.208617283950627
41,"z0098740",17,0.8,14.0104612458393,"Female",4,-2.98953875416075
41,"z0098745",7,0.8,10.6344553529686,"Male",4,3.63445535296864
41,"z0098746",32,0.8,20.0161911554921,"Male",4,-11.9838088445079
41,"z0102483",5,1,6.13464519976153,"Male",5,1.13464519976153
41,"z0102484",13,0.6,15.0535927094287,"Female",3,2.05359270942866
41,"z0102500",12,0.8,13.071628679962,"Male",4,1.07162867996199
41,"z0123188",24,1,25.2375661375661,"Female",5,1.23756613756614
41,"z0132631",15,0.6,19.2276145505421,"Female",3,4.22761455054212
41,"z0132632",34,0.8,28.6979252165983,"Female",4,-5.30207478340166
41,"z0132634",12,0.8,11.7069402228976,"Female",4,-0.293059777102364
41,"z0132639",29,0.6,24.8328400281889,"Female",3,-4.16715997181106
41,"z0132641",21,0.6,21.8027904328018,"Male",3,0.802790432801814
41,"z0132658",36,0.8,18.1454172696575,"Male",4,-17.8545827303425
41,"z0132659",27,0.6,23.9640037243948,"Female",3,-3.03599627560516
41,"z0132660",23,0.8,24.8520467836258,"Male",4,1.85204678362577
41,"z0160208",21,1,25.0270253555968,"Female",5,4.02702535559678
41,"z0175867",9,0.8,18.0899482109228,"Female",4,9.0899482109228
41,"z0175874",20,0.8,13.7953420669578,"Male",4,-6.20465793304224
41,"z0175876",12,1,17.6692671394799,"Male",5,5.66926713947991
41,"z0175877",32,0.8,27.4087757054042,"Female",4,-4.59122429459579
41,"z0178364",10,1,16.4984962406015,"Female",5,6.4984962406015
41,"z0183541",32,0.8,25.4313824662813,"Male",4,-6.56861753371865
41,"z0183543",4,1,4.72573260073266,"Male",5,0.725732600732659
41,"z0183544",11,1,9.19448621553881,"Female",5,-1.80551378446119
41,"z0186433",21,1,21.2543108682453,"Male",5,0.254310868245266
41,"z0186434",22,0.6,21.5138052768487,"Male",3,-0.486194723151264
41,"z0186435",30,0.6,12.8333333333333,"Male",3,-17.1666666666667
41,"z0186450",4,0.6,5.97695113056176,"Male",3,1.97695113056176
41,"z0190863",11,1,11.8620474406991,"Female",5,0.86204744069909
41,"z0190867",7,0.8,6.74103967168271,"Female",4,-0.258960328317292
41,"z0196956",13,1,21.8285440613027,"Male",5,8.82854406130265
41,"z0198374",16,0.8,20.9111891385768,"Male",4,4.91118913857675
41,"z0198377",35,0.6,25.1531194295901,"Female",3,-9.84688057040988
41,"z0198473",25,1,25.5472375690608,"Male",5,0.547237569060773
41,"z0198474",19,1,25.5083010335917,"Male",5,6.50830103359172
41,"z0198475",40,0.6,27.1342182890856,"Male",3,-12.8657817109144
41,"z0187739",23,0.6,25.7108171346293,"Female",3,2.71081713462931
42,"z0023316",6,0.8,7.87989583333323,"Male",4,1.87989583333323
42,"z0023318",11,0.8,7.18279360967174,"Female",4,-3.81720639032826
42,"z0023319",26,0.8,20.0603568320279,"Male",4,-5.93964316797213
42,"z0033906",15,1,22.5993886230729,"Male",5,7.59938862307286
42,"z0033908",6,1,25.1975863821138,"Male",5,19.1975863821138
42,"z0045925",24,0.8,23.468737554759,"Male",4,-0.531262445240984
42,"z0045931",7,0.8,5.6670199501246,"Male",4,-1.3329800498754
42,"z0049051",37,0.8,21.5268783727688,"Female",4,-15.4731216272312
42,"z0049052",34,0.8,23.7964856902356,"Male",4,-10.2035143097644
42,"z0061425",26,0.8,19.2241616161616,"Male",4,-6.77583838383836
42,"z0075660",18,0.8,26.4006435006434,"Male",4,8.4006435006434
42,"z0075676",9,0.8,11.1332106339468,"Female",4,2.13321063394683
42,"z0075677",4,1,6.46259012756512,"Female",5,2.46259012756512
42,"z0075678",7,0.8,15.2477102597975,"Female",4,8.24771025979746
42,"z0091277",3,0.8,8.19109560067673,"Female",4,5.19109560067673
42,"z0091284",3,0.8,6.37791345329892,"Male",4,3.37791345329892
42,"z0091285",5,1,6.86722756410249,"Male",5,1.86722756410249
42,"z0091286",14,0.8,10.1262155059132,"Male",4,-3.87378449408675
42,"z0092243",19,0.8,16.5548366834171,"Female",4,-2.44516331658292
42,"z0092256",5,1,7.73702564102559,"Male",5,2.73702564102559
42,"z0098734",23,0.8,19.4673206751055,"Male",4,-3.53267932489449
42,"z0098735",30,0.8,23.884450284713,"Male",4,-6.11554971528695
42,"z0098737",12,1,10.5297416020672,"Female",5,-1.47025839793279
42,"z0098738",19,0.8,18.474778761062,"Male",4,-0.525221238938038
42,"z0098740",17,0.8,14.0066452991453,"Female",4,-2.99335470085467
42,"z0098745",7,0.8,11.3031919451586,"Male",4,4.30319194515856
42,"z0098746",32,0.8,20.9333747412009,"Male",4,-11.0666252587991
42,"z0102483",5,1,6.96579662860245,"Male",5,1.96579662860245
42,"z0102500",12,0.8,12.522972972973,"Male",4,0.522972972973001
42,"z0123188",24,1,24.4002225519287,"Female",5,0.400222551928746
42,"z0132632",34,0.8,27.1499999999999,"Female",4,-6.85000000000011
42,"z0132634",12,0.8,12.0813496932516,"Female",4,0.0813496932515747
42,"z0132658",36,0.8,17.7671651495449,"Male",4,-18.2328348504551
42,"z0132660",23,0.8,24.0435849056603,"Male",4,1.04358490566031
42,"z0160208",21,1,24.7907288317256,"Female",5,3.79072883172558
42,"z0175867",9,0.8,19.2729914529915,"Female",4,10.2729914529915
42,"z0175874",20,0.8,14.9409783989835,"Male",4,-5.0590216010165
42,"z0175876",12,1,17.3443401147626,"Male",5,5.34434011476265
42,"z0175877",32,0.8,25.8872549019607,"Female",4,-6.1127450980393
42,"z0178364",10,1,16.5063218390805,"Female",5,6.50632183908046
42,"z0183541",32,0.8,23.8668648172611,"Male",4,-8.13313518273891
42,"z0183543",4,1,4.96176792556095,"Male",5,0.961767925560947
42,"z0183544",11,1,9.73121650589497,"Female",5,-1.26878349410503
42,"z0186433",21,1,22.3244356955381,"Male",5,1.3244356955381
42,"z0190863",11,1,13.96544,"Female",5,2.96544000000002
42,"z0190867",7,0.8,7.90847953216366,"Female",4,0.90847953216366
42,"z0196956",13,1,19.6888980263158,"Male",5,6.68889802631582
42,"z0198374",16,0.8,21.9149009474591,"Male",4,5.91490094745912
42,"z0198473",25,1,23.0950360510261,"Male",5,-1.90496394897391
42,"z0198474",19,1,25.9091067864271,"Male",5,6.90910678642706
43,"z0018943",10,0.55,18.3389915319477,"Female",3,8.33899153194768
43,"z0018944",10,0.55,15.1161327231121,"Male",3,5.11613272311211
43,"z0018945",22,0.55,23.8185267857142,"Female",3,1.81852678571423
43,"z0023316",6,0.75,6.74206227667172,"Male",4,0.742062276671716
43,"z0023317",25,0.55,23.8849602724176,"Male",3,-1.11503972758235
43,"z0023318",11,0.75,7.97094214029694,"Female",4,-3.02905785970306
43,"z0023319",26,0.75,19.8606474456247,"Male",4,-6.13935255437532
43,"z0023321",11,0.55,11.0125290023201,"Female",3,0.0125290023201465
43,"z0027453",6,0.55,10.0322718808193,"Female",3,4.03227188081932
43,"z0027455",10,0.2,9.57739061795222,"Female",2,-0.422609382047785
43,"z0033888",6,0.55,7.54454294720244,"Female",3,1.54454294720244
43,"z0033893",15,0.2,15.0954155672823,"Male",2,0.0954155672823322
43,"z0033898",10,0.55,11.6545950155763,"Male",3,1.65459501557629
43,"z0033906",15,1,21.9482294072363,"Male",5,6.94822940723633
43,"z0033908",6,1,26.1028969149736,"Male",5,20.1028969149736
43,"z0041286",28,0.55,23.0899167612561,"Male",3,-4.9100832387439
43,"z0045921",10,0.2,23.2224427994617,"Female",2,13.2224427994617
43,"z0045925",24,0.75,23.3631395926477,"Male",4,-0.636860407352252
43,"z0045931",7,0.75,4.84007518796986,"Male",4,-2.15992481203014
43,"z0049046",6,0.55,11.7040581351453,"Female",3,5.7040581351453
43,"z0049048",11,0.2,15.7022222222222,"Male",2,4.70222222222221
43,"z0049050",11,0.55,24.2044813119755,"Male",3,13.2044813119755
43,"z0049051",37,0.75,22.9483187134503,"Female",4,-14.0516812865497
43,"z0049052",34,0.75,23.6888217522658,"Male",4,-10.3111782477342
43,"z0061425",26,0.75,19.7913076923077,"Male",4,-6.2086923076923
43,"z0071016",8,0.55,9.72682348650614,"Male",3,1.72682348650614
43,"z0075660",18,0.75,26.7958850931677,"Male",4,8.79588509316766
43,"z0075663",18,0.55,19.6251146788991,"Male",3,1.62511467889907
43,"z0075665",27,0.55,26.2940393518518,"Female",3,-0.705960648148178
43,"z0075676",9,0.75,9.80729475766565,"Female",4,0.807294757665652
43,"z0075677",4,1,5.59730447987848,"Female",5,1.59730447987848
43,"z0075678",7,0.75,14.3523772204807,"Female",4,7.35237722048066
43,"z0091082",7,0.55,6.34046546546545,"Female",3,-0.659534534534554
43,"z0091085",19,0.55,16.8222844344905,"Female",3,-2.17771556550952
43,"z0091086",3,0.55,4.80651011836584,"Female",3,1.80651011836584
43,"z0091275",3,0.55,9.16480015082951,"Male",3,6.16480015082951
43,"z0091276",10,0.2,24.4312444146561,"Female",2,14.4312444146561
43,"z0091277",3,0.75,7.36789446185992,"Female",4,4.36789446185992
43,"z0091284",3,0.75,5.88287250384019,"Male",4,2.88287250384019
43,"z0091285",5,1,5.8122846441947,"Male",5,0.812284644194699
43,"z0091286",14,0.75,9.95203676105312,"Male",4,-4.04796323894688
43,"z0092243",19,0.75,15.3634846113719,"Female",4,-3.63651538862807
43,"z0092256",5,1,6.21739130434777,"Male",5,1.21739130434777
43,"z0098734",23,0.75,19.2507824726135,"Male",4,-3.74921752738653
43,"z0098735",30,0.75,24.5419222903885,"Male",4,-5.45807770961149
43,"z0098736",15,0.55,9.19777282850773,"Female",3,-5.80222717149227
43,"z0098737",12,1,8.67525811209437,"Female",5,-3.32474188790563
43,"z0098738",19,0.75,18.7146456692913,"Male",4,-0.285354330708653
43,"z0098740",17,0.75,13.7347993827161,"Female",4,-3.26520061728394
43,"z0098744",6,0.2,7.61479236812588,"Male",2,1.61479236812588
43,"z0098745",7,0.75,10.8946645536186,"Male",4,3.89466455361857
43,"z0098746",32,0.75,21.5626082251082,"Male",4,-10.4373917748918
43,"z0102483",5,1,6.43636039886037,"Male",5,1.43636039886037
43,"z0102484",13,0.55,14.326893939394,"Female",3,1.32689393939395
43,"z0102485",21,0.2,27.926691391324,"Male",2,6.92669139132404
43,"z0102500",12,0.75,13.0463427377221,"Male",4,1.04634273772207
43,"z0123188",24,1,25.0966279069767,"Female",5,1.09662790697671
43,"z0132631",15,0.55,19.0747792494481,"Female",3,4.07477924944813
43,"z0132632",34,0.75,27.723308080808,"Female",4,-6.27669191919198
43,"z0132634",12,0.75,11.719427244582,"Female",4,-0.280572755417968
43,"z0132639",29,0.55,23.0772132409545,"Female",3,-5.92278675904547
43,"z0132641",21,0.55,22.2737041036717,"Male",3,1.27370410367166
43,"z0132642",11,0.2,7.20078941516585,"Female",2,-3.79921058483415
43,"z0132658",36,0.75,17.90776,"Male",4,-18.09224
43,"z0132659",27,0.55,23.3502493287303,"Female",3,-3.64975067126971
43,"z0132660",23,0.75,23.943888032871,"Male",4,0.943888032871051
43,"z0160208",21,1,23.846249033256,"Female",5,2.84624903325599
43,"z0175867",9,0.75,18.7016877637131,"Female",4,9.70168776371309
43,"z0175874",20,0.75,13.6928989751098,"Male",4,-6.30710102489018
43,"z0175876",12,1,17.5227407407407,"Male",5,5.52274074074073
43,"z0175877",32,0.75,28.6620341614906,"Female",4,-3.33796583850939
43,"z0178364",10,1,16.7150936329588,"Female",5,6.7150936329588
43,"z0183541",32,0.75,24.5911162314388,"Male",4,-7.40888376856123
43,"z0183543",4,1,4.82359154929574,"Male",5,0.823591549295736
43,"z0183544",11,1,9.63460620525059,"Female",5,-1.36539379474941
43,"z0186431",8,0.2,9.7076785314529,"Male",2,1.7076785314529
43,"z0186433",21,1,21.2232732732733,"Male",5,0.223273273273286
43,"z0186434",22,0.55,21.2618678479143,"Male",3,-0.738132152085665
43,"z0186435",30,0.55,13.1534348165496,"Male",3,-16.8465651834504
43,"z0186450",4,0.55,6.0160753880266,"Male",3,2.01607538802659
43,"z0190863",11,1,11.3439463601533,"Female",5,0.343946360153282
43,"z0190867",7,0.75,6.67226562499993,"Female",4,-0.32773437500007
43,"z0196956",13,1,19.8101892285299,"Male",5,6.81018922852986
43,"z0198374",16,0.75,19.8116879659212,"Male",4,3.8116879659212
43,"z0198377",35,0.55,24.3897793263646,"Female",3,-10.6102206736354
43,"z0198473",25,1,25.098833709556,"Male",5,0.0988337095560325
43,"z0198474",19,1,25.4119198312236,"Male",5,6.41191983122359
43,"z0198475",40,0.55,25.2302578268876,"Male",3,-14.7697421731124
43,"z0187739",23,0.55,25.8654654654655,"Female",3,2.86546546546546
43,"z0045928",22,0.2,24.2629900332227,"Female",2,2.26299003322273
44,"z0018943",10,0.55,18.5750550660793,"Female",3,8.57505506607928
44,"z0018944",10,0.55,15.5470311912815,"Male",3,5.54703119128148
44,"z0018945",22,0.55,24.2000353107345,"Female",3,2.20003531073452
44,"z0023316",6,0.75,6.78139816158692,"Male",4,0.781398161586916
44,"z0023317",25,0.55,24.3554490413724,"Male",3,-0.644550958627576
44,"z0023318",11,0.75,7.51095952705781,"Female",4,-3.48904047294219
44,"z0023319",26,0.75,19.7982202982203,"Male",4,-6.20177970177973
44,"z0023321",11,0.55,11.0754793510325,"Female",3,0.0754793510324738
44,"z0027453",6,0.55,10.1185008818343,"Female",3,4.11850088183427
44,"z0033888",6,0.55,7.42275189599145,"Female",3,1.42275189599145
44,"z0033898",10,0.55,11.6824305555555,"Male",3,1.68243055555555
44,"z0033906",15,1,22.2677954847277,"Male",5,7.26779548472772
44,"z0033908",6,1,25.9021587301587,"Male",5,19.9021587301587
44,"z0041286",28,0.55,23.3251521298175,"Male",3,-4.67484787018249
44,"z0045925",24,0.75,23.9455443159923,"Male",4,-0.0544556840076993
44,"z0045931",7,0.75,4.74656523743671,"Male",4,-2.25343476256329
44,"z0049046",6,0.55,11.4280675359412,"Female",3,5.42806753594116
44,"z0049050",11,0.55,24.2125665601705,"Male",3,13.2125665601705
44,"z0049051",37,0.75,22.578633654287,"Female",4,-14.421366345713
44,"z0049052",34,0.75,24.2907172995781,"Male",4,-9.70928270042192
44,"z0061425",26,0.75,20.2777475022706,"Male",4,-5.72225249772936
44,"z0071016",8,0.55,9.54126984126992,"Male",3,1.54126984126992
44,"z0075660",18,0.75,26.4102653631286,"Male",4,8.41026536312857
44,"z0075663",18,0.55,19.8745324532453,"Male",3,1.87453245324529
44,"z0075665",27,0.55,25.9689136588819,"Female",3,-1.0310863411181
44,"z0075676",9,0.75,9.65994776828111,"Female",4,0.659947768281107
44,"z0075677",4,1,5.68349900596424,"Female",5,1.68349900596424
44,"z0075678",7,0.75,15.1675390266299,"Female",4,8.16753902662994
44,"z0091082",7,0.55,6.25476437976452,"Female",3,-0.745235620235476
44,"z0091085",19,0.55,17.2265136054422,"Female",3,-1.77348639455782
44,"z0091086",3,0.55,4.7250638919315,"Female",3,1.7250638919315
44,"z0091275",3,0.55,9.43691228070183,"Male",3,6.43691228070183
44,"z0091277",3,0.75,6.83467406380035,"Female",4,3.83467406380035
44,"z0091284",3,0.75,5.67213225371131,"Male",4,2.67213225371131
44,"z0091285",5,1,5.70094876660347,"Male",5,0.700948766603466
44,"z0091286",14,0.75,9.72510729613733,"Male",4,-4.27489270386267
44,"z0092243",19,0.75,16.6619366354306,"Female",4,-2.33806336456939
44,"z0092256",5,1,6.31392931392934,"Male",5,1.31392931392934
44,"z0098734",23,0.75,19.3989940557842,"Male",4,-3.60100594421584
44,"z0098735",30,0.75,24.6739791073125,"Male",4,-5.32602089268752
44,"z0098736",15,0.55,9.5083778014942,"Female",3,-5.49162219850579
44,"z0098737",12,1,8.91497584541059,"Female",5,-3.08502415458941
44,"z0098738",19,0.75,18.8606862745098,"Male",4,-0.139313725490204
44,"z0098740",17,0.75,14.3213043478261,"Female",4,-2.67869565217393
44,"z0098745",7,0.75,10.9764462809917,"Male",4,3.97644628099169
44,"z0098746",32,0.75,21.3036023054755,"Male",4,-10.6963976945245
44,"z0102483",5,1,6.39157232704405,"Male",5,1.39157232704405
44,"z0102484",13,0.55,14.1837375964718,"Female",3,1.18373759647185
44,"z0102500",12,0.75,12.843855721393,"Male",4,0.843855721393
44,"z0123188",24,1,26.9120532813515,"Female",5,2.91205328135155
44,"z0132631",15,0.55,18.8566702052371,"Female",3,3.85667020523705
44,"z0132632",34,0.75,28.3251748251749,"Female",4,-5.67482517482508
44,"z0132634",12,0.75,11.8446676231468,"Female",4,-0.155332376853213
44,"z0132639",29,0.55,23.9513480392158,"Female",3,-5.04865196078425
44,"z0132641",21,0.55,22.8908413205538,"Male",3,1.89084132055382
44,"z0132658",36,0.75,17.9024334251607,"Male",4,-18.0975665748393
44,"z0132659",27,0.55,24.3452505219207,"Female",3,-2.65474947807925
44,"z0132660",23,0.75,24.3138584474886,"Male",4,1.31385844748861
44,"z0160208",21,1,24.3989035087719,"Female",5,3.39890350877189
44,"z0175867",9,0.75,18.6658763365876,"Female",4,9.66587633658762
44,"z0175874",20,0.75,13.5502324500232,"Male",4,-6.44976754997678
44,"z0175876",12,1,18.0930500658762,"Male",5,6.09305006587616
44,"z0175877",32,0.75,28.7804118773947,"Female",4,-3.21958812260528
44,"z0178364",10,1,16.9479497354497,"Female",5,6.94794973544973
44,"z0183541",32,0.75,24.9143100097182,"Male",4,-7.08568999028178
44,"z0183543",4,1,4.77603960396045,"Male",5,0.776039603960445
44,"z0183544",11,1,9.42100409836061,"Female",5,-1.57899590163939
44,"z0186433",21,1,20.6379611650485,"Male",5,-0.362038834951484
44,"z0186434",22,0.55,21.8689385677935,"Male",3,-0.131061432206472
44,"z0186435",30,0.55,13.0787911301859,"Male",3,-16.9212088698141
44,"z0186450",4,0.55,6.01166488031453,"Male",3,2.01166488031453
44,"z0190863",11,1,11.1468666666666,"Female",5,0.146866666666632
44,"z0190867",7,0.75,6.78823099415211,"Female",4,-0.211769005847891
44,"z0196956",13,1,20.0629820936639,"Male",5,7.06298209366389
44,"z0198374",16,0.75,20.1774244474515,"Male",4,4.17742444745148
44,"z0198377",35,0.55,24.564036885246,"Female",3,-10.435963114754
44,"z0198473",25,1,25.8022286821705,"Male",5,0.802228682170536
44,"z0198474",19,1,25.7864035087719,"Male",5,6.78640350877193
44,"z0198475",40,0.55,26.4992187500001,"Male",3,-13.5007812499999
44,"z0187739",23,0.55,25.900254841998,"Female",3,2.90025484199804
45,"z0023316",6,0.75,7.69757068896845,"Male",4,1.69757068896845
45,"z0023318",11,0.75,7.04948320413426,"Female",4,-3.95051679586574
45,"z0023319",26,0.75,19.5397388059702,"Male",4,-6.46026119402983
45,"z0033906",15,1,23.230150462963,"Male",5,8.23015046296299
45,"z0033908",6,1,25.2924596549805,"Male",5,19.2924596549805
45,"z0045925",24,0.75,22.1609090909091,"Male",4,-1.83909090909091
45,"z0045931",7,0.75,5.40546715626268,"Male",4,-1.59453284373732
45,"z0049051",37,0.75,21.8169776119403,"Female",4,-15.1830223880597
45,"z0049052",34,0.75,23.3972868217054,"Male",4,-10.6027131782946
45,"z0061425",26,0.75,19.1769812823577,"Male",4,-6.82301871764235
45,"z0075660",18,0.75,26.5897312474929,"Male",4,8.58973124749287
45,"z0075676",9,0.75,11.1238528138528,"Female",4,2.12385281385284
45,"z0075677",4,1,6.59956521739124,"Female",5,2.59956521739124
45,"z0075678",7,0.75,15.1696377696378,"Female",4,8.16963776963779
45,"z0091277",3,0.75,7.97948717948705,"Female",4,4.97948717948705
45,"z0091284",3,0.75,6.23503401360535,"Male",4,3.23503401360535
45,"z0091285",5,1,6.73819681456194,"Male",5,1.73819681456194
45,"z0091286",14,0.75,10.3854560739806,"Male",4,-3.61454392601936
45,"z0092243",19,0.75,16.0179625199362,"Female",4,-2.9820374800638
45,"z0092256",5,1,6.93411924119233,"Male",5,1.93411924119233
45,"z0098734",23,0.75,19.7906262626263,"Male",4,-3.20937373737371
45,"z0098735",30,0.75,23.2963785514205,"Male",4,-6.70362144857948
45,"z0098737",12,1,9.86495301271423,"Female",5,-2.13504698728577
45,"z0098738",19,0.75,18.3083921568628,"Male",4,-0.69160784313723
45,"z0098740",17,0.75,13.3433166248956,"Female",4,-3.6566833751044
45,"z0098745",7,0.75,11.3223899371069,"Male",4,4.32238993710694
45,"z0098746",32,0.75,20.9821305841925,"Male",4,-11.0178694158075
45,"z0102483",5,1,7.08438746438741,"Male",5,2.08438746438741
45,"z0102500",12,0.75,12.3716748768473,"Male",4,0.371674876847313
45,"z0123188",24,1,24.8042093287827,"Female",5,0.804209328782704
45,"z0132632",34,0.75,27.123282442748,"Female",4,-6.876717557252
45,"z0132634",12,0.75,12.0066920796273,"Female",4,0.00669207962730844
45,"z0132658",36,0.75,17.1528381642512,"Male",4,-18.8471618357488
45,"z0132660",23,0.75,23.4654411764705,"Male",4,0.465441176470527
45,"z0160208",21,1,23.7353644963829,"Female",5,2.73536449638287
45,"z0175867",9,0.75,18.875,"Female",4,9.87500000000002
45,"z0175874",20,0.75,14.5559640522876,"Male",4,-5.44403594771239
45,"z0175876",12,1,17.753132183908,"Male",5,5.75313218390805
45,"z0175877",32,0.75,26.5023661270235,"Female",4,-5.49763387297646
45,"z0178364",10,1,16.2930312665607,"Female",5,6.29303126656067
45,"z0183541",32,0.75,22.8035098522167,"Male",4,-9.19649014778328
45,"z0183543",4,1,5.0858250276854,"Male",5,1.0858250276854
45,"z0183544",11,1,9.46978639685218,"Female",5,-1.53021360314782
45,"z0186433",21,1,21.7565947242206,"Male",5,0.756594724220648
45,"z0190863",11,1,13.6433100639907,"Female",5,2.64331006399071
45,"z0190867",7,0.75,8.07751355861484,"Female",4,1.07751355861484
45,"z0196956",13,1,19.3854306487696,"Male",5,6.3854306487696
45,"z0198374",16,0.75,21.3950862414762,"Male",4,5.39508624147616
45,"z0198473",25,1,23.6167820069204,"Male",5,-1.38321799307955
45,"z0198474",19,1,25.6389513108614,"Male",5,6.63895131086137
46,"z0018943",10,1,15.7886393659181,"Female",3,5.7886393659181
46,"z0018944",10,1,14.1927853881279,"Male",3,4.19278538812786
46,"z0018945",22,1,24.6362482369534,"Female",3,2.63624823695341
46,"z0023316",6,1,7.08575011399901,"Male",4,1.08575011399901
46,"z0023317",25,1,24.2436829836829,"Male",3,-0.756317016317066
46,"z0023318",11,1,7.98499127399645,"Female",4,-3.01500872600355
46,"z0023319",26,1,21.6533108108108,"Male",4,-4.34668918918921
46,"z0023321",11,1,11.5432139699381,"Female",3,0.543213969938083
46,"z0027453",6,1,9.95444905486395,"Female",3,3.95444905486395
46,"z0027455",10,1,9.38045294635,"Female",2,-0.619547053650001
46,"z0033888",6,1,7.96170995670989,"Female",3,1.96170995670989
46,"z0033893",15,1,14.8298007246377,"Male",2,-0.170199275362329
46,"z0033898",10,1,11.5564876957494,"Male",3,1.55648769574942
46,"z0033906",15,1,20.4941932624113,"Male",5,5.49419326241134
46,"z0033908",6,1,25.1106739032112,"Male",5,19.1106739032112
46,"z0041286",28,1,22.4416337285902,"Male",3,-5.5583662714098
46,"z0045921",10,1,22.2799310344827,"Female",2,12.2799310344827
46,"z0045925",24,1,22.887789661319,"Male",4,-1.11221033868095
46,"z0045931",7,1,5.24824561403501,"Male",4,-1.75175438596499
46,"z0049046",6,1,10.6140113798008,"Female",3,4.61401137980083
46,"z0049048",11,1,14.6543882978723,"Male",2,3.65438829787234
46,"z0049050",11,1,24.8420351878268,"Male",3,13.8420351878268
46,"z0049051",37,1,22.9527318640955,"Female",4,-14.0472681359045
46,"z0049052",34,1,23.7640900649953,"Male",4,-10.2359099350047
46,"z0061425",26,1,19.2727822580645,"Male",4,-6.72721774193547
46,"z0071016",8,1,9.82680952380949,"Male",3,1.82680952380949
46,"z0075660",18,1,24.8180216802168,"Male",4,6.81802168021678
46,"z0075663",18,1,19.025946969697,"Male",3,1.02594696969699
46,"z0075665",27,1,24.5480418943533,"Female",3,-2.45195810564667
46,"z0075676",9,1,9.85790424570909,"Female",4,0.85790424570909
46,"z0075677",4,1,5.7920464700625,"Female",5,1.7920464700625
46,"z0075678",7,1,14.6226730857405,"Female",4,7.62267308574048
46,"z0091082",7,1,6.59188468992242,"Female",3,-0.408115310077577
46,"z0091085",19,1,16.7237179487179,"Female",3,-2.27628205128206
46,"z0091086",3,1,4.63559440559433,"Female",3,1.63559440559433
46,"z0091275",3,1,8.70710683172852,"Male",3,5.70710683172852
46,"z0091276",10,1,24.4740274093722,"Female",2,14.4740274093722
46,"z0091277",3,1,7.66071261134546,"Female",4,4.66071261134546
46,"z0091284",3,1,5.97558031569167,"Male",4,2.97558031569167
46,"z0091285",5,1,5.35883804396582,"Male",5,0.358838043965816
46,"z0091286",14,1,10.2018736383442,"Male",4,-3.79812636165581
46,"z0092243",19,1,14.4170159680639,"Female",4,-4.58298403193613
46,"z0092256",5,1,6.24278739458493,"Male",5,1.24278739458493
46,"z0098734",23,1,18.99796272215,"Male",4,-4.00203727785001
46,"z0098735",30,1,24.0888659320477,"Male",4,-5.91113406795228
46,"z0098736",15,1,8.54701017811699,"Female",3,-6.45298982188301
46,"z0098737",12,1,8.86098927875239,"Female",5,-3.13901072124761
46,"z0098738",19,1,18.9128868258179,"Male",4,-0.0871131741821216
46,"z0098740",17,1,14.8228130755064,"Female",4,-2.17718692449357
46,"z0098744",6,1,7.72867480777923,"Male",2,1.72867480777923
46,"z0098745",7,1,10.4469544364508,"Male",4,3.44695443645081
46,"z0098746",32,1,20.4921207992734,"Male",4,-11.5078792007266
46,"z0102483",5,1,6.25305291723197,"Male",5,1.25305291723197
46,"z0102484",13,1,14.9923361034164,"Female",3,1.99233610341643
46,"z0102485",21,1,27.0897471910112,"Male",2,6.08974719101119
46,"z0102500",12,1,13.1641250562303,"Male",4,1.16412505623033
46,"z0123188",24,1,24.3643400447427,"Female",5,0.364340044742683
46,"z0132631",15,1,18.5331229546517,"Female",3,3.53312295465172
46,"z0132632",34,1,25.6552421250587,"Female",4,-8.34475787494128
46,"z0132634",12,1,11.8137621023513,"Female",4,-0.186237897648697
46,"z0132639",29,1,23.9137780834479,"Female",3,-5.08622191655209
46,"z0132641",21,1,22.3610319516407,"Male",3,1.36103195164073
46,"z0132642",11,1,7.41539306104519,"Female",2,-3.58460693895481
46,"z0132658",36,1,20.8048879351454,"Male",4,-15.1951120648546
46,"z0132659",27,1,23.5506613756613,"Female",3,-3.44933862433866
46,"z0132660",23,1,24.7664113277623,"Male",4,1.76641132776226
46,"z0160208",21,1,24.1564016172506,"Female",5,3.15640161725063
46,"z0175867",9,1,17.6367915465898,"Female",4,8.6367915465898
46,"z0175874",20,1,13.7120562471185,"Male",4,-6.2879437528815
46,"z0175876",12,1,17.8078033378439,"Male",5,5.80780333784393
46,"z0175877",32,1,28.7151451310861,"Female",4,-3.28485486891388
46,"z0178364",10,1,15.6898679417122,"Female",5,5.6898679417122
46,"z0183541",32,1,24.8346378767431,"Male",4,-7.1653621232569
46,"z0183543",4,1,4.81133919843591,"Male",5,0.811339198435913
46,"z0183544",11,1,9.10366666666663,"Female",5,-1.89633333333337
46,"z0186431",8,1,9.69103078982593,"Male",2,1.69103078982593
46,"z0186433",21,1,20.450641025641,"Male",5,-0.549358974358988
46,"z0186434",22,1,21.4232134624251,"Male",3,-0.576786537574943
46,"z0186435",30,1,14.1674624829468,"Male",3,-15.8325375170532
46,"z0186450",4,1,6.1800266311584,"Male",3,2.1800266311584
46,"z0190863",11,1,11.3552643369175,"Female",5,0.355264336917543
46,"z0190867",7,1,7.35717625058433,"Female",4,0.357176250584335
46,"z0196956",13,1,22.7640229885057,"Male",5,9.7640229885057
46,"z0198374",16,1,19.6682744565217,"Male",4,3.66827445652174
46,"z0198377",35,1,24.1702761627907,"Female",3,-10.8297238372093
46,"z0198473",25,1,24.5084326710816,"Male",5,-0.491567328918372
46,"z0198474",19,1,25.556840463458,"Male",5,6.55684046345805
46,"z0198475",40,1,24.9793575920934,"Male",3,-15.0206424079066
46,"z0187739",23,1,25.5502622794468,"Female",3,2.55026227944678
46,"z0045928",22,1,23.6098262032085,"Female",2,1.60982620320851
47,"z0018943",10,1,17.0395380434783,"Female",3,7.03953804347826
47,"z0018944",10,1,14.6968965517241,"Male",3,4.69689655172412
47,"z0018945",22,1,25.3714653558053,"Female",3,3.37146535580528
47,"z0023316",6,1,6.87166903745859,"Male",4,0.871669037458586
47,"z0023317",25,1,24.7293738489872,"Male",3,-0.270626151012845
47,"z0023318",11,1,7.64454506252702,"Female",4,-3.35545493747298
47,"z0023319",26,1,20.4356387478849,"Male",4,-5.56436125211509
47,"z0023321",11,1,11.6215381145692,"Female",3,0.621538114569201
47,"z0027453",6,1,10.2374154262517,"Female",3,4.23741542625169
47,"z0033888",6,1,7.61424460431659,"Female",3,1.61424460431659
47,"z0033898",10,1,11.7833562901744,"Male",3,1.78335629017445
47,"z0033906",15,1,21.8474653275944,"Male",5,6.84746532759441
47,"z0033908",6,1,26.2490063233966,"Male",5,20.2490063233966
47,"z0041286",28,1,22.6497713763146,"Male",3,-5.35022862368545
47,"z0045925",24,1,23.8218333333333,"Male",4,-0.178166666666655
47,"z0045931",7,1,5.28069077422357,"Male",4,-1.71930922577643
47,"z0049046",6,1,10.8201359587435,"Female",3,4.82013595874352
47,"z0049050",11,1,24.7032078103208,"Male",3,13.7032078103208
47,"z0049051",37,1,23.215690376569,"Female",4,-13.784309623431
47,"z0049052",34,1,24.8186591654947,"Male",4,-9.18134083450535
47,"z0061425",26,1,20.4367365967366,"Male",4,-5.56326340326343
47,"z0071016",8,1,9.99871618523613,"Male",3,1.99871618523613
47,"z0075660",18,1,25.9611626878869,"Male",4,7.96116268788691
47,"z0075663",18,1,19.8761807447775,"Male",3,1.87618074477745
47,"z0075665",27,1,25.1472695500219,"Female",3,-1.85273044997809
47,"z0075676",9,1,9.81172086720869,"Female",4,0.811720867208692
47,"z0075677",4,1,5.72591854803021,"Female",5,1.72591854803021
47,"z0075678",7,1,15.2261838440111,"Female",4,8.22618384401115
47,"z0091082",7,1,6.49603392939026,"Female",3,-0.503966070609742
47,"z0091085",19,1,16.7830582301696,"Female",3,-2.21694176983035
47,"z0091086",3,1,4.60410895660215,"Female",3,1.60410895660215
47,"z0091275",3,1,9.43077436582112,"Male",3,6.43077436582112
47,"z0091277",3,1,7.46632699275369,"Female",4,4.46632699275369
47,"z0091284",3,1,6.06124031007759,"Male",4,3.06124031007759
47,"z0091285",5,1,5.10976775956297,"Male",5,0.109767759562965
47,"z0091286",14,1,10.1479253112033,"Male",4,-3.85207468879669
47,"z0092243",19,1,15.575491510277,"Female",4,-3.42450848972296
47,"z0092256",5,1,5.97652453003217,"Male",5,0.976524530032169
47,"z0098734",23,1,18.543237047226,"Male",4,-4.45676295277396
47,"z0098735",30,1,25.0636634571298,"Male",4,-4.93633654287019
47,"z0098736",15,1,8.59922161172166,"Female",3,-6.40077838827834
47,"z0098737",12,1,8.81368397085615,"Female",5,-3.18631602914385
47,"z0098738",19,1,19.0681189488243,"Male",4,0.0681189488243206
47,"z0098740",17,1,14.4501503436426,"Female",4,-2.5498496563574
47,"z0098745",7,1,10.3892527899078,"Male",4,3.38925278990779
47,"z0098746",32,1,20.5431290622098,"Male",4,-11.4568709377902
47,"z0102483",5,1,6.04958448753472,"Male",5,1.04958448753472
47,"z0102484",13,1,15.3157042253521,"Female",3,2.31570422535212
47,"z0102500",12,1,13.0915112386418,"Male",4,1.09151123864177
47,"z0123188",24,1,26.5257637938897,"Female",5,2.52576379388972
47,"z0132631",15,1,18.7539462081129,"Female",3,3.75394620811286
47,"z0132632",34,1,27.7420037192004,"Female",4,-6.25799628079956
47,"z0132634",12,1,11.5028,"Female",4,-0.497200000000031
47,"z0132639",29,1,24.4762837837838,"Female",3,-4.52371621621618
47,"z0132641",21,1,22.3292260208927,"Male",3,1.32922602089265
47,"z0132658",36,1,20.8898809523809,"Male",4,-15.1101190476191
47,"z0132659",27,1,24.7653950953679,"Female",3,-2.2346049046321
47,"z0132660",23,1,24.480091324201,"Male",4,1.48009132420096
47,"z0160208",21,1,26.2270719489983,"Female",5,5.22707194899826
47,"z0175867",9,1,18.0607803337844,"Female",4,9.06078033378439
47,"z0175874",20,1,13.7295867393279,"Male",4,-6.27041326067215
47,"z0175876",12,1,19.0476688453159,"Male",5,7.04766884531589
47,"z0175877",32,1,29.1398899587346,"Female",4,-2.86011004126535
47,"z0178364",10,1,16.4075,"Female",5,6.4075
47,"z0183541",32,1,25.7622192273136,"Male",4,-6.23778077268636
47,"z0183543",4,1,4.78259464450612,"Male",5,0.782594644506124
47,"z0183544",11,1,9.22968821641451,"Female",5,-1.77031178358549
47,"z0186433",21,1,20.4814715118887,"Male",5,-0.518528488111286
47,"z0186434",22,1,21.5162916080637,"Male",3,-0.483708391936275
47,"z0186435",30,1,13.9278526504941,"Male",3,-16.0721473495059
47,"z0186450",4,1,5.87492020063849,"Male",3,1.87492020063849
47,"z0190863",11,1,11.5953513281919,"Female",5,0.595351328191903
47,"z0190867",7,1,6.86987266939528,"Female",4,-0.130127330604724
47,"z0196956",13,1,22.601864640884,"Male",5,9.60186464088395
47,"z0198374",16,1,21.154981378026,"Male",4,5.15498137802605
47,"z0198377",35,1,24.7533898305085,"Female",3,-10.2466101694915
47,"z0198473",25,1,26.1404927940494,"Male",5,1.14049279404935
47,"z0198474",19,1,25.5501775410564,"Male",5,6.55017754105643
47,"z0198475",40,1,26.3234032634033,"Male",3,-13.6765967365967
47,"z0187739",23,1,27.1054855275444,"Female",3,4.10548552754441
48,"z0023316",6,1,8.03920220082523,"Male",4,2.03920220082523
48,"z0023318",11,1,7.0562301045929,"Female",4,-3.9437698954071
48,"z0023319",26,1,19.509065934066,"Male",4,-6.49093406593405
48,"z0033906",15,1,22.1083215464404,"Male",5,7.10832154644038
48,"z0033908",6,1,25.8016863775733,"Male",5,19.8016863775733
48,"z0045925",24,1,22.3270890099909,"Male",4,-1.67291099000906
48,"z0045931",7,1,5.12206506364911,"Male",4,-1.87793493635089
48,"z0049051",37,1,21.6427546296296,"Female",4,-15.3572453703704
48,"z0049052",34,1,23.8551139005113,"Male",4,-10.1448860994887
48,"z0061425",26,1,19.0347605893186,"Male",4,-6.96523941068138
48,"z0075660",18,1,25.8295377128953,"Male",4,7.8295377128953
48,"z0075676",9,1,11.4419384057971,"Female",4,2.44193840579712
48,"z0075677",4,1,6.32483042635649,"Female",5,2.32483042635649
48,"z0075678",7,1,16.2660009182736,"Female",4,9.26600091827364
48,"z0091277",3,1,7.1941607565011,"Female",4,4.1941607565011
48,"z0091284",3,1,6.66835937499989,"Male",4,3.66835937499989
48,"z0091285",5,1,6.83367959372106,"Male",5,1.83367959372106
48,"z0091286",14,1,9.9072473708276,"Male",4,-4.0927526291724
48,"z0092243",19,1,16.3604921700224,"Female",4,-2.63950782997763
48,"z0092256",5,1,7.48211494252866,"Male",5,2.48211494252866
48,"z0098734",23,1,19.427923572744,"Male",4,-3.57207642725596
48,"z0098735",30,1,23.8011251758087,"Male",4,-6.19887482419131
48,"z0098737",12,1,10.184693877551,"Female",5,-1.81530612244899
48,"z0098738",19,1,17.8664847658026,"Male",4,-1.13351523419735
48,"z0098740",17,1,15.4319426048565,"Female",4,-1.56805739514348
48,"z0098745",7,1,11.6446859903382,"Male",4,4.64468599033819
48,"z0098746",32,1,21.2540612516645,"Male",4,-10.7459387483355
48,"z0102483",5,1,7.1234655335221,"Male",5,2.1234655335221
48,"z0102500",12,1,13.2641147244806,"Male",4,1.2641147244806
48,"z0123188",24,1,24.2132925724637,"Female",5,0.213292572463711
48,"z0132632",34,1,26.739947089947,"Female",4,-7.26005291005301
48,"z0132634",12,1,11.6722450845908,"Female",4,-0.327754915409205
48,"z0132658",36,1,20.3725713012478,"Male",4,-15.6274286987522
48,"z0132660",23,1,24.7913496376811,"Male",4,1.79134963768109
48,"z0160208",21,1,24.8637962962962,"Female",5,3.86379629629624
48,"z0175867",9,1,19.2731161347518,"Female",4,10.2731161347518
48,"z0175874",20,1,15.2368445692884,"Male",4,-4.76315543071159
48,"z0175876",12,1,18.7010971055089,"Male",5,6.70109710550889
48,"z0175877",32,1,27.0249535747445,"Female",4,-4.97504642525545
48,"z0178364",10,1,16.1998671978752,"Female",5,6.19986719787516
48,"z0183541",32,1,24.4711273857079,"Male",4,-7.52887261429212
48,"z0183543",4,1,5.01416887709981,"Male",5,1.01416887709981
48,"z0183544",11,1,9.5274171270718,"Female",5,-1.4725828729282
48,"z0186433",21,1,22.7004016064257,"Male",5,1.7004016064257
48,"z0190863",11,1,13.6319582740636,"Female",5,2.63195827406356
48,"z0190867",7,1,7.61969086021496,"Female",4,0.619690860214964
48,"z0196956",13,1,21.8072945521699,"Male",5,8.80729455216992
48,"z0198374",16,1,21.4204257246377,"Male",4,5.42042572463771
48,"z0198473",25,1,23.4249193176579,"Male",5,-1.57508068234212
48,"z0198474",19,1,25.943916083916,"Male",5,6.94391608391602
49,"z0018943",10,0.6,17.0005061867266,"Female",3,7.00050618672665
49,"z0018944",10,0.6,14.3486111111111,"Male",3,4.34861111111112
49,"z0018945",22,0.6,23.8527325581395,"Female",3,1.85273255813949
49,"z0023316",6,0.8,6.93873385012914,"Male",4,0.93873385012914
49,"z0023317",25,0.6,22.9510721247563,"Male",3,-2.04892787524371
49,"z0023318",11,0.8,7.85564759036138,"Female",4,-3.14435240963862
49,"z0023319",26,0.8,20.2229681069959,"Male",4,-5.77703189300411
49,"z0023321",11,0.6,11.3015358361774,"Female",3,0.301535836177443
49,"z0027453",6,0.6,10.0480929678188,"Female",3,4.04809296781879
49,"z0027455",10,0.4,9.53045375218144,"Female",2,-0.469546247818563
49,"z0033888",6,0.6,7.42976461655272,"Female",3,1.42976461655272
49,"z0033893",15,0.4,15.4794015611448,"Male",2,0.479401561144831
49,"z0033898",10,0.6,11.6513003663003,"Male",3,1.65130036630034
49,"z0033906",15,1,21.0575515635396,"Male",5,6.05755156353959
49,"z0033908",6,1,25.7763541666666,"Male",5,19.7763541666666
49,"z0041286",28,0.6,22.4189393939393,"Male",3,-5.58106060606065
49,"z0045921",10,0.4,22.151064450277,"Female",2,12.151064450277
49,"z0045925",24,0.8,25.0730064388311,"Male",4,1.07300643883106
49,"z0045931",7,0.8,5.05207115009741,"Male",4,-1.94792884990259
49,"z0049046",6,0.6,10.9870967741935,"Female",3,4.98709677419351
49,"z0049048",11,0.4,14.924044180119,"Male",2,3.92404418011895
49,"z0049050",11,0.6,24.0729093050647,"Male",3,13.0729093050647
49,"z0049051",37,0.8,22.6613968734241,"Female",4,-14.3386031265759
49,"z0049052",34,0.8,24.44600973236,"Male",4,-9.55399026763996
49,"z0061425",26,0.8,19.871681864235,"Male",4,-6.12831813576495
49,"z0071016",8,0.6,9.79692482915713,"Male",3,1.79692482915713
49,"z0075660",18,0.8,25.9368086147821,"Male",4,7.93680861478212
49,"z0075663",18,0.6,19.4366013071895,"Male",3,1.43660130718954
49,"z0075665",27,0.6,25.0155616942909,"Female",3,-1.98443830570909
49,"z0075676",9,0.8,10.080444785276,"Female",4,1.08044478527605
49,"z0075677",4,1,5.81073232323228,"Female",5,1.81073232323228
49,"z0075678",7,0.8,15.1926717557252,"Female",4,8.19267175572518
49,"z0091082",7,0.6,6.40992907801411,"Female",3,-0.590070921985886
49,"z0091085",19,0.6,16.3326206140351,"Female",3,-2.66737938596491
49,"z0091086",3,0.6,4.75983701979049,"Female",3,1.75983701979049
49,"z0091275",3,0.6,9.09650092081026,"Male",3,6.09650092081026
49,"z0091276",10,0.4,24.4499553172475,"Female",2,14.4499553172475
49,"z0091277",3,0.8,7.4473399246704,"Female",4,4.4473399246704
49,"z0091284",3,0.8,6.01572123176656,"Male",4,3.01572123176656
49,"z0091285",5,1,6.31265232974907,"Male",5,1.31265232974907
49,"z0091286",14,0.8,9.98485309017221,"Male",4,-4.01514690982779
49,"z0092243",19,0.8,14.8692077727952,"Female",4,-4.13079222720479
49,"z0092256",5,1,6.12390128465176,"Male",5,1.12390128465176
49,"z0098734",23,0.8,18.3672767203514,"Male",4,-4.6327232796486
49,"z0098735",30,0.8,24.8120206489675,"Male",4,-5.18797935103251
49,"z0098736",15,0.6,9.21167254210726,"Female",3,-5.78832745789274
49,"z0098737",12,1,8.54255533199192,"Female",5,-3.45744466800808
49,"z0098738",19,0.8,18.3341691248771,"Male",4,-0.665830875122904
49,"z0098740",17,0.8,13.6032640949555,"Female",4,-3.3967359050445
49,"z0098744",6,0.4,7.56408491107292,"Male",2,1.56408491107292
49,"z0098745",7,0.8,10.547657790927,"Male",4,3.547657790927
49,"z0098746",32,0.8,20.5671289162815,"Male",4,-11.4328710837185
49,"z0102483",5,1,6.20394121576482,"Male",5,1.20394121576482
49,"z0102484",13,0.6,14.9638699924414,"Female",3,1.96386999244142
49,"z0102485",21,0.4,29.00272016832,"Male",2,8.00272016831998
49,"z0102500",12,0.8,12.8085323383085,"Male",4,0.808532338308471
49,"z0123188",24,1,23.6578598484848,"Female",5,-0.342140151515181
49,"z0132631",15,0.6,19.2364794007491,"Female",3,4.23647940074906
49,"z0132632",34,0.8,27.5172849046882,"Female",4,-6.48271509531175
49,"z0132634",12,0.8,11.943932748538,"Female",4,-0.0560672514619789
49,"z0132639",29,0.6,24.1354336833916,"Female",3,-4.86456631660837
49,"z0132641",21,0.6,21.231906392694,"Male",3,0.231906392694032
49,"z0132642",11,0.4,7.24728183118748,"Female",2,-3.75271816881252
49,"z0132658",36,0.8,18.1901196047842,"Male",4,-17.8098803952158
49,"z0132659",27,0.6,23.23,"Female",3,-3.77000000000005
49,"z0132660",23,0.8,24.6305764411027,"Male",4,1.63057644110271
49,"z0160208",21,1,22.6581300813008,"Female",5,1.6581300813008
49,"z0175867",9,0.8,17.0082825203252,"Female",4,8.0082825203252
49,"z0175874",20,0.8,13.4175102249489,"Male",4,-6.58248977505112
49,"z0175876",12,1,16.6957650273224,"Male",5,4.6957650273224
49,"z0175877",32,0.8,26.4731774761186,"Female",4,-5.52682252388141
49,"z0178364",10,1,15.7898463593854,"Female",5,5.78984635938544
49,"z0183541",32,0.8,24.9992907801418,"Male",4,-7.0007092198582
49,"z0183543",4,1,4.65403283369017,"Male",5,0.654032833690167
49,"z0183544",11,1,9.06205412054118,"Female",5,-1.93794587945882
49,"z0186431",8,0.4,9.64710391822821,"Male",2,1.64710391822821
49,"z0186433",21,1,20.2369832041344,"Male",5,-0.76301679586561
49,"z0186434",22,0.6,20.7475706214689,"Male",3,-1.2524293785311
49,"z0186435",30,0.6,13.5379924242424,"Male",3,-16.4620075757576
49,"z0186450",4,0.6,5.93907980145091,"Male",3,1.93907980145091
49,"z0190863",11,1,11.8354658792651,"Female",5,0.835465879265097
49,"z0190867",7,0.8,6.85367107195296,"Female",4,-0.146328928047044
49,"z0196956",13,1,21.8765765765766,"Male",5,8.87657657657657
49,"z0198374",16,0.8,20.5099423631124,"Male",4,4.50994236311237
49,"z0198377",35,0.6,25.2097061098221,"Female",3,-9.79029389017794
49,"z0198473",25,1,23.8720408163265,"Male",5,-1.12795918367349
49,"z0198474",19,1,25.2110220440881,"Male",5,6.21102204408814
49,"z0198475",40,0.6,25.566686091686,"Male",3,-14.433313908314
49,"z0187739",23,0.6,24.8152938901778,"Female",3,1.81529389017781
49,"z0045928",22,0.4,23.47492211838,"Female",2,1.47492211838003
50,"z0018943",10,0.6,17.8009772565743,"Female",3,7.80097725657428
50,"z0018944",10,0.6,14.9155949741315,"Male",3,4.91559497413155
50,"z0018945",22,0.6,24.3733157894738,"Female",3,2.37331578947376
50,"z0023316",6,0.8,6.7153472222223,"Male",4,0.715347222222304
50,"z0023317",25,0.6,23.7208912655972,"Male",3,-1.27910873440278
50,"z0023318",11,0.8,7.47617370892026,"Female",4,-3.52382629107974
50,"z0023319",26,0.8,19.7786300048239,"Male",4,-6.22136999517609
50,"z0023321",11,0.6,11.4558878856283,"Female",3,0.455887885628293
50,"z0027453",6,0.6,10.2796099290781,"Female",3,4.27960992907807
50,"z0033888",6,0.6,7.61882033372149,"Female",3,1.61882033372149
50,"z0033898",10,0.6,11.7528621291449,"Male",3,1.75286212914486
50,"z0033906",15,1,21.567299578059,"Male",5,6.56729957805905
50,"z0033908",6,1,26.122016079159,"Male",5,20.122016079159
50,"z0041286",28,0.6,23.2470516822755,"Male",3,-4.75294831772453
50,"z0045925",24,0.8,25.3996463932108,"Male",4,1.3996463932108
50,"z0045931",7,0.8,4.95537113877375,"Male",4,-2.04462886122625
50,"z0049046",6,0.6,11.2189971751413,"Female",3,5.21899717514126
50,"z0049050",11,0.6,24.3254289886821,"Male",3,13.3254289886821
50,"z0049051",37,0.8,22.4690821256038,"Female",4,-14.5309178743962
50,"z0049052",34,0.8,25.2612541726276,"Male",4,-8.73874582737238
50,"z0061425",26,0.8,20.5514326647564,"Male",4,-5.44856733524358
50,"z0071016",8,0.6,9.69502237136472,"Male",3,1.69502237136472
50,"z0075660",18,0.8,25.9564222222223,"Male",4,7.95642222222228
50,"z0075663",18,0.6,20.3722043586995,"Male",3,2.3722043586995
50,"z0075665",27,0.6,25.4400705270973,"Female",3,-1.55992947290267
50,"z0075676",9,0.8,10.0045133991537,"Female",4,1.00451339915374
50,"z0075677",4,1,5.86030183727037,"Female",5,1.86030183727037
50,"z0075678",7,0.8,14.756415719697,"Female",4,7.75641571969696
50,"z0091082",7,0.6,6.45273253709747,"Female",3,-0.54726746290253
50,"z0091085",19,0.6,17.1129590017825,"Female",3,-1.88704099821747
50,"z0091086",3,0.6,4.82588105726887,"Female",3,1.82588105726887
50,"z0091275",3,0.6,9.35820652173921,"Male",3,6.35820652173921
50,"z0091277",3,0.8,7.30463525835872,"Female",4,4.30463525835872
50,"z0091284",3,0.8,6.03998059194574,"Male",4,3.03998059194574
50,"z0091285",5,1,5.91660000000002,"Male",5,0.91660000000002
50,"z0091286",14,0.8,10.15448441247,"Male",4,-3.84551558752999
50,"z0092243",19,0.8,15.9803649635037,"Female",4,-3.01963503649635
50,"z0092256",5,1,5.96370106761572,"Male",5,0.963701067615716
50,"z0098734",23,0.8,19.0033381712627,"Male",4,-3.99666182873732
50,"z0098735",30,0.8,25.426761904762,"Male",4,-4.57323809523804
50,"z0098736",15,0.6,9.2859491778775,"Female",3,-5.7140508221225
50,"z0098737",12,1,8.81805555555552,"Female",5,-3.18194444444448
50,"z0098738",19,0.8,19.0139398213446,"Male",4,0.0139398213446
50,"z0098740",17,0.8,13.7374823196605,"Female",4,-3.26251768033949
50,"z0098745",7,0.8,10.5714145863925,"Male",4,3.57141458639253
50,"z0098746",32,0.8,20.1961925287356,"Male",4,-11.8038074712644
50,"z0102483",5,1,6.41018170426068,"Male",5,1.41018170426068
50,"z0102484",13,0.6,15.1936800288913,"Female",3,2.19368002889129
50,"z0102500",12,0.8,13.2917357274401,"Male",4,1.29173572744012
50,"z0123188",24,1,25.4786349206349,"Female",5,1.47863492063492
50,"z0132631",15,0.6,19.1216426193118,"Female",3,4.12164261931184
50,"z0132632",34,0.8,28.8042822384429,"Female",4,-5.1957177615571
50,"z0132634",12,0.8,11.5350536193029,"Female",4,-0.464946380697087
50,"z0132639",29,0.6,24.6344852411808,"Female",3,-4.36551475881922
50,"z0132641",21,0.6,22.337713437268,"Male",3,1.33771343726803
50,"z0132658",36,0.8,18.1555873925501,"Male",4,-17.8444126074499
50,"z0132659",27,0.6,23.9090826023392,"Female",3,-3.09091739766076
50,"z0132660",23,0.8,24.1796781609196,"Male",4,1.17967816091956
50,"z0160208",21,1,24.2588867805186,"Female",5,3.25888678051862
50,"z0175867",9,0.8,18.6304638928742,"Female",4,9.63046389287422
50,"z0175874",20,0.8,13.9199230769231,"Male",4,-6.08007692307694
50,"z0175876",12,1,17.8228846153846,"Male",5,5.82288461538462
50,"z0175877",32,0.8,27.1380742913002,"Female",4,-4.86192570869984
50,"z0178364",10,1,16.5801075268817,"Female",5,6.58010752688172
50,"z0183541",32,0.8,25.6199803632794,"Male",4,-6.38001963672062
50,"z0183543",4,1,4.71628985507254,"Male",5,0.716289855072537
50,"z0183544",11,1,9.25587889476775,"Female",5,-1.74412110523225
50,"z0186433",21,1,20.3515454545454,"Male",5,-0.64845454545457
50,"z0186434",22,0.6,21.1009387176762,"Male",3,-0.8990612823238
50,"z0186435",30,0.6,13.066081871345,"Male",3,-16.933918128655
50,"z0186450",4,0.6,5.84675110132173,"Male",3,1.84675110132173
50,"z0190863",11,1,12.0053560176433,"Female",5,1.00535601764333
50,"z0190867",7,0.8,6.69071494893231,"Female",4,-0.309285051067686
50,"z0196956",13,1,22.354094076655,"Male",5,9.35409407665502
50,"z0198374",16,0.8,21.0303073286052,"Male",4,5.03030732860517
50,"z0198377",35,0.6,24.8424785367675,"Female",3,-10.1575214632325
50,"z0198473",25,1,25.6022178734508,"Male",5,0.602217873450765
50,"z0198474",19,1,25.5271869639794,"Male",5,6.52718696397943
50,"z0198475",40,0.6,26.9933873873875,"Male",3,-13.0066126126125
50,"z0187739",23,0.6,25.8826839826841,"Female",3,2.88268398268408
51,"z0023316",6,0.8,7.82240576027096,"Male",4,1.82240576027096
51,"z0023318",11,0.8,6.79120427455804,"Female",4,-4.20879572544196
51,"z0023319",26,0.8,19.5302149178256,"Male",4,-6.46978508217444
51,"z0033906",15,1,22.6814122533749,"Male",5,7.6814122533749
51,"z0033908",6,1,24.9510399562123,"Male",5,18.9510399562123
51,"z0045925",24,0.8,24.0528877887788,"Male",4,0.0528877887788184
51,"z0045931",7,0.8,5.65404427415912,"Male",4,-1.34595572584088
51,"z0049051",37,0.8,21.129634464752,"Female",4,-15.870365535248
51,"z0049052",34,0.8,23.5161162483487,"Male",4,-10.4838837516513
51,"z0061425",26,0.8,19.9633723450369,"Male",4,-6.03662765496313
51,"z0075660",18,0.8,26.3376378286682,"Male",4,8.33763782866825
51,"z0075676",9,0.8,11.205008312552,"Female",4,2.20500831255197
51,"z0075677",4,1,6.38476417594057,"Female",5,2.38476417594057
51,"z0075678",7,0.8,15.4434954280965,"Female",4,8.44349542809645
51,"z0091277",3,0.8,8.19516192733007,"Female",4,5.19516192733007
51,"z0091284",3,0.8,6.52971477224338,"Male",4,3.52971477224338
51,"z0091285",5,1,6.78855165069214,"Male",5,1.78855165069214
51,"z0091286",14,0.8,10.6893425460636,"Male",4,-3.31065745393635
51,"z0092243",19,0.8,16.5897323295692,"Female",4,-2.41026767043078
51,"z0092256",5,1,7.30838414634139,"Male",5,2.30838414634139
51,"z0098734",23,0.8,19.2611509358821,"Male",4,-3.73884906411786
51,"z0098735",30,0.8,23.4922046552481,"Male",4,-6.50779534475189
51,"z0098737",12,1,10.5110089186176,"Female",5,-1.48899108138236
51,"z0098738",19,0.8,18.1389102564103,"Male",4,-0.861089743589726
51,"z0098740",17,0.8,13.7280312632024,"Female",4,-3.27196873679761
51,"z0098745",7,0.8,11.3650252525253,"Male",4,4.36502525252528
51,"z0098746",32,0.8,21.0071308016878,"Male",4,-10.9928691983122
51,"z0102483",5,1,6.86559829059822,"Male",5,1.86559829059822
51,"z0102500",12,0.8,12.4854396728017,"Male",4,0.485439672801657
51,"z0123188",24,1,24.31968503937,"Female",5,0.31968503937005
51,"z0132632",34,0.8,26.9230974632843,"Female",4,-7.07690253671574
51,"z0132634",12,0.8,11.6235927880387,"Female",4,-0.376407211961277
51,"z0132658",36,0.8,17.5993135993136,"Male",4,-18.4006864006864
51,"z0132660",23,0.8,24.1078861788617,"Male",4,1.10788617886173
51,"z0160208",21,1,24.6049628450106,"Female",5,3.60496284501058
51,"z0175867",9,0.8,19.0383251833741,"Female",4,10.0383251833741
51,"z0175874",20,0.8,14.9876939203355,"Male",4,-5.01230607966455
51,"z0175876",12,1,17.2126213592233,"Male",5,5.2126213592233
51,"z0175877",32,0.8,25.9493124999999,"Female",4,-6.0506875000001
51,"z0178364",10,1,16.5624605678233,"Female",5,6.56246056782334
51,"z0183541",32,0.8,23.7906493506493,"Male",4,-8.2093506493507
51,"z0183543",4,1,5.08500260824194,"Male",5,1.08500260824194
51,"z0183544",11,1,9.62636165577344,"Female",5,-1.37363834422656
51,"z0186433",21,1,22.4405356214249,"Male",5,1.44053562142489
51,"z0190863",11,1,13.4640746934225,"Female",5,2.46407469342254
51,"z0190867",7,0.8,7.91737804878039,"Female",4,0.917378048780387
51,"z0196956",13,1,20.4603301384452,"Male",5,7.46033013844518
51,"z0198374",16,0.8,21.928499369483,"Male",4,5.92849936948299
51,"z0198473",25,1,23.1250262881178,"Male",5,-1.87497371188221
51,"z0198474",19,1,26.1142598343684,"Male",5,7.11425983436845
52,"z0018943",10,0.55,17.4209841628959,"Female",3,7.42098416289593
52,"z0018944",10,0.55,14.6877649325626,"Male",3,4.68776493256262
52,"z0018945",22,0.55,23.9434195725534,"Female",3,1.94341957255338
52,"z0023316",6,0.75,6.96232638888883,"Male",4,0.962326388888828
52,"z0023317",25,0.55,23.4421764705882,"Male",3,-1.55782352941183
52,"z0023318",11,0.75,7.84737532808394,"Female",4,-3.15262467191606
52,"z0023319",26,0.75,19.9168217054264,"Male",4,-6.08317829457363
52,"z0023321",11,0.55,11.7571400394477,"Female",3,0.757140039447709
52,"z0027453",6,0.55,10.0191259931895,"Female",3,4.0191259931895
52,"z0027455",10,0.2,9.67575247079967,"Female",2,-0.324247529200331
52,"z0033888",6,0.55,7.55103819058206,"Female",3,1.55103819058206
52,"z0033893",15,0.2,15.378477868112,"Male",2,0.378477868112007
52,"z0033898",10,0.55,11.7720627631075,"Male",3,1.77206276310752
52,"z0033906",15,1,21.875,"Male",5,6.875
52,"z0033908",6,1,26.0839174454828,"Male",5,20.0839174454828
52,"z0041286",28,0.55,22.5423571698827,"Male",3,-5.45764283011734
52,"z0045921",10,0.2,21.7566973079448,"Female",2,11.7566973079448
52,"z0045925",24,0.75,25.2230446194225,"Male",4,1.22304461942255
52,"z0045931",7,0.75,4.92096193415631,"Male",4,-2.07903806584369
52,"z0049046",6,0.55,11.3378527841342,"Female",3,5.33785278413422
52,"z0049048",11,0.2,15.6708582834331,"Male",2,4.67085828343312
52,"z0049050",11,0.55,23.7580963215775,"Male",3,12.7580963215775
52,"z0049051",37,0.75,22.5690732206861,"Female",4,-14.4309267793139
52,"z0049052",34,0.75,24.4820903094875,"Male",4,-9.51790969051248
52,"z0061425",26,0.75,20.6940381558029,"Male",4,-5.30596184419714
52,"z0071016",8,0.55,9.46193225558117,"Male",3,1.46193225558117
52,"z0075660",18,0.75,25.9158814589665,"Male",4,7.91588145896651
52,"z0075663",18,0.55,19.6208567153011,"Male",3,1.62085671530114
52,"z0075665",27,0.55,24.8964090554254,"Female",3,-2.1035909445746
52,"z0075676",9,0.75,9.91404979674793,"Female",4,0.914049796747934
52,"z0075677",4,1,5.86460113960108,"Female",5,1.86460113960108
52,"z0075678",7,0.75,14.2839595375723,"Female",4,7.28395953757226
52,"z0091082",7,0.55,6.15632318501164,"Female",3,-0.843676814988356
52,"z0091085",19,0.55,16.6879784466741,"Female",3,-2.31202155332591
52,"z0091086",3,0.55,4.82402351156622,"Female",3,1.82402351156622
52,"z0091275",3,0.55,9.5882824726134,"Male",3,6.5882824726134
52,"z0091276",10,0.2,24.1954155374888,"Female",2,14.1954155374888
52,"z0091277",3,0.75,7.523676012461,"Female",4,4.523676012461
52,"z0091284",3,0.75,5.98662386302829,"Male",4,2.98662386302829
52,"z0091285",5,1,5.79655797101445,"Male",5,0.796557971014453
52,"z0091286",14,0.75,10.0893511639425,"Male",4,-3.91064883605749
52,"z0092243",19,0.75,15.5177265500795,"Female",4,-3.48227344992051
52,"z0092256",5,1,6.24775100401601,"Male",5,1.24775100401601
52,"z0098734",23,0.75,18.8750130412102,"Male",4,-4.12498695878975
52,"z0098735",30,0.75,25.328541337546,"Male",4,-4.67145866245397
52,"z0098736",15,0.55,9.23036832412517,"Female",3,-5.76963167587483
52,"z0098737",12,1,8.50079365079364,"Female",5,-3.49920634920636
52,"z0098738",19,0.75,18.5416045702931,"Male",4,-0.458395429706894
52,"z0098740",17,0.75,14.1048340548341,"Female",4,-2.89516594516594
52,"z0098744",6,0.2,7.68992710404258,"Male",2,1.68992710404258
52,"z0098745",7,0.75,10.5335066864784,"Male",4,3.53350668647843
52,"z0098746",32,0.75,20.8188021600393,"Male",4,-11.1811978399607
52,"z0102483",5,1,6.34287257019433,"Male",5,1.34287257019433
52,"z0102484",13,0.55,15.0713747645951,"Female",3,2.0713747645951
52,"z0102485",21,0.2,29.2854664014148,"Male",2,8.28546640141475
52,"z0102500",12,0.75,12.8709145427286,"Male",4,0.870914542728645
52,"z0123188",24,1,24.7447649572649,"Female",5,0.744764957264934
52,"z0132631",15,0.55,19.0369785999275,"Female",3,4.03697859992746
52,"z0132632",34,0.75,27.8998363338788,"Female",4,-6.10016366612117
52,"z0132634",12,0.75,11.4849837662338,"Female",4,-0.515016233766236
52,"z0132639",29,0.55,24.1940626193203,"Female",3,-4.80593738067971
52,"z0132641",21,0.55,21.7181905864197,"Male",3,0.718190586419713
52,"z0132642",11,0.2,7.4872623138604,"Female",2,-3.5127376861396
52,"z0132658",36,0.75,18.1931510416667,"Male",4,-17.8068489583333
52,"z0132659",27,0.55,23.2479865771812,"Female",3,-3.75201342281884
52,"z0132660",23,0.75,24.3602544132917,"Male",4,1.36025441329174
52,"z0160208",21,1,23.5712837837838,"Female",5,2.57128378378377
52,"z0175867",9,0.75,17.5963141025641,"Female",4,8.5963141025641
52,"z0175874",20,0.75,13.5057613168724,"Male",4,-6.49423868312756
52,"z0175876",12,1,16.7561797752809,"Male",5,4.7561797752809
52,"z0175877",32,0.75,26.8345504222553,"Female",4,-5.16544957774473
52,"z0178364",10,1,15.8432126696833,"Female",5,5.84321266968326
52,"z0183541",32,0.75,25.4375368731563,"Male",4,-6.5624631268437
52,"z0183543",4,1,4.69438405797097,"Male",5,0.694384057970966
52,"z0183544",11,1,9.34621036349573,"Female",5,-1.65378963650427
52,"z0186431",8,0.2,9.56407724380079,"Male",2,1.56407724380079
52,"z0186433",21,1,20.4670510132774,"Male",5,-0.532948986722552
52,"z0186434",22,0.55,20.7100710014947,"Male",3,-1.28992899850526
52,"z0186435",30,0.55,13.2139634601044,"Male",3,-16.7860365398956
52,"z0186450",4,0.55,6.02129115797262,"Male",3,2.02129115797262
52,"z0190863",11,1,12.28575560376,"Female",5,1.28575560375996
52,"z0190867",7,0.75,6.63390123456785,"Female",4,-0.366098765432154
52,"z0196956",13,1,22.1767494356659,"Male",5,9.1767494356659
52,"z0198374",16,0.75,20.6729262086514,"Male",4,4.67292620865139
52,"z0198377",35,0.55,25.1325478927202,"Female",3,-9.86745210727976
52,"z0198473",25,1,24.2970766894457,"Male",5,-0.702923310554315
52,"z0198474",19,1,25.1702991452991,"Male",5,6.17029914529912
52,"z0198475",40,0.55,25.8712172923777,"Male",3,-14.1287827076223
52,"z0187739",23,0.55,25.148645598194,"Female",3,2.14864559819405
52,"z0045928",22,0.2,23.2872972355495,"Female",2,1.28729723554954
53,"z0018943",10,0.55,17.336581920904,"Female",3,7.33658192090396
53,"z0018944",10,0.55,15.1197849462365,"Male",3,5.11978494623654
53,"z0018945",22,0.55,24.7223909249564,"Female",3,2.72239092495644
53,"z0023316",6,0.75,7.05404325340863,"Male",4,1.05404325340863
53,"z0023317",25,0.55,22.9791452111226,"Male",3,-2.02085478887739
53,"z0023318",11,0.75,7.47982708933726,"Female",4,-3.52017291066274
53,"z0023319",26,0.75,19.848105022831,"Male",4,-6.15189497716898
53,"z0023321",11,0.55,11.2838613164379,"Female",3,0.283861316437886
53,"z0027453",6,0.55,10.3773796791444,"Female",3,4.37737967914443
53,"z0033888",6,0.55,7.19206602768916,"Female",3,1.19206602768916
53,"z0033898",10,0.55,11.988626609442,"Male",3,1.98862660944203
53,"z0033906",15,1,21.2963636363636,"Male",5,6.29636363636362
53,"z0033908",6,1,25.8743243243243,"Male",5,19.8743243243243
53,"z0041286",28,0.55,23.020997920998,"Male",3,-4.97900207900203
53,"z0045925",24,0.75,25.8242063492064,"Male",4,1.8242063492064
53,"z0045931",7,0.75,4.81493943472421,"Male",4,-2.18506056527579
53,"z0049046",6,0.55,11.3733579206182,"Female",3,5.3733579206182
53,"z0049050",11,0.55,24.0149013499481,"Male",3,13.0149013499481
53,"z0049051",37,0.75,22.2073390151515,"Female",4,-14.7926609848485
53,"z0049052",34,0.75,25.2522554605888,"Male",4,-8.74774453941115
53,"z0061425",26,0.75,20.4032191780822,"Male",4,-5.59678082191784
53,"z0071016",8,0.55,9.76320657759515,"Male",3,1.76320657759515
53,"z0075660",18,0.75,26.1661716171618,"Male",4,8.16617161716178
53,"z0075663",18,0.55,19.5441894353369,"Male",3,1.54418943533695
53,"z0075665",27,0.55,25.3177390998594,"Female",3,-1.68226090014058
53,"z0075676",9,0.75,10.1057122708039,"Female",4,1.10571227080394
53,"z0075677",4,1,5.76324786324788,"Female",5,1.76324786324788
53,"z0075678",7,0.75,15.2411868686869,"Female",4,8.24118686868688
53,"z0091082",7,0.55,6.13802373007057,"Female",3,-0.861976269929428
53,"z0091085",19,0.55,17.0272629310345,"Female",3,-1.97273706896551
53,"z0091086",3,0.55,4.61215421853403,"Female",3,1.61215421853403
53,"z0091275",3,0.55,9.57775322283616,"Male",3,6.57775322283616
53,"z0091277",3,0.75,7.15437685459947,"Female",4,4.15437685459947
53,"z0091284",3,0.75,5.80179910044987,"Male",4,2.80179910044987
53,"z0091285",5,1,5.98800403225808,"Male",5,0.988004032258084
53,"z0091286",14,0.75,10.1552528227786,"Male",4,-3.84474717722142
53,"z0092243",19,0.75,15.5825715604802,"Female",4,-3.41742843951985
53,"z0092256",5,1,6.1882333978079,"Male",5,1.1882333978079
53,"z0098734",23,0.75,18.6507082152974,"Male",4,-4.34929178470256
53,"z0098735",30,0.75,25.3512785388128,"Male",4,-4.64872146118715
53,"z0098736",15,0.55,9.64003147953837,"Female",3,-5.35996852046163
53,"z0098737",12,1,8.50655006858707,"Female",5,-3.49344993141293
53,"z0098738",19,0.75,18.7803613884926,"Male",4,-0.219638611507385
53,"z0098740",17,0.75,13.5997681965693,"Female",4,-3.40023180343072
53,"z0098745",7,0.75,10.5758378623188,"Male",4,3.57583786231883
53,"z0098746",32,0.75,20.5810489510489,"Male",4,-11.4189510489511
53,"z0102483",5,1,6.20161396574442,"Male",5,1.20161396574442
53,"z0102484",13,0.55,15.3285337552743,"Female",3,2.32853375527426
53,"z0102500",12,0.75,12.9919907407407,"Male",4,0.991990740740714
53,"z0123188",24,1,25.8793666666667,"Female",5,1.87936666666667
53,"z0132631",15,0.55,19.0210526315789,"Female",3,4.02105263157893
53,"z0132632",34,0.75,28.745296803653,"Female",4,-5.25470319634695
53,"z0132634",12,0.75,11.5946948998178,"Female",4,-0.405305100182181
53,"z0132639",29,0.55,25.1755191833862,"Female",3,-3.82448081661378
53,"z0132641",21,0.55,22.1199540473666,"Male",3,1.11995404736658
53,"z0132658",36,0.75,17.7500699300699,"Male",4,-18.2499300699301
53,"z0132659",27,0.55,23.4349128540306,"Female",3,-3.56508714596945
53,"z0132660",23,0.75,24.036526268116,"Male",4,1.03652626811597
53,"z0160208",21,1,24.9648648648648,"Female",5,3.96486486486484
53,"z0175867",9,0.75,17.9314917127072,"Female",4,8.93149171270719
53,"z0175874",20,0.75,13.8491054613936,"Male",4,-6.15089453860643
53,"z0175876",12,1,16.9309751434034,"Male",5,4.93097514340344
53,"z0175877",32,0.75,27.4316808309727,"Female",4,-4.5683191690273
53,"z0178364",10,1,15.9893536121673,"Female",5,5.9893536121673
53,"z0183541",32,0.75,25.8251527973672,"Male",4,-6.17484720263276
53,"z0183543",4,1,4.6341965471448,"Male",5,0.6341965471448
53,"z0183544",11,1,9.45499351491566,"Female",5,-1.54500648508434
53,"z0186433",21,1,20.7211217948718,"Male",5,-0.278878205128237
53,"z0186434",22,0.55,21.0732054015636,"Male",3,-0.926794598436416
53,"z0186435",30,0.55,12.889063556457,"Male",3,-17.110936443543
53,"z0186450",4,0.55,5.75597352838744,"Male",3,1.75597352838744
53,"z0190863",11,1,12.3911988911989,"Female",5,1.39119889119887
53,"z0190867",7,0.75,6.4005057803469,"Female",4,-0.599494219653105
53,"z0196956",13,1,22.7050669216061,"Male",5,9.70506692160608
53,"z0198374",16,0.75,21.2095774647887,"Male",4,5.2095774647887
53,"z0198377",35,0.55,25.5549080818593,"Female",3,-9.44509191814072
53,"z0198473",25,1,24.8246548323471,"Male",5,-0.1753451676529
53,"z0198474",19,1,25.5900350877193,"Male",5,6.59003508771927
53,"z0198475",40,0.55,26.8789059641421,"Male",3,-13.1210940358579
53,"z0187739",23,0.55,25.5056167400882,"Female",3,2.5056167400882
54,"z0023316",6,0.75,7.64601752289913,"Male",4,1.64601752289913
54,"z0023318",11,0.75,7.06838656838645,"Female",4,-3.93161343161355
54,"z0023319",26,0.75,19.4088175948346,"Male",4,-6.59118240516543
54,"z0033906",15,1,22.9052011494253,"Male",5,7.90520114942531
54,"z0033908",6,1,25.6906326034063,"Male",5,19.6906326034063
54,"z0045925",24,0.75,23.1109368465077,"Male",4,-0.889063153492295
54,"z0045931",7,0.75,5.61929069290684,"Male",4,-1.38070930709316
54,"z0049051",37,0.75,21.2018719806764,"Female",4,-15.7981280193236
54,"z0049052",34,0.75,23.7919921104536,"Male",4,-10.2080078895464
54,"z0061425",26,0.75,19.7259975062344,"Male",4,-6.27400249376556
54,"z0075660",18,0.75,26.057945736434,"Male",4,8.05794573643401
54,"z0075676",9,0.75,11.3782066993464,"Female",4,2.37820669934642
54,"z0075677",4,1,6.75531441291035,"Female",5,2.75531441291035
54,"z0075678",7,0.75,14.9263654618474,"Female",4,7.92636546184741
54,"z0091277",3,0.75,8.04221411192203,"Female",4,5.04221411192203
54,"z0091284",3,0.75,6.29300161812287,"Male",4,3.29300161812287
54,"z0091285",5,1,6.90376787678762,"Male",5,1.90376787678762
54,"z0091286",14,0.75,10.5472362869198,"Male",4,-3.45276371308018
54,"z0092243",19,0.75,16.3769230769231,"Female",4,-2.62307692307693
54,"z0092256",5,1,7.2880248833592,"Male",5,2.2880248833592
54,"z0098734",23,0.75,18.9102644836272,"Male",4,-4.08973551637277
54,"z0098735",30,0.75,23.4906442901234,"Male",4,-6.5093557098766
54,"z0098737",12,1,10.3133625730994,"Female",5,-1.68663742690055
54,"z0098738",19,0.75,17.9701754385965,"Male",4,-1.02982456140349
54,"z0098740",17,0.75,13.759307093071,"Female",4,-3.24069290692904
54,"z0098745",7,0.75,11.4496890547264,"Male",4,4.4496890547264
54,"z0098746",32,0.75,20.8991511387164,"Male",4,-11.1008488612836
54,"z0102483",5,1,7.14267759562835,"Male",5,2.14267759562835
54,"z0102500",12,0.75,12.3502008032129,"Male",4,0.35020080321288
54,"z0123188",24,1,24.8988478027867,"Female",5,0.898847802786676
54,"z0132632",34,0.75,26.9503075030749,"Female",4,-7.04969249692507
54,"z0132634",12,0.75,11.8606446140798,"Female",4,-0.13935538592024
54,"z0132658",36,0.75,17.1990961199295,"Male",4,-18.8009038800705
54,"z0132660",23,0.75,24.1917301184433,"Male",4,1.19173011844326
54,"z0160208",21,1,24.6363010068892,"Female",5,3.6363010068892
54,"z0175867",9,0.75,18.9468763102726,"Female",4,9.94687631027256
54,"z0175874",20,0.75,15.1735810810811,"Male",4,-4.8264189189189
54,"z0175876",12,1,17.3485754985755,"Male",5,5.3485754985755
54,"z0175877",32,0.75,25.3871919191918,"Female",4,-6.61280808080819
54,"z0178364",10,1,15.9085483870968,"Female",5,5.90854838709677
54,"z0183541",32,0.75,23.841049382716,"Male",4,-8.158950617284
54,"z0183543",4,1,4.94745484400648,"Male",5,0.947454844006478
54,"z0183544",11,1,9.50505394662127,"Female",5,-1.49494605337873
54,"z0186433",21,1,22.1611764705883,"Male",5,1.16117647058827
54,"z0190863",11,1,13.5856981981982,"Female",5,2.58569819819822
54,"z0190867",7,0.75,7.93091024020219,"Female",4,0.930910240202191
54,"z0196956",13,1,19.9285292538916,"Male",5,6.9285292538916
54,"z0198374",16,0.75,21.7457215836526,"Male",4,5.74572158365264
54,"z0198473",25,1,22.8366231647635,"Male",5,-2.16337683523652
54,"z0198474",19,1,25.9852907311456,"Male",5,6.9852907311456
55,"z0018943",10,1,16.6464510332435,"Female",3,6.64645103324348
55,"z0018944",10,1,14.4479972375691,"Male",3,4.44799723756907
55,"z0018945",22,1,24.3433847592332,"Female",3,2.34338475923323
55,"z0023316",6,1,7.02080910852706,"Male",4,1.02080910852706
55,"z0023317",25,1,23.4242753623188,"Male",3,-1.5757246376812
55,"z0023318",11,1,8.25828690807795,"Female",4,-2.74171309192205
55,"z0023319",26,1,19.9653024101864,"Male",4,-6.03469758981356
55,"z0023321",11,1,11.6425872788139,"Female",3,0.642587278813949
55,"z0027453",6,1,10.0371865025079,"Female",3,4.03718650250794
55,"z0027455",10,1,9.71545698924727,"Female",2,-0.284543010752731
55,"z0033888",6,1,8.05252590673571,"Female",3,2.05252590673571
55,"z0033893",15,1,14.8772849462366,"Male",2,-0.122715053763448
55,"z0033898",10,1,11.3461286089239,"Male",3,1.34612860892386
55,"z0033906",15,1,20.4611859838275,"Male",5,5.46118598382747
55,"z0033908",6,1,25.5274208566107,"Male",5,19.5274208566107
55,"z0041286",28,1,22.1258831521739,"Male",3,-5.87411684782612
55,"z0045921",10,1,22.2523004694835,"Female",2,12.2523004694835
55,"z0045925",24,1,24.1636623748211,"Male",4,0.163662374821129
55,"z0045931",7,1,5.30752545374052,"Male",4,-1.69247454625948
55,"z0049046",6,1,11.3397177419355,"Female",3,5.33971774193547
55,"z0049048",11,1,14.2741426611797,"Male",2,3.2741426611797
55,"z0049050",11,1,24.4578402366864,"Male",3,13.4578402366864
55,"z0049051",37,1,22.6829327992879,"Female",4,-14.3170672007121
55,"z0049052",34,1,24.0629356568364,"Male",4,-9.93706434316358
55,"z0061425",26,1,19.908152173913,"Male",4,-6.09184782608696
55,"z0071016",8,1,9.53401697312585,"Male",3,1.53401697312585
55,"z0075660",18,1,25.9525342465753,"Male",4,7.95253424657528
55,"z0075663",18,1,18.9790799815072,"Male",3,0.979079981507187
55,"z0075665",27,1,25.3680536912751,"Female",3,-1.63194630872488
55,"z0075676",9,1,9.72409420289851,"Female",4,0.72409420289851
55,"z0075677",4,1,5.84963963963957,"Female",5,1.84963963963957
55,"z0075678",7,1,14.9298591549296,"Female",4,7.92985915492957
55,"z0091082",7,1,6.44089655172406,"Female",3,-0.559103448275943
55,"z0091085",19,1,16.9358571428571,"Female",3,-2.06414285714287
55,"z0091086",3,1,4.71327331486605,"Female",3,1.71327331486605
55,"z0091275",3,1,9.29442039442034,"Male",3,6.29442039442034
55,"z0091276",10,1,25.5510845506861,"Female",2,15.5510845506861
55,"z0091277",3,1,7.3674380551659,"Female",4,4.3674380551659
55,"z0091284",3,1,5.85569936421429,"Male",4,2.85569936421429
55,"z0091285",5,1,5.29470794905569,"Male",5,0.294707949055693
55,"z0091286",14,1,10.5061051693404,"Male",4,-3.49389483065957
55,"z0092243",19,1,15.1912719298246,"Female",4,-3.80872807017544
55,"z0092256",5,1,6.0696475195822,"Male",5,1.0696475195822
55,"z0098734",23,1,18.9940476190476,"Male",4,-4.00595238095237
55,"z0098735",30,1,24.2440874609549,"Male",4,-5.75591253904512
55,"z0098736",15,1,8.8259436107321,"Female",3,-6.1740563892679
55,"z0098737",12,1,8.79488536155197,"Female",5,-3.20511463844803
55,"z0098738",19,1,18.8849599245639,"Male",4,-0.115040075436099
55,"z0098740",17,1,13.9649595687332,"Female",4,-3.03504043126684
55,"z0098744",6,1,7.5717410915651,"Male",2,1.5717410915651
55,"z0098745",7,1,10.924053030303,"Male",4,3.924053030303
55,"z0098746",32,1,21.3574275362319,"Male",4,-10.6425724637681
55,"z0102483",5,1,6.07375113533145,"Male",5,1.07375113533145
55,"z0102484",13,1,14.7137815927515,"Female",3,1.71378159275154
55,"z0102485",21,1,27.3054268846503,"Male",2,6.30542688465026
55,"z0102500",12,1,13.3817862165964,"Male",4,1.38178621659636
55,"z0123188",24,1,23.9727209944751,"Female",5,-0.0272790055249104
55,"z0132631",15,1,18.317101051669,"Female",3,3.31710105166896
55,"z0132632",34,1,25.5172560113154,"Female",4,-8.48274398868464
55,"z0132634",12,1,12.1763576779026,"Female",4,0.176357677902612
55,"z0132639",29,1,22.4197548326261,"Female",3,-6.58024516737391
55,"z0132641",21,1,21.6328690807799,"Male",3,0.632869080779923
55,"z0132642",11,1,7.19566270365471,"Female",2,-3.80433729634529
55,"z0132658",36,1,20.2994715984148,"Male",4,-15.7005284015852
55,"z0132659",27,1,22.8258516601983,"Female",3,-4.17414833980169
55,"z0132660",23,1,24.0386134067952,"Male",4,1.03861340679518
55,"z0160208",21,1,23.2736639492753,"Female",5,2.2736639492753
55,"z0175867",9,1,16.8920951156812,"Female",4,7.89209511568123
55,"z0175874",20,1,13.4486648250461,"Male",4,-6.55133517495394
55,"z0175876",12,1,16.5168952903521,"Male",5,4.51689529035208
55,"z0175877",32,1,27.8538088642659,"Female",4,-4.14619113573412
55,"z0178364",10,1,15.5984030589294,"Female",5,5.59840305892937
55,"z0183541",32,1,23.8545761078998,"Male",4,-8.14542389210023
55,"z0183543",4,1,4.72818662818656,"Male",5,0.728186628186556
55,"z0183544",11,1,9.10616377392073,"Female",5,-1.89383622607927
55,"z0186431",8,1,9.66627450980389,"Male",2,1.66627450980389
55,"z0186433",21,1,20.1621441689623,"Male",5,-0.837855831037654
55,"z0186434",22,1,20.2936563670412,"Male",3,-1.70634363295881
55,"z0186435",30,1,14.0885686839577,"Male",3,-15.9114313160423
55,"z0186450",4,1,6.09978991596632,"Male",3,2.09978991596632
55,"z0190863",11,1,11.1407149489322,"Female",5,0.140714948932196
55,"z0190867",7,1,7.32185491276395,"Female",4,0.321854912763948
55,"z0196956",13,1,22.3337825696316,"Male",5,9.3337825696316
55,"z0198374",16,1,19.7828866948754,"Male",4,3.78288669487541
55,"z0198377",35,1,23.6090717299578,"Female",3,-11.3909282700422
55,"z0198473",25,1,24.1098453842655,"Male",5,-0.890154615734478
55,"z0198474",19,1,24.525273762593,"Male",5,5.52527376259302
55,"z0198475",40,1,24.7277994791666,"Male",3,-15.2722005208334
55,"z0187739",23,1,25.171554054054,"Female",3,2.171554054054
55,"z0045928",22,1,24.2228274967574,"Female",2,2.2228274967574
56,"z0018943",10,1,17.4623048668503,"Female",3,7.46230486685033
56,"z0018944",10,1,15.1309862494073,"Male",3,5.13098624940731
56,"z0018945",22,1,24.5569047619048,"Female",3,2.55690476190479
56,"z0023316",6,1,6.90572842998594,"Male",4,0.90572842998594
56,"z0023317",25,1,24.0116620752985,"Male",3,-0.98833792470154
56,"z0023318",11,1,7.68148148148155,"Female",4,-3.31851851851845
56,"z0023319",26,1,20.0394144144144,"Male",4,-5.96058558558561
56,"z0023321",11,1,11.3838315217391,"Female",3,0.38383152173909
56,"z0027453",6,1,10.1774762550882,"Female",3,4.17747625508819
56,"z0033888",6,1,7.57920571173591,"Female",3,1.57920571173591
56,"z0033898",10,1,11.6518954248366,"Male",3,1.65189542483656
56,"z0033906",15,1,21.6127074442864,"Male",5,6.61270744428636
56,"z0033908",6,1,26.1118432971015,"Male",5,20.1118432971015
56,"z0041286",28,1,23.0093512304251,"Male",3,-4.99064876957493
56,"z0045925",24,1,24.4230823863637,"Male",4,0.423082386363678
56,"z0045931",7,1,5.12475795297384,"Male",4,-1.87524204702616
56,"z0049046",6,1,10.7857497741644,"Female",3,4.78574977416439
56,"z0049050",11,1,24.7269919849128,"Male",3,13.7269919849128
56,"z0049051",37,1,23.2470238095238,"Female",4,-13.7529761904762
56,"z0049052",34,1,25.1711264367817,"Male",4,-8.82887356321833
56,"z0061425",26,1,20.8296220400728,"Male",4,-5.17037795992717
56,"z0071016",8,1,9.889,"Male",3,1.889
56,"z0075660",18,1,26.6574493163603,"Male",4,8.65744931636027
56,"z0075663",18,1,20.333379501385,"Male",3,2.33337950138501
56,"z0075665",27,1,26.2122481684982,"Female",3,-0.78775183150178
56,"z0075676",9,1,9.6800498188406,"Female",4,0.680049818840601
56,"z0075677",4,1,5.66124081279734,"Female",5,1.66124081279734
56,"z0075678",7,1,15.2227030625832,"Female",4,8.22270306258323
56,"z0091082",7,1,6.61329891838749,"Female",3,-0.386701081612513
56,"z0091085",19,1,17.4339555555556,"Female",3,-1.56604444444444
56,"z0091086",3,1,4.50503102836891,"Female",3,1.50503102836891
56,"z0091275",3,1,9.3290389972145,"Male",3,6.3290389972145
56,"z0091277",3,1,7.39439167797383,"Female",4,4.39439167797383
56,"z0091284",3,1,5.84982773471155,"Male",4,2.84982773471155
56,"z0091285",5,1,5.29748826291091,"Male",5,0.297488262910909
56,"z0091286",14,1,10.1783908045977,"Male",4,-3.8216091954023
56,"z0092243",19,1,15.596793134598,"Female",4,-3.40320686540199
56,"z0092256",5,1,6.05023871527788,"Male",5,1.05023871527788
56,"z0098734",23,1,18.8281662269129,"Male",4,-4.17183377308709
56,"z0098735",30,1,24.9846648301194,"Male",4,-5.01533516988059
56,"z0098736",15,1,8.67517730496459,"Female",3,-6.32482269503541
56,"z0098737",12,1,8.7256321839081,"Female",5,-3.2743678160919
56,"z0098738",19,1,19.1268802848242,"Male",4,0.126880284824189
56,"z0098740",17,1,14.1035260930888,"Female",4,-2.89647390691117
56,"z0098745",7,1,10.1102777777778,"Male",4,3.11027777777778
56,"z0098746",32,1,21.0087214611872,"Male",4,-10.9912785388128
56,"z0102483",5,1,6.11159618008198,"Male",5,1.11159618008198
56,"z0102484",13,1,14.3579545454545,"Female",3,1.35795454545453
56,"z0102500",12,1,13.2912835249042,"Male",4,1.29128352490419
56,"z0123188",24,1,26.2448768689535,"Female",5,2.24487686895348
56,"z0132631",15,1,19.0705722070844,"Female",3,4.07057220708444
56,"z0132632",34,1,27.5910666666668,"Female",4,-6.40893333333323
56,"z0132634",12,1,11.6171239140375,"Female",4,-0.38287608596254
56,"z0132639",29,1,23.6470476190476,"Female",3,-5.35295238095237
56,"z0132641",21,1,21.8537977430555,"Male",3,0.853797743055523
56,"z0132658",36,1,20.3901307189542,"Male",4,-15.6098692810458
56,"z0132659",27,1,24.8111811391224,"Female",3,-2.18881886087765
56,"z0132660",23,1,24.7981994459834,"Male",4,1.79819944598344
56,"z0160208",21,1,25.9368396446938,"Female",5,4.93683964469383
56,"z0175867",9,1,17.7437158469945,"Female",4,8.74371584699455
56,"z0175874",20,1,13.6974411231884,"Male",4,-6.30255887681161
56,"z0175876",12,1,18.7562701705855,"Male",5,6.75627017058551
56,"z0175877",32,1,29.1890845070424,"Female",4,-2.81091549295765
56,"z0178364",10,1,16.6296322160149,"Female",5,6.6296322160149
56,"z0183541",32,1,25.4982269503547,"Male",4,-6.50177304964533
56,"z0183543",4,1,4.81905786704937,"Male",5,0.819057867049374
56,"z0183544",11,1,9.16638537271451,"Female",5,-1.83361462728549
56,"z0186433",21,1,20.5635836810385,"Male",5,-0.436416318961545
56,"z0186434",22,1,20.9004273504273,"Male",3,-1.09957264957268
56,"z0186435",30,1,13.387172538392,"Male",3,-16.612827461608
56,"z0186450",4,1,5.78883812010455,"Male",3,1.78883812010455
56,"z0190863",11,1,11.5327891156462,"Female",5,0.532789115646215
56,"z0190867",7,1,6.72048757618385,"Female",4,-0.279512423816151
56,"z0196956",13,1,22.4577438742487,"Male",5,9.45774387424871
56,"z0198374",16,1,20.9735159817351,"Male",4,4.97351598173513
56,"z0198377",35,1,24.6848462301588,"Female",3,-10.3151537698412
56,"z0198473",25,1,25.8238159070599,"Male",5,0.823815907059934
56,"z0198474",19,1,25.8132530120483,"Male",5,6.81325301204827
56,"z0198475",40,1,26.0739361702128,"Male",3,-13.9260638297872
56,"z0187739",23,1,26.4534542314336,"Female",3,3.45345423143359
57,"z0023316",6,1,8.36475719000467,"Male",4,2.36475719000467
57,"z0023318",11,1,7.0086238958623,"Female",4,-3.9913761041377
57,"z0023319",26,1,19.6611888111888,"Male",4,-6.33881118881117
57,"z0033906",15,1,23.2311938382541,"Male",5,8.23119383825414
57,"z0033908",6,1,26.5186918063314,"Male",5,20.5186918063314
57,"z0045925",24,1,23.348664825046,"Male",4,-0.651335174953992
57,"z0045931",7,1,5.32848011363624,"Male",4,-1.67151988636376
57,"z0049051",37,1,21.9686391843972,"Female",4,-15.0313608156028
57,"z0049052",34,1,23.8060704960835,"Male",4,-10.1939295039165
57,"z0061425",26,1,20.037794384058,"Male",4,-5.96220561594201
57,"z0075660",18,1,26.6643694327238,"Male",4,8.66436943272376
57,"z0075676",9,1,11.6256324900133,"Female",4,2.62563249001334
57,"z0075677",4,1,6.4981634527088,"Female",5,2.4981634527088
57,"z0075678",7,1,16.3665362885702,"Female",4,9.36653628857018
57,"z0091277",3,1,7.10841607565002,"Female",4,4.10841607565002
57,"z0091284",3,1,6.73699131229985,"Male",4,3.73699131229985
57,"z0091285",5,1,6.8495138888888,"Male",5,1.8495138888888
57,"z0091286",14,1,10.124522858411,"Male",4,-3.87547714158901
57,"z0092243",19,1,16.3641491841492,"Female",4,-2.63585081585082
57,"z0092256",5,1,7.30382664822491,"Male",5,2.30382664822491
57,"z0098734",23,1,18.5693586142322,"Male",4,-4.43064138576777
57,"z0098735",30,1,23.2625112917796,"Male",4,-6.73748870822044
57,"z0098737",12,1,10.2283777466106,"Female",5,-1.77162225338943
57,"z0098738",19,1,17.9859477124183,"Male",4,-1.01405228758168
57,"z0098740",17,1,14.8012803234502,"Female",4,-2.19871967654985
57,"z0098745",7,1,11.658864265928,"Male",4,4.658864265928
57,"z0098746",32,1,22.0494007989348,"Male",4,-9.95059920106523
57,"z0102483",5,1,7.06291899441331,"Male",5,2.06291899441331
57,"z0102500",12,1,13.3762167125804,"Male",4,1.37621671258037
57,"z0123188",24,1,24.2921064814814,"Female",5,0.292106481481429
57,"z0132632",34,1,26.3467458223394,"Female",4,-7.65325417766061
57,"z0132634",12,1,11.7588289534348,"Female",4,-0.241171046565206
57,"z0132658",36,1,19.8021425349572,"Male",4,-16.1978574650428
57,"z0132660",23,1,25.1152564102563,"Male",4,2.11525641025632
57,"z0160208",21,1,24.7859126984126,"Female",5,3.78591269841262
57,"z0175867",9,1,18.940522875817,"Female",4,9.94052287581702
57,"z0175874",20,1,14.3242283950618,"Male",4,-5.67577160493824
57,"z0175876",12,1,18.5137517630466,"Male",5,6.51375176304656
57,"z0175877",32,1,26.2388810861422,"Female",4,-5.76111891385775
57,"z0178364",10,1,15.7376068376068,"Female",5,5.73760683760684
57,"z0183541",32,1,24.3733517750115,"Male",4,-7.62664822498853
57,"z0183543",4,1,5.10370118074467,"Male",5,1.10370118074467
57,"z0183544",11,1,9.89655172413791,"Female",5,-1.10344827586209
57,"z0186433",21,1,22.5948153409091,"Male",5,1.59481534090911
57,"z0190863",11,1,13.6656359649123,"Female",5,2.66563596491231
57,"z0190867",7,1,7.86516620498606,"Female",4,0.865166204986059
57,"z0196956",13,1,21.1840145985402,"Male",5,8.18401459854017
57,"z0198374",16,1,21.4059877416313,"Male",4,5.40598774163133
57,"z0198473",25,1,23.0249885373682,"Male",5,-1.97501146263184
57,"z0198474",19,1,26.1452574525744,"Male",5,7.14525745257443
58,"z0018943",10,0.6,17.2249262536873,"Female",3,7.2249262536873
58,"z0018944",10,0.6,14.5590666666667,"Male",3,4.55906666666667
58,"z0018945",22,0.6,24.6220741599072,"Female",3,2.62207415990724
58,"z0023316",6,0.8,7.03525456292021,"Male",4,1.03525456292021
58,"z0023317",25,0.6,23.7977514792899,"Male",3,-1.20224852071012
58,"z0023318",11,0.8,7.7961497890295,"Female",4,-3.2038502109705
58,"z0023319",26,0.8,19.8263045793397,"Male",4,-6.17369542066026
58,"z0023321",11,0.6,11.5678180445451,"Female",3,0.567818044545099
58,"z0027453",6,0.6,10.2512295081967,"Female",3,4.25122950819667
58,"z0027455",10,0.4,9.63607632677394,"Female",2,-0.363923673226065
58,"z0033888",6,0.6,7.83985671191547,"Female",3,1.83985671191547
58,"z0033893",15,0.4,15.5267015706806,"Male",2,0.526701570680624
58,"z0033898",10,0.6,11.4549354593773,"Male",3,1.45493545937734
58,"z0033906",15,1,21.5229540918164,"Male",5,6.52295409181637
58,"z0033908",6,1,25.9869490358126,"Male",5,19.9869490358126
58,"z0041286",28,0.6,22.9574890742947,"Male",3,-5.04251092570525
58,"z0045921",10,0.4,22.0847045518801,"Female",2,12.0847045518801
58,"z0045925",24,0.8,23.7440972222222,"Male",4,-0.255902777777809
58,"z0045931",7,0.8,5.08609929078007,"Male",4,-1.91390070921993
58,"z0049046",6,0.6,11.038027903469,"Female",3,5.03802790346903
58,"z0049048",11,0.4,15.1526944444444,"Male",2,4.15269444444444
58,"z0049050",11,0.6,24.1049246600514,"Male",3,13.1049246600514
58,"z0049051",37,0.8,22.7895042994436,"Female",4,-14.2104957005564
58,"z0049052",34,0.8,24.0390049751243,"Male",4,-9.96099502487566
58,"z0061425",26,0.8,20.0027149321267,"Male",4,-5.99728506787329
58,"z0071016",8,0.6,9.80042242703528,"Male",3,1.80042242703528
58,"z0075660",18,0.8,26.683893129771,"Male",4,8.68389312977096
58,"z0075663",18,0.6,19.6812403100775,"Male",3,1.68124031007752
58,"z0075665",27,0.6,25.7487294469357,"Female",3,-1.25127055306434
58,"z0075676",9,0.8,9.95138476755684,"Female",4,0.95138476755684
58,"z0075677",4,1,5.93934811827953,"Female",5,1.93934811827953
58,"z0075678",7,0.8,14.8544696969697,"Female",4,7.85446969696969
58,"z0091082",7,0.6,6.44496855345909,"Female",3,-0.55503144654091
58,"z0091085",19,0.6,16.5742967244701,"Female",3,-2.42570327552988
58,"z0091086",3,0.6,4.69061059907837,"Female",3,1.69061059907837
58,"z0091275",3,0.6,9.54753559693313,"Male",3,6.54753559693313
58,"z0091276",10,0.4,24.6568910256411,"Female",2,14.6568910256411
58,"z0091277",3,0.8,7.47583461736,"Female",4,4.47583461736
58,"z0091284",3,0.8,5.85414215686269,"Male",4,2.85414215686269
58,"z0091285",5,1,5.91829268292678,"Male",5,0.918292682926781
58,"z0091286",14,0.8,10.071046046046,"Male",4,-3.92895395395398
58,"z0092243",19,0.8,15.449880952381,"Female",4,-3.55011904761905
58,"z0092256",5,1,6.24538661468482,"Male",5,1.24538661468482
58,"z0098734",23,0.8,19.1014460784314,"Male",4,-3.89855392156861
58,"z0098735",30,0.8,24.0060121765601,"Male",4,-5.99398782343992
58,"z0098736",15,0.6,9.11682371417348,"Female",3,-5.88317628582652
58,"z0098737",12,1,8.81618122977343,"Female",5,-3.18381877022657
58,"z0098738",19,0.8,18.5750388802488,"Male",4,-0.424961119751156
58,"z0098740",17,0.8,13.5325972660358,"Female",4,-3.46740273396424
58,"z0098744",6,0.4,8.14374636416521,"Male",2,2.14374636416521
58,"z0098745",7,0.8,10.8853527607362,"Male",4,3.88535276073618
58,"z0098746",32,0.8,20.7744728915663,"Male",4,-11.2255271084337
58,"z0102483",5,1,6.07546777546773,"Male",5,1.07546777546773
58,"z0102484",13,0.6,14.9901916572717,"Female",3,1.99019165727169
58,"z0102485",21,0.4,27.8597844827588,"Male",2,6.85978448275877
58,"z0102500",12,0.8,12.9941605839416,"Male",4,0.994160583941621
58,"z0123188",24,1,24.5576850094876,"Female",5,0.557685009487642
58,"z0132631",15,0.6,19.2895739064857,"Female",3,4.28957390648567
58,"z0132632",34,0.8,26.6905873493975,"Female",4,-7.30941265060246
58,"z0132634",12,0.8,11.9085881753313,"Female",4,-0.0914118246687146
58,"z0132639",29,0.6,23.5522047832585,"Female",3,-5.44779521674146
58,"z0132641",21,0.6,21.5874578177728,"Male",3,0.587457817772751
58,"z0132642",11,0.4,7.38274951348351,"Female",2,-3.61725048651649
58,"z0132658",36,0.8,18.3271641791045,"Male",4,-17.6728358208955
58,"z0132659",27,0.6,23.5744444444444,"Female",3,-3.4255555555556
58,"z0132660",23,0.8,24.6699395770392,"Male",4,1.66993957703922
58,"z0160208",21,1,23.9691632928475,"Female",5,2.96916329284748
58,"z0175867",9,0.8,17.8218241869919,"Female",4,8.82182418699186
58,"z0175874",20,0.8,14.1413343180699,"Male",4,-5.85866568193008
58,"z0175876",12,1,16.9514348785872,"Male",5,4.95143487858719
58,"z0175877",32,0.8,28.8336756187466,"Female",4,-3.16632438125335
58,"z0178364",10,1,16.5864035087719,"Female",5,6.58640350877193
58,"z0183541",32,0.8,24.6897043832823,"Male",4,-7.31029561671767
58,"z0183543",4,1,4.64656957928796,"Male",5,0.646569579287961
58,"z0183544",11,1,9.35883134130144,"Female",5,-1.64116865869856
58,"z0186431",8,0.4,9.73235380116953,"Male",2,1.73235380116953
58,"z0186433",21,1,20.7323508005823,"Male",5,-0.267649199417736
58,"z0186434",22,0.6,21.5356566820276,"Male",3,-0.464343317972393
58,"z0186435",30,0.6,13.4743855606759,"Male",3,-16.5256144393241
58,"z0186450",4,0.6,6.06059889676906,"Male",3,2.06059889676906
58,"z0190863",11,1,11.660701754386,"Female",5,0.660701754385979
58,"z0190867",7,0.8,7.30371235721698,"Female",4,0.303712357216979
58,"z0196956",13,1,20.2767118863049,"Male",5,7.27671188630492
58,"z0198374",16,0.8,20.7456259426848,"Male",4,4.74562594268476
58,"z0198377",35,0.6,24.248923490965,"Female",3,-10.751076509035
58,"z0198473",25,1,24.7970328282828,"Male",5,-0.202967171717205
58,"z0198474",19,1,25.2239475500345,"Male",5,6.22394755003447
58,"z0198475",40,0.6,25.5716062934504,"Male",3,-14.4283937065496
58,"z0187739",23,0.6,26.0081346954218,"Female",3,3.00813469542184
58,"z0045928",22,0.4,24.1179006968641,"Female",2,2.11790069686411
59,"z0018943",10,0.6,16.8498578535892,"Female",3,6.8498578535892
59,"z0018944",10,0.6,15.1040628385699,"Male",3,5.10406283856986
59,"z0018945",22,0.6,24.3088637180871,"Female",3,2.30886371808709
59,"z0023316",6,0.8,6.90199811941708,"Male",4,0.901998119417085
59,"z0023317",25,0.6,24.0381619937695,"Male",3,-0.961838006230465
59,"z0023318",11,0.8,7.93202380952387,"Female",4,-3.06797619047613
59,"z0023319",26,0.8,20.8459355459355,"Male",4,-5.15406445406448
59,"z0023321",11,0.6,11.5597565543071,"Female",3,0.559756554307118
59,"z0027453",6,0.6,10.3172935103245,"Female",3,4.31729351032452
59,"z0033888",6,0.6,7.38844142259427,"Female",3,1.38844142259427
59,"z0033898",10,0.6,12.0679528403001,"Male",3,2.06795284030007
59,"z0033906",15,1,21.5000621890547,"Male",5,6.5000621890547
59,"z0033908",6,1,25.7477735368957,"Male",5,19.7477735368957
59,"z0041286",28,0.6,23.4321336286453,"Male",3,-4.56786637135468
59,"z0045925",24,0.8,24.8660476190477,"Male",4,0.866047619047663
59,"z0045931",7,0.8,4.79197619047632,"Male",4,-2.20802380952368
59,"z0049046",6,0.6,11.4407290571328,"Female",3,5.44072905713284
59,"z0049050",11,0.6,24.1455714810732,"Male",3,13.1455714810732
59,"z0049051",37,0.8,22.7962679647659,"Female",4,-14.2037320352341
59,"z0049052",34,0.8,24.6070867959372,"Male",4,-9.39291320406276
59,"z0061425",26,0.8,20.2698378636147,"Male",4,-5.73016213638534
59,"z0071016",8,0.6,9.90279009608282,"Male",3,1.90279009608282
59,"z0075660",18,0.8,26.3583214115403,"Male",4,8.35832141154032
59,"z0075663",18,0.6,19.4276836158192,"Male",3,1.42768361581918
59,"z0075665",27,0.6,25.6905740740742,"Female",3,-1.30942592592584
59,"z0075676",9,0.8,10.2204789833822,"Female",4,1.22047898338218
59,"z0075677",4,1,5.77615283267461,"Female",5,1.77615283267461
59,"z0075678",7,0.8,14.7999767225326,"Female",4,7.79997672253257
59,"z0091082",7,0.6,6.46431199411342,"Female",3,-0.535688005886575
59,"z0091085",19,0.6,17.2007427536232,"Female",3,-1.79925724637681
59,"z0091086",3,0.6,4.70829686360336,"Female",3,1.70829686360336
59,"z0091275",3,0.6,9.61250000000005,"Male",3,6.61250000000005
59,"z0091277",3,0.8,7.34066293183947,"Female",4,4.34066293183947
59,"z0091284",3,0.8,5.9178674351586,"Male",4,2.9178674351586
59,"z0091285",5,1,6.17637051039701,"Male",5,1.17637051039701
59,"z0091286",14,0.8,10.2024032042724,"Male",4,-3.79759679572764
59,"z0092243",19,0.8,15.7460238095238,"Female",4,-3.25397619047619
59,"z0092256",5,1,6.1258652094718,"Male",5,1.1258652094718
59,"z0098734",23,0.8,18.1477857142857,"Male",4,-4.85221428571428
59,"z0098735",30,0.8,24.1282138024358,"Male",4,-5.87178619756424
59,"z0098736",15,0.6,9.16139380530981,"Female",3,-5.83860619469019
59,"z0098737",12,1,9.40476647472805,"Female",5,-2.59523352527195
59,"z0098738",19,0.8,19.1815026153114,"Male",4,0.181502615311445
59,"z0098740",17,0.8,13.6347461685823,"Female",4,-3.36525383141766
59,"z0098745",7,0.8,10.6156432748538,"Male",4,3.61564327485376
59,"z0098746",32,0.8,21.3170737547892,"Male",4,-10.6829262452108
59,"z0102483",5,1,6.41057513914661,"Male",5,1.41057513914661
59,"z0102484",13,0.6,14.9808169219548,"Female",3,1.98081692195476
59,"z0102500",12,0.8,12.8375925925926,"Male",4,0.83759259259257
59,"z0123188",24,1,25.8789882060832,"Female",5,1.87898820608319
59,"z0132631",15,0.6,19.2830185185185,"Female",3,4.28301851851849
59,"z0132632",34,0.8,27.4755632183909,"Female",4,-6.52443678160912
59,"z0132634",12,0.8,11.6163986354776,"Female",4,-0.383601364522447
59,"z0132639",29,0.6,24.0782145352901,"Female",3,-4.92178546470992
59,"z0132641",21,0.6,21.9557211184695,"Male",3,0.955721118469469
59,"z0132658",36,0.8,18.1129447565543,"Male",4,-17.8870552434457
59,"z0132659",27,0.6,24.0656020558003,"Female",3,-2.93439794419965
59,"z0132660",23,0.8,24.6539829302987,"Male",4,1.65398293029875
59,"z0160208",21,1,25.794265910523,"Female",5,4.79426591052302
59,"z0175867",9,0.8,18.7466813079551,"Female",4,9.7466813079551
59,"z0175874",20,0.8,14.3949567723343,"Male",4,-5.60504322766572
59,"z0175876",12,1,17.50888671875,"Male",5,5.50888671875
59,"z0175877",32,0.8,28.6682358535427,"Female",4,-3.33176414645735
59,"z0178364",10,1,16.5922576832151,"Female",5,6.59225768321513
59,"z0183541",32,0.8,24.779085941381,"Male",4,-7.22091405861895
59,"z0183543",4,1,4.59385474860343,"Male",5,0.59385474860343
59,"z0183544",11,1,9.20947176684879,"Female",5,-1.79052823315121
59,"z0186433",21,1,21.3107879924953,"Male",5,0.310787992495289
59,"z0186434",22,0.6,20.8843638948116,"Male",3,-1.11563610518838
59,"z0186435",30,0.6,13.0251186564439,"Male",3,-16.9748813435561
59,"z0186450",4,0.6,5.90347859327229,"Male",3,1.90347859327229
59,"z0190863",11,1,11.8938399539436,"Female",5,0.893839953943559
59,"z0190867",7,0.8,6.65079365079372,"Female",4,-0.349206349206279
59,"z0196956",13,1,20.2459687123947,"Male",5,7.24596871239468
59,"z0198374",16,0.8,21.0656099903938,"Male",4,5.06560999039382
59,"z0198377",35,0.6,25.0857575757576,"Female",3,-9.91424242424235
59,"z0198473",25,1,25.5710714285714,"Male",5,0.571071428571429
59,"z0198474",19,1,25.9151654411765,"Male",5,6.91516544117648
59,"z0198475",40,0.6,26.1373644251628,"Male",3,-13.8626355748372
59,"z0187739",23,0.6,26.6896401308616,"Female",3,3.68964013086159
60,"z0023316",6,0.8,7.77339942172645,"Male",4,1.77339942172645
60,"z0023318",11,0.8,7.08540598290589,"Female",4,-3.91459401709411
60,"z0023319",26,0.8,19.9068095838588,"Male",4,-6.09319041614121
60,"z0033906",15,1,23.0581761006289,"Male",5,8.05817610062895
60,"z0033908",6,1,25.1073490813648,"Male",5,19.1073490813648
60,"z0045925",24,0.8,23.0465286491008,"Male",4,-0.953471350899225
60,"z0045931",7,0.8,5.45170332039662,"Male",4,-1.54829667960338
60,"z0049051",37,0.8,22.0424224103184,"Female",4,-14.9575775896816
60,"z0049052",34,0.8,23.208524173028,"Male",4,-10.791475826972
60,"z0061425",26,0.8,18.8952202826268,"Male",4,-7.10477971737321
60,"z0075660",18,0.8,26.284249084249,"Male",4,8.28424908424896
60,"z0075676",9,0.8,11.4915921668795,"Female",4,2.49159216687955
60,"z0075677",4,1,6.30140961857373,"Female",5,2.30140961857373
60,"z0075678",7,0.8,15.346049222798,"Female",4,8.34604922279795
60,"z0091277",3,0.8,8.01587731168237,"Female",4,5.01587731168237
60,"z0091284",3,0.8,6.57149292149282,"Male",4,3.57149292149282
60,"z0091285",5,1,6.76847885777038,"Male",5,1.76847885777038
60,"z0091286",14,0.8,10.7842227869547,"Male",4,-3.21577721304533
60,"z0092243",19,0.8,16.4941891891892,"Female",4,-2.50581081081081
60,"z0092256",5,1,7.37276688453152,"Male",5,2.37276688453152
60,"z0098734",23,0.8,19.0215400843882,"Male",4,-3.97845991561179
60,"z0098735",30,0.8,22.7843659644775,"Male",4,-7.21563403552253
60,"z0098737",12,1,9.94181102362207,"Female",5,-2.05818897637793
60,"z0098738",19,0.8,18.6039958592133,"Male",4,-0.396004140786726
60,"z0098740",17,0.8,13.3522236614853,"Female",4,-3.64777633851466
60,"z0098745",7,0.8,11.4009471987102,"Male",4,4.40094719871021
60,"z0098746",32,0.8,21.3637355584083,"Male",4,-10.6362644415917
60,"z0102483",5,1,6.8921501706484,"Male",5,1.8921501706484
60,"z0102500",12,0.8,12.7170341547774,"Male",4,0.717034154777371
60,"z0123188",24,1,24.625257997936,"Female",5,0.625257997935982
60,"z0132632",34,0.8,26.6296198054818,"Female",4,-7.3703801945182
60,"z0132634",12,0.8,12.3298290598291,"Female",4,0.329829059829093
60,"z0132658",36,0.8,17.7741789819376,"Male",4,-18.2258210180624
60,"z0132660",23,0.8,24.5037288833951,"Male",4,1.50372888339507
60,"z0160208",21,1,24.9024136178861,"Female",5,3.90241361788614
60,"z0175867",9,0.8,19.4446599916563,"Female",4,10.4446599916563
60,"z0175874",20,0.8,15.135696517413,"Male",4,-4.86430348258704
60,"z0175876",12,1,17.6394083465399,"Male",5,5.63940834653988
60,"z0175877",32,0.8,26.3312704248365,"Female",4,-5.66872957516351
60,"z0178364",10,1,16.3615814696486,"Female",5,6.36158146964856
60,"z0183541",32,0.8,23.8536186931348,"Male",4,-8.14638130686524
60,"z0183543",4,1,4.99864661654125,"Male",5,0.998646616541249
60,"z0183544",11,1,9.58957055214724,"Female",5,-1.41042944785276
60,"z0186433",21,1,22.5655741869919,"Male",5,1.5655741869919
60,"z0190863",11,1,14.0072427293065,"Female",5,3.00724272930651
60,"z0190867",7,0.8,7.85679012345669,"Female",4,0.856790123456694
60,"z0196956",13,1,19.5487664041995,"Male",5,6.5487664041995
60,"z0198374",16,0.8,21.8433894230769,"Male",4,5.84338942307692
60,"z0198473",25,1,22.9789156626506,"Male",5,-2.02108433734939
60,"z0198474",19,1,26.216404199475,"Male",5,7.21640419947499
61,"z0018943",10,0.55,17.4328833895763,"Female",3,7.43288338957629
61,"z0018944",10,0.55,15.1072562358277,"Male",3,5.10725623582765
61,"z0018945",22,0.55,24.1681142857142,"Female",3,2.16811428571423
61,"z0023316",6,0.75,7.08441975308637,"Male",4,1.08441975308637
61,"z0023317",25,0.55,23.5774437627811,"Male",3,-1.42255623721886
61,"z0023318",11,0.75,7.80599899598389,"Female",4,-3.19400100401611
61,"z0023319",26,0.75,20.2137314956611,"Male",4,-5.78626850433895
61,"z0023321",11,0.55,11.4226666666666,"Female",3,0.422666666666622
61,"z0027453",6,0.55,10.3069412219644,"Female",3,4.30694122196438
61,"z0027455",10,0.2,9.76953597848017,"Female",2,-0.230464021519827
61,"z0033888",6,0.55,7.31084474885836,"Female",3,1.31084474885836
61,"z0033893",15,0.2,15.3139233241506,"Male",2,0.313923324150595
61,"z0033898",10,0.55,11.6142671130952,"Male",3,1.6142671130952
61,"z0033906",15,1,21.608722741433,"Male",5,6.60872274143303
61,"z0033908",6,1,26.1486438258386,"Male",5,20.1486438258386
61,"z0041286",28,0.55,22.9514451951951,"Male",3,-5.04855480480485
61,"z0045921",10,0.2,22.2951844262295,"Female",2,12.2951844262295
61,"z0045925",24,0.75,24.1824256177508,"Male",4,0.182425617750841
61,"z0045931",7,0.75,5.1382426988922,"Male",4,-1.8617573011078
61,"z0049046",6,0.55,11.2196695095948,"Female",3,5.21966950959485
61,"z0049048",11,0.2,15.5313422818792,"Male",2,4.53134228187918
61,"z0049050",11,0.55,24.0641565153192,"Male",3,13.0641565153192
61,"z0049051",37,0.75,23.0351330203443,"Female",4,-13.9648669796557
61,"z0049052",34,0.75,23.5137747336377,"Male",4,-10.4862252663623
61,"z0061425",26,0.75,19.8778664731495,"Male",4,-6.12213352685051
61,"z0071016",8,0.55,9.60068708284251,"Male",3,1.60068708284251
61,"z0075660",18,0.75,26.613594470046,"Male",4,8.61359447004603
61,"z0075663",18,0.55,19.5675635276532,"Male",3,1.56756352765321
61,"z0075665",27,0.55,25.7989027620128,"Female",3,-1.20109723798718
61,"z0075676",9,0.75,9.81836682122613,"Female",4,0.818366821226132
61,"z0075677",4,1,5.48719696969692,"Female",5,1.48719696969692
61,"z0075678",7,0.75,14.8102102102102,"Female",4,7.8102102102102
61,"z0091082",7,0.55,6.34027310138418,"Female",3,-0.659726898615823
61,"z0091085",19,0.55,16.9126984126984,"Female",3,-2.0873015873016
61,"z0091086",3,0.55,4.77453439756752,"Female",3,1.77453439756752
61,"z0091275",3,0.55,9.37458574181112,"Male",3,6.37458574181112
61,"z0091276",10,0.2,24.6300559284117,"Female",2,14.6300559284117
61,"z0091277",3,0.75,7.1621014492753,"Female",4,4.1621014492753
61,"z0091284",3,0.75,6.0633854166666,"Male",4,3.0633854166666
61,"z0091285",5,1,5.87530030030026,"Male",5,0.87530030030026
61,"z0091286",14,0.75,10.0105794790005,"Male",4,-3.9894205209995
61,"z0092243",19,0.75,15.2984237726098,"Female",4,-3.70157622739019
61,"z0092256",5,1,6.34316939890707,"Male",5,1.34316939890707
61,"z0098734",23,0.75,19.675605815832,"Male",4,-3.32439418416799
61,"z0098735",30,0.75,24.2705366357069,"Male",4,-5.72946336429312
61,"z0098736",15,0.55,9.25859848484843,"Female",3,-5.74140151515157
61,"z0098737",12,1,8.70422480620153,"Female",5,-3.29577519379847
61,"z0098738",19,0.75,18.7036395582329,"Male",4,-0.29636044176706
61,"z0098740",17,0.75,13.6721303258146,"Female",4,-3.32786967418545
61,"z0098744",6,0.2,7.68161930536777,"Male",2,1.68161930536777
61,"z0098745",7,0.75,10.5309214092141,"Male",4,3.53092140921406
61,"z0098746",32,0.75,20.7136080870917,"Male",4,-11.2863919129083
61,"z0102483",5,1,6.10949656750569,"Male",5,1.10949656750569
61,"z0102484",13,0.55,14.9100538254517,"Female",3,1.91005382545174
61,"z0102485",21,0.2,27.6343498659519,"Male",2,6.63434986595191
61,"z0102500",12,0.75,13.2477630285153,"Male",4,1.24776302851526
61,"z0123188",24,1,24.9633260711692,"Female",5,0.963326071169181
61,"z0132631",15,0.55,19.1122543566926,"Female",3,4.11225435669262
61,"z0132632",34,0.75,27.9862363919128,"Female",4,-6.01376360808715
61,"z0132634",12,0.75,11.8057971014493,"Female",4,-0.194202898550728
61,"z0132639",29,0.55,23.1798501872659,"Female",3,-5.82014981273414
61,"z0132641",21,0.55,21.8264125900644,"Male",3,0.826412590064432
61,"z0132642",11,0.2,7.257536723164,"Female",2,-3.742463276836
61,"z0132658",36,0.75,18.8095238095238,"Male",4,-17.1904761904762
61,"z0132659",27,0.55,23.5263936947327,"Female",3,-3.47360630526725
61,"z0132660",23,0.75,24.3633491311216,"Male",4,1.36334913112162
61,"z0160208",21,1,23.4939461883408,"Female",5,2.49394618834079
61,"z0175867",9,0.75,18.33296,"Female",4,9.33296
61,"z0175874",20,0.75,13.8743257820928,"Male",4,-6.12567421790722
61,"z0175876",12,1,16.8887578616352,"Male",5,4.88875786163522
61,"z0175877",32,0.75,28.5708832335329,"Female",4,-3.42911676646713
61,"z0178364",10,1,16.5313833701251,"Female",5,6.53138337012509
61,"z0183541",32,0.75,25.5662951167728,"Male",4,-6.43370488322724
61,"z0183543",4,1,4.68302681992333,"Male",5,0.683026819923326
61,"z0183544",11,1,9.22877777777775,"Female",5,-1.77122222222225
61,"z0186431",8,0.2,9.72468842057559,"Male",2,1.72468842057559
61,"z0186433",21,1,21.2280471380471,"Male",5,0.228047138047145
61,"z0186434",22,0.55,20.5200305810397,"Male",3,-1.47996941896027
61,"z0186435",30,0.55,13.2937358916479,"Male",3,-16.7062641083521
61,"z0186450",4,0.55,5.90725574712645,"Male",3,1.90725574712645
61,"z0190863",11,1,11.6220338983051,"Female",5,0.622033898305101
61,"z0190867",7,0.75,6.82596726190471,"Female",4,-0.17403273809529
61,"z0196956",13,1,20.9479938271605,"Male",5,7.9479938271605
61,"z0198374",16,0.75,21.5265208647561,"Male",4,5.52652086475613
61,"z0198377",35,0.55,24.7224915445321,"Female",3,-10.2775084554679
61,"z0198473",25,1,24.2017970401691,"Male",5,-0.798202959830885
61,"z0198474",19,1,25.2958237547892,"Male",5,6.29582375478924
61,"z0198475",40,0.55,26.171735109138,"Male",3,-13.828264890862
61,"z0187739",23,0.55,26.1121657250471,"Female",3,3.11216572504706
61,"z0045928",22,0.2,24.0959606245758,"Female",2,2.0959606245758
62,"z0018943",10,0.55,17.1112156043191,"Female",3,7.11121560431906
62,"z0018944",10,0.55,15.079055258467,"Male",3,5.07905525846701
62,"z0018945",22,0.55,24.6042876901799,"Female",3,2.60428769017988
62,"z0023316",6,0.75,6.87702578268884,"Male",4,0.877025782688838
62,"z0023317",25,0.55,24.252380952381,"Male",3,-0.747619047618976
62,"z0023318",11,0.75,7.82710674157311,"Female",4,-3.17289325842689
62,"z0023319",26,0.75,20.066322787712,"Male",4,-5.93367721228797
62,"z0023321",11,0.55,11.3446253501401,"Female",3,0.344625350140063
62,"z0027453",6,0.55,10.2564418272663,"Female",3,4.25644182726628
62,"z0033888",6,0.55,7.59523809523822,"Female",3,1.59523809523822
62,"z0033898",10,0.55,11.3605303030303,"Male",3,1.3605303030303
62,"z0033906",15,1,22.2487333333333,"Male",5,7.2487333333333
62,"z0033908",6,1,25.960012437811,"Male",5,19.960012437811
62,"z0041286",28,0.55,23.9897676031912,"Male",3,-4.0102323968088
62,"z0045925",24,0.75,24.3541105121294,"Male",4,0.354110512129417
62,"z0045931",7,0.75,5.20892617449676,"Male",4,-1.79107382550324
62,"z0049046",6,0.55,10.8317680540733,"Female",3,4.83176805407331
62,"z0049050",11,0.55,23.863383031594,"Male",3,12.863383031594
62,"z0049051",37,0.75,22.339550454328,"Female",4,-14.660449545672
62,"z0049052",34,0.75,24.4909154929578,"Male",4,-9.50908450704223
62,"z0061425",26,0.75,20.2314919735599,"Male",4,-5.76850802644007
62,"z0071016",8,0.55,9.76802325581401,"Male",3,1.76802325581401
62,"z0075660",18,0.75,26.9074906367042,"Male",4,8.9074906367042
62,"z0075663",18,0.55,20.375365497076,"Male",3,2.37536549707599
62,"z0075665",27,0.55,25.3310204802261,"Female",3,-1.66897951977392
62,"z0075676",9,0.75,9.8079205711736,"Female",4,0.8079205711736
62,"z0075677",4,1,5.6999011857708,"Female",5,1.6999011857708
62,"z0075678",7,0.75,15.0683916083916,"Female",4,8.0683916083916
62,"z0091082",7,0.55,6.56749549549561,"Female",3,-0.432504504504386
62,"z0091085",19,0.55,16.7714861549246,"Female",3,-2.22851384507536
62,"z0091086",3,0.55,4.66583423814708,"Female",3,1.66583423814708
62,"z0091275",3,0.55,9.68547925608018,"Male",3,6.68547925608018
62,"z0091277",3,0.75,7.5295913682278,"Female",4,4.5295913682278
62,"z0091284",3,0.75,6.08060344827595,"Male",4,3.08060344827595
62,"z0091285",5,1,6.35881720430109,"Male",5,1.35881720430109
62,"z0091286",14,0.75,10.1871389270977,"Male",4,-3.81286107290234
62,"z0092243",19,0.75,16.0286558345643,"Female",4,-2.97134416543574
62,"z0092256",5,1,6.39234800838576,"Male",5,1.39234800838576
62,"z0098734",23,0.75,19.2817737430167,"Male",4,-3.71822625698327
62,"z0098735",30,0.75,24.1826368876081,"Male",4,-5.81736311239192
62,"z0098736",15,0.55,9.49754069355989,"Female",3,-5.50245930644011
62,"z0098737",12,1,9.02855670103088,"Female",5,-2.97144329896912
62,"z0098738",19,0.75,18.7690577651515,"Male",4,-0.230942234848502
62,"z0098740",17,0.75,14.2187637969095,"Female",4,-2.78123620309053
62,"z0098745",7,0.75,10.4920177902621,"Male",4,3.49201779026215
62,"z0098746",32,0.75,21.3659704090513,"Male",4,-10.6340295909487
62,"z0102483",5,1,6.22480544747084,"Male",5,1.22480544747084
62,"z0102484",13,0.55,14.9961171437973,"Female",3,1.99611714379728
62,"z0102500",12,0.75,13.0611869031378,"Male",4,1.06118690313776
62,"z0123188",24,1,26.4287970430108,"Female",5,2.42879704301075
62,"z0132631",15,0.55,19.3710096510764,"Female",3,4.37100965107643
62,"z0132632",34,0.75,27.6835074626866,"Female",4,-6.31649253731336
62,"z0132634",12,0.75,11.3602068965517,"Female",4,-0.639793103448309
62,"z0132639",29,0.55,24.1882729211088,"Female",3,-4.81172707889118
62,"z0132641",21,0.55,22.3373128879153,"Male",3,1.33731288791532
62,"z0132658",36,0.75,18.4297060218113,"Male",4,-17.5702939781887
62,"z0132659",27,0.55,24.2464808860308,"Female",3,-2.7535191139692
62,"z0132660",23,0.75,24.7376569037657,"Male",4,1.73765690376573
62,"z0160208",21,1,25.5120666666666,"Female",5,4.51206666666665
62,"z0175867",9,0.75,17.6733655616943,"Female",4,8.6733655616943
62,"z0175874",20,0.75,13.5246272246272,"Male",4,-6.47537277537281
62,"z0175876",12,1,17.5035249828884,"Male",5,5.50352498288844
62,"z0175877",32,0.75,28.486038514443,"Female",4,-3.51396148555699
62,"z0178364",10,1,16.3476521164021,"Female",5,6.34765211640211
62,"z0183541",32,0.75,24.8393343051507,"Male",4,-7.16066569484934
62,"z0183543",4,1,4.70247747747754,"Male",5,0.70247747747754
62,"z0183544",11,1,9.38082508250821,"Female",5,-1.61917491749179
62,"z0186433",21,1,21.4282945736434,"Male",5,0.428294573643385
62,"z0186434",22,0.55,20.4964791224345,"Male",3,-1.5035208775655
62,"z0186435",30,0.55,12.9906009783368,"Male",3,-17.0093990216632
62,"z0186450",4,0.55,5.97566560170408,"Male",3,1.97566560170408
62,"z0190863",11,1,11.6055972482801,"Female",5,0.605597248280139
62,"z0190867",7,0.75,6.66886749197627,"Female",4,-0.331132508023732
62,"z0196956",13,1,20.7635338345864,"Male",5,7.76353383458644
62,"z0198374",16,0.75,21.1552805280528,"Male",4,5.15528052805278
62,"z0198377",35,0.55,24.6787815126051,"Female",3,-10.3212184873949
62,"z0198473",25,1,25.9145,"Male",5,0.914499999999983
62,"z0198474",19,1,25.9403313049358,"Male",5,6.94033130493575
62,"z0198475",40,0.55,26.5781572394167,"Male",3,-13.4218427605833
62,"z0187739",23,0.55,26.3825635517366,"Female",3,3.3825635517366
63,"z0023316",6,0.75,7.52404092071603,"Male",4,1.52404092071603
63,"z0023318",11,0.75,7.04585858585845,"Female",4,-3.95414141414155
63,"z0023319",26,0.75,19.818891741549,"Male",4,-6.18110825845098
63,"z0033906",15,1,23.360222947254,"Male",5,8.36022294725396
63,"z0033908",6,1,25.2971894322653,"Male",5,19.2971894322653
63,"z0045925",24,0.75,23.3879332477535,"Male",4,-0.612066752246498
63,"z0045931",7,0.75,5.47798982188285,"Male",4,-1.52201017811715
63,"z0049051",37,0.75,21.4816768916156,"Female",4,-15.5183231083844
63,"z0049052",34,0.75,23.2499201596806,"Male",4,-10.7500798403194
63,"z0061425",26,0.75,19.9980187908497,"Male",4,-6.0019812091503
63,"z0075660",18,0.75,26.3458088523305,"Male",4,8.3458088523305
63,"z0075676",9,0.75,11.1042291666667,"Female",4,2.10422916666667
63,"z0075677",4,1,6.33195164075987,"Female",5,2.33195164075987
63,"z0075678",7,0.75,15.1254855330955,"Female",4,8.12548553309554
63,"z0091277",3,0.75,7.83229041315672,"Female",4,4.83229041315672
63,"z0091284",3,0.75,6.55377394636005,"Male",4,3.55377394636005
63,"z0091285",5,1,6.90978513356557,"Male",5,1.90978513356557
63,"z0091286",14,0.75,10.4381825590872,"Male",4,-3.56181744091284
63,"z0092243",19,0.75,15.7765910898966,"Female",4,-3.22340891010342
63,"z0092256",5,1,7.65687702265367,"Male",5,2.65687702265367
63,"z0098734",23,0.75,18.942498972462,"Male",4,-4.057501027538
63,"z0098735",30,0.75,23.4059958071278,"Male",4,-6.59400419287215
63,"z0098737",12,1,10.1862367392518,"Female",5,-1.81376326074815
63,"z0098738",19,0.75,18.3217838060008,"Male",4,-0.678216193999155
63,"z0098740",17,0.75,13.0682348210696,"Female",4,-3.93176517893041
63,"z0098745",7,0.75,11.144623655914,"Male",4,4.14462365591397
63,"z0098746",32,0.75,21.1936903279369,"Male",4,-10.8063096720631
63,"z0102483",5,1,7.08529411764699,"Male",5,2.08529411764699
63,"z0102500",12,0.75,12.1860474978796,"Male",4,0.186047497879578
63,"z0123188",24,1,24.2941694169417,"Female",5,0.294169416941685
63,"z0132632",34,0.75,26.5340561751341,"Female",4,-7.46594382486587
63,"z0132634",12,0.75,12.4358524788392,"Female",4,0.435852478839205
63,"z0132658",36,0.75,17.5672738693467,"Male",4,-18.4327261306533
63,"z0132660",23,0.75,24.445580338703,"Male",4,1.44558033870295
63,"z0160208",21,1,24.4992537313433,"Female",5,3.49925373134326
63,"z0175867",9,0.75,19.2361076859844,"Female",4,10.2361076859844
63,"z0175874",20,0.75,15.1451278928137,"Male",4,-4.85487210718634
63,"z0175876",12,1,18.3188083470621,"Male",5,6.31880834706207
63,"z0175877",32,0.75,26.244707639778,"Female",4,-5.75529236022204
63,"z0178364",10,1,15.7459595959596,"Female",5,5.74595959595959
63,"z0183541",32,0.75,23.3845014601585,"Male",4,-8.61549853984151
63,"z0183543",4,1,5.03253443526163,"Male",5,1.03253443526163
63,"z0183544",11,1,9.58480801335562,"Female",5,-1.41519198664438
63,"z0186433",21,1,22.0320707070707,"Male",5,1.03207070707074
63,"z0190863",11,1,13.8775533108867,"Female",5,2.87755331088666
63,"z0190867",7,0.75,7.52299872935186,"Female",4,0.522998729351864
63,"z0196956",13,1,19.6369308600338,"Male",5,6.63693086003375
63,"z0198374",16,0.75,21.629046474359,"Male",4,5.629046474359
63,"z0198473",25,1,24.5287240022484,"Male",5,-0.471275997751551
63,"z0198474",19,1,25.8924483306836,"Male",5,6.89244833068356
