"model","id","age.best","predicted.age","error","sex","age.confidence","wt"
1,"z0018943",10,15.9779376857704,5.97793768577042,"Female",3,0.55
1,"z0018944",10,7.8915805855577,-2.1084194144423,"Male",3,0.55
1,"z0018945",22,26.8603666705352,4.86036667053518,"Female",3,0.55
1,"z0023316",6,6.4109447977175,0.410944797717496,"Male",4,0.75
1,"z0023317",25,25.4612985760725,0.461298576072508,"Male",3,0.55
1,"z0023318",11,6.50033940810676,-4.49966059189324,"Female",4,0.75
1,"z0023319",26,20.6169728183412,-5.38302718165881,"Male",4,0.75
1,"z0023321",11,6.57802061449045,-4.42197938550955,"Female",3,0.55
1,"z0027453",6,8.99912631642165,2.99912631642165,"Female",3,0.55
1,"z0027455",10,7.45176341400915,-2.54823658599085,"Female",2,0.2
1,"z0033888",6,5.79611048876283,-0.20388951123717,"Female",3,0.55
1,"z0033893",15,20.3804224696541,5.38042246965411,"Male",2,0.2
1,"z0033898",10,14.6191791520856,4.61917915208564,"Male",3,0.55
1,"z0033906",15,19.0681298586368,4.06812985863683,"Male",5,1
1,"z0033908",6,20.8770238432132,14.8770238432132,"Male",5,1
1,"z0041286",28,27.020373538463,-0.979626461536999,"Male",3,0.55
1,"z0045921",10,19.2398113586769,9.23981135867686,"Female",2,0.2
1,"z0045925",24,23.1470375576973,-0.852962442302694,"Male",4,0.75
1,"z0045931",7,1.69784829083657,-5.30215170916343,"Male",4,0.75
1,"z0049046",6,6.12579125256939,0.125791252569394,"Female",3,0.55
1,"z0049048",11,10.7405445608129,-0.259455439187139,"Male",2,0.2
1,"z0049050",11,19.335636379167,8.33563637916698,"Male",3,0.55
1,"z0049051",37,28.5111542494415,-8.48884575055847,"Female",4,0.75
1,"z0049052",34,28.2033362635921,-5.79666373640789,"Male",4,0.75
1,"z0061425",26,15.8121017682289,-10.1878982317711,"Male",4,0.75
1,"z0071016",8,13.6644375422878,5.6644375422878,"Male",3,0.55
1,"z0075660",18,14.7847594054545,-3.21524059454545,"Male",4,0.75
1,"z0075663",18,21.0860864366158,3.08608643661582,"Male",3,0.55
1,"z0075665",27,21.3353678035866,-5.66463219641341,"Female",3,0.55
1,"z0075676",9,10.9644775511571,1.96447755115712,"Female",4,0.75
1,"z0075677",4,4.33417605641325,0.334176056413254,"Female",5,1
1,"z0075678",7,11.424930051779,4.42493005177902,"Female",4,0.75
1,"z0091082",7,5.6478359910372,-1.3521640089628,"Female",3,0.55
1,"z0091085",19,19.7459684995907,0.745968499590735,"Female",3,0.55
1,"z0091086",3,10.5284198482622,7.52841984826222,"Female",3,0.55
1,"z0091275",3,8.32791945466533,5.32791945466533,"Male",3,0.55
1,"z0091276",10,19.5382632344408,9.5382632344408,"Female",2,0.2
1,"z0091277",3,9.92038055539936,6.92038055539936,"Female",4,0.75
1,"z0091284",3,6.41220406736933,3.41220406736933,"Male",4,0.75
1,"z0091285",5,6.07396497751486,1.07396497751486,"Male",5,1
1,"z0091286",14,10.7056961549653,-3.29430384503469,"Male",4,0.75
1,"z0092243",19,16.0254442961386,-2.97455570386135,"Female",4,0.75
1,"z0092256",5,3.99543476117011,-1.00456523882989,"Male",5,1
1,"z0098734",23,15.8425955273156,-7.15740447268437,"Male",4,0.75
1,"z0098735",30,23.6653700702605,-6.33462992973948,"Male",4,0.75
1,"z0098736",15,5.13866846096663,-9.86133153903337,"Female",3,0.55
1,"z0098737",12,13.1140811142359,1.11408111423587,"Female",5,1
1,"z0098738",19,21.3780613016565,2.37806130165648,"Male",4,0.75
1,"z0098740",17,13.5024958647816,-3.49750413521836,"Female",4,0.75
1,"z0098744",6,11.4053680804969,5.4053680804969,"Male",2,0.2
1,"z0098745",7,11.0886654712076,4.0886654712076,"Male",4,0.75
1,"z0098746",32,16.6577553260541,-15.3422446739459,"Male",4,0.75
1,"z0102483",5,4.44092634808272,-0.559073651917277,"Male",5,1
1,"z0102484",13,18.8243828086811,5.82438280868107,"Female",3,0.55
1,"z0102485",21,29.7152312977555,8.71523129775554,"Male",2,0.2
1,"z0102500",12,8.02883506485464,-3.97116493514536,"Male",4,0.75
1,"z0123188",24,27.3266548334042,3.32665483340422,"Female",5,1
1,"z0132631",15,15.6542394782311,0.654239478231128,"Female",3,0.55
1,"z0132632",34,31.2534076042118,-2.74659239578821,"Female",4,0.75
1,"z0132634",12,14.4381918664182,2.43819186641821,"Female",4,0.75
1,"z0132639",29,20.21821309796,-8.78178690203995,"Female",3,0.55
1,"z0132641",21,18.1298554591247,-2.87014454087527,"Male",3,0.55
1,"z0132642",11,7.56533856102285,-3.43466143897715,"Female",2,0.2
1,"z0132658",36,24.4386103375818,-11.5613896624182,"Male",4,0.75
1,"z0132659",27,32.113868426547,5.11386842654697,"Female",3,0.55
1,"z0132660",23,25.7608625471229,2.76086254712293,"Male",4,0.75
1,"z0160208",21,20.7375490686425,-0.262450931357467,"Female",5,1
1,"z0175867",9,14.7992856899112,5.79928568991124,"Female",4,0.75
1,"z0175874",20,12.0838984007006,-7.9161015992994,"Male",4,0.75
1,"z0175876",12,13.3676394161795,1.36763941617952,"Male",5,1
1,"z0175877",32,19.1796936637013,-12.8203063362987,"Female",4,0.75
1,"z0178364",10,12.9112852869412,2.91128528694121,"Female",5,1
1,"z0183541",32,24.9677134084986,-7.03228659150141,"Male",4,0.75
1,"z0183543",4,8.52828574567137,4.52828574567137,"Male",5,1
1,"z0183544",11,7.05754157186558,-3.94245842813442,"Female",5,1
1,"z0186431",8,13.8706903272961,5.87069032729611,"Male",2,0.2
1,"z0186433",21,20.9093837926545,-0.0906162073455263,"Male",5,1
1,"z0186434",22,20.3082729469238,-1.69172705307625,"Male",3,0.55
1,"z0186435",30,21.232113865027,-8.76788613497303,"Male",3,0.55
1,"z0186450",4,5.09391771127045,1.09391771127045,"Male",3,0.55
1,"z0190863",11,13.5500453390794,2.55004533907938,"Female",5,1
1,"z0190867",7,7.37263608844917,0.372636088449168,"Female",4,0.75
1,"z0196956",13,22.9937626831789,9.99376268317894,"Male",5,1
1,"z0198374",16,16.751495694726,0.751495694725993,"Male",4,0.75
1,"z0198377",35,27.9203756765274,-7.07962432347261,"Female",3,0.55
1,"z0198473",25,20.5356967076508,-4.46430329234915,"Male",5,1
1,"z0198474",19,27.1576878305745,8.15768783057449,"Male",5,1
1,"z0198475",40,25.3243891855781,-14.6756108144219,"Male",3,0.55
1,"z0187739",23,25.4628964723803,2.46289647238034,"Female",3,0.55
1,"z0045928",22,23.4730048808172,1.47300488081715,"Female",2,0.2
2,"z0018943",10,17.6610892541264,7.66108925412639,"Female",3,0.55
2,"z0018944",10,12.3837480951559,2.38374809515588,"Male",3,0.55
2,"z0018945",22,27.4030450742849,5.40304507428487,"Female",3,0.55
2,"z0023316",6,4.60400925699332,-1.39599074300668,"Male",4,0.75
2,"z0023317",25,23.370036452375,-1.62996354762504,"Male",3,0.55
2,"z0023318",11,9.51126147224783,-1.48873852775217,"Female",4,0.75
2,"z0023319",26,18.85926528994,-7.14073471006001,"Male",4,0.75
2,"z0023321",11,8.78911097113035,-2.21088902886965,"Female",3,0.55
2,"z0027453",6,7.61765083087266,1.61765083087266,"Female",3,0.55
2,"z0033888",6,8.95618703595425,2.95618703595425,"Female",3,0.55
2,"z0033898",10,17.3441706488425,7.34417064884255,"Male",3,0.55
2,"z0033906",15,19.798701179512,4.79870117951195,"Male",5,1
2,"z0033908",6,21.0373971488658,15.0373971488658,"Male",5,1
2,"z0041286",28,27.5063886595122,-0.493611340487796,"Male",3,0.55
2,"z0045925",24,22.3772331066548,-1.62276689334517,"Male",4,0.75
2,"z0045931",7,3.65264326627478,-3.34735673372522,"Male",4,0.75
2,"z0049046",6,6.35761867093159,0.35761867093159,"Female",3,0.55
2,"z0049050",11,18.3119040406643,7.31190404066432,"Male",3,0.55
2,"z0049051",37,22.2028563387463,-14.7971436612537,"Female",4,0.75
2,"z0049052",34,27.6745895329101,-6.32541046708991,"Male",4,0.75
2,"z0061425",26,18.1141471636745,-7.88585283632553,"Male",4,0.75
2,"z0071016",8,13.1219186827877,5.12191868278773,"Male",3,0.55
2,"z0075660",18,17.6544598532542,-0.345540146745801,"Male",4,0.75
2,"z0075663",18,24.6079847823596,6.60798478235956,"Male",3,0.55
2,"z0075665",27,25.3831269094774,-1.61687309052259,"Female",3,0.55
2,"z0075676",9,10.7442931177655,1.74429311776547,"Female",4,0.75
2,"z0075677",4,2.04537424340971,-1.95462575659029,"Female",5,1
2,"z0075678",7,10.1592846729821,3.15928467298213,"Female",4,0.75
2,"z0091082",7,6.87556149065909,-0.124438509340907,"Female",3,0.55
2,"z0091085",19,18.5353682457806,-0.464631754219447,"Female",3,0.55
2,"z0091086",3,1.46165682368193,-1.53834317631807,"Female",3,0.55
2,"z0091275",3,6.9184555568145,3.9184555568145,"Male",3,0.55
2,"z0091277",3,6.4003974528544,3.4003974528544,"Female",4,0.75
2,"z0091284",3,4.72577162665194,1.72577162665194,"Male",4,0.75
2,"z0091285",5,6.51435537545798,1.51435537545798,"Male",5,1
2,"z0091286",14,12.7526044340807,-1.24739556591935,"Male",4,0.75
2,"z0092243",19,16.8754967094487,-2.12450329055135,"Female",4,0.75
2,"z0092256",5,4.42851820634682,-0.571481793653177,"Male",5,1
2,"z0098734",23,16.9191425337592,-6.08085746624078,"Male",4,0.75
2,"z0098735",30,23.4270383093198,-6.57296169068025,"Male",4,0.75
2,"z0098736",15,5.4698411115224,-9.5301588884776,"Female",3,0.55
2,"z0098737",12,12.6182855145147,0.618285514514691,"Female",5,1
2,"z0098738",19,20.1082252997798,1.10822529977981,"Male",4,0.75
2,"z0098740",17,15.6542541454041,-1.34574585459592,"Female",4,0.75
2,"z0098745",7,9.74302487183163,2.74302487183163,"Male",4,0.75
2,"z0098746",32,20.858867650036,-11.141132349964,"Male",4,0.75
2,"z0102483",5,5.41755331655911,0.417553316559111,"Male",5,1
2,"z0102484",13,15.1403424951693,2.14034249516934,"Female",3,0.55
2,"z0102500",12,9.83922819288957,-2.16077180711043,"Male",4,0.75
2,"z0123188",24,28.8893765972639,4.88937659726386,"Female",5,1
2,"z0132631",15,15.5808713288545,0.580871328854522,"Female",3,0.55
2,"z0132632",34,28.8501470435578,-5.14985295644221,"Female",4,0.75
2,"z0132634",12,15.2761124900746,3.27611249007456,"Female",4,0.75
2,"z0132639",29,25.1118808673896,-3.88811913261036,"Female",3,0.55
2,"z0132641",21,16.9134845882385,-4.08651541176149,"Male",3,0.55
2,"z0132658",36,21.1966309229551,-14.8033690770449,"Male",4,0.75
2,"z0132659",27,29.2247388875681,2.22473888756814,"Female",3,0.55
2,"z0132660",23,22.0297972945997,-0.97020270540029,"Male",4,0.75
2,"z0160208",21,27.5577683067373,6.5577683067373,"Female",5,1
2,"z0175867",9,13.4574224887601,4.45742248876014,"Female",4,0.75
2,"z0175874",20,11.8495180674097,-8.15048193259032,"Male",4,0.75
2,"z0175876",12,14.055312134549,2.05531213454904,"Male",5,1
2,"z0175877",32,22.8933352749696,-9.10666472503039,"Female",4,0.75
2,"z0178364",10,16.3931785879047,6.39317858790474,"Female",5,1
2,"z0183541",32,24.7395077449772,-7.26049225502284,"Male",4,0.75
2,"z0183543",4,3.91865098071669,-0.0813490192833122,"Male",5,1
2,"z0183544",11,9.6364900289756,-1.3635099710244,"Female",5,1
2,"z0186433",21,19.9973652326016,-1.00263476739842,"Male",5,1
2,"z0186434",22,20.5883561819749,-1.41164381802513,"Male",3,0.55
2,"z0186435",30,18.913777839029,-11.086222160971,"Male",3,0.55
2,"z0186450",4,3.23748382796398,-0.762516172036019,"Male",3,0.55
2,"z0190863",11,13.4279082493213,2.42790824932129,"Female",5,1
2,"z0190867",7,7.98814671185185,0.988146711851851,"Female",4,0.75
2,"z0196956",13,20.6960865982902,7.69608659829019,"Male",5,1
2,"z0198374",16,16.9547400151691,0.954740015169065,"Male",4,0.75
2,"z0198377",35,24.5801164193025,-10.4198835806975,"Female",3,0.55
2,"z0198473",25,21.3545671730403,-3.64543282695972,"Male",5,1
2,"z0198474",19,28.1080638584189,9.10806385841886,"Male",5,1
2,"z0198475",40,29.1468790538074,-10.8531209461926,"Male",3,0.55
2,"z0187739",23,27.5474282703916,4.54742827039156,"Female",3,0.55
3,"z0023316",6,3.02101565847923,-2.97898434152077,"Male",4,0.75
3,"z0023318",11,8.85586313948698,-2.14413686051302,"Female",4,0.75
3,"z0023319",26,17.3347984303596,-8.66520156964044,"Male",4,0.75
3,"z0033906",15,18.3994066685478,3.39940666854778,"Male",5,1
3,"z0033908",6,20.8270906757985,14.8270906757985,"Male",5,1
3,"z0045925",24,22.0002142163046,-1.99978578369543,"Male",4,0.75
3,"z0045931",7,6.20161042851561,-0.798389571484394,"Male",4,0.75
3,"z0049051",37,20.9975714392354,-16.0024285607646,"Female",4,0.75
3,"z0049052",34,27.8771449257124,-6.12285507428757,"Male",4,0.75
3,"z0061425",26,17.9416682168008,-8.05833178319921,"Male",4,0.75
3,"z0075660",18,15.7525987550272,-2.24740124497276,"Male",4,0.75
3,"z0075676",9,10.7231671661601,1.72316716616013,"Female",4,0.75
3,"z0075677",4,3.30778738575846,-0.692212614241541,"Female",5,1
3,"z0075678",7,10.284597238669,3.28459723866896,"Female",4,0.75
3,"z0091277",3,2.99435572456374,-0.00564427543626245,"Female",4,0.75
3,"z0091284",3,2.63170715722872,-0.368292842771282,"Male",4,0.75
3,"z0091285",5,5.99876115557758,0.998761155577579,"Male",5,1
3,"z0091286",14,15.4319551348861,1.43195513488614,"Male",4,0.75
3,"z0092243",19,19.045301820657,0.0453018206569489,"Female",4,0.75
3,"z0092256",5,6.17816396963486,1.17816396963486,"Male",5,1
3,"z0098734",23,16.6281715566927,-6.37182844330733,"Male",4,0.75
3,"z0098735",30,24.4874015961107,-5.5125984038893,"Male",4,0.75
3,"z0098737",12,13.6342949536497,1.63429495364967,"Female",5,1
3,"z0098738",19,20.2048753336449,1.20487533364491,"Male",4,0.75
3,"z0098740",17,16.6577766333434,-0.342223366656622,"Female",4,0.75
3,"z0098745",7,11.2522951339167,4.25229513391666,"Male",4,0.75
3,"z0098746",32,22.9308728996485,-9.06912710035147,"Male",4,0.75
3,"z0102483",5,8.87213094316894,3.87213094316894,"Male",5,1
3,"z0102500",12,9.60467042850786,-2.39532957149214,"Male",4,0.75
3,"z0123188",24,28.6178576203684,4.61785762036842,"Female",5,1
3,"z0132632",34,27.2828242205518,-6.71717577944818,"Female",4,0.75
3,"z0132634",12,14.635186975101,2.63518697510101,"Female",4,0.75
3,"z0132658",36,20.0237212983807,-15.9762787016193,"Male",4,0.75
3,"z0132660",23,22.2865184311117,-0.713481568888334,"Male",4,0.75
3,"z0160208",21,28.5525112565589,7.55251125655887,"Female",5,1
3,"z0175867",9,14.3040551898493,5.30405518984928,"Female",4,0.75
3,"z0175874",20,13.1007665406771,-6.89923345932291,"Male",4,0.75
3,"z0175876",12,16.1548327869334,4.15483278693339,"Male",5,1
3,"z0175877",32,24.8131571020673,-7.18684289793266,"Female",4,0.75
3,"z0178364",10,17.939314065201,7.93931406520101,"Female",5,1
3,"z0183541",32,24.9544263503592,-7.04557364964083,"Male",4,0.75
3,"z0183543",4,0.720096755388372,-3.27990324461163,"Male",5,1
3,"z0183544",11,12.1340313631748,1.13403136317481,"Female",5,1
3,"z0186433",21,22.2855311829024,1.28553118290244,"Male",5,1
3,"z0190863",11,14.4775229690853,3.47752296908527,"Female",5,1
3,"z0190867",7,8.5724696265417,1.5724696265417,"Female",4,0.75
3,"z0196956",13,20.3731920389059,7.37319203890593,"Male",5,1
3,"z0198374",16,17.9563394928603,1.9563394928603,"Male",4,0.75
3,"z0198473",25,21.1458170535539,-3.85418294644607,"Male",5,1
3,"z0198474",19,28.1814835278503,9.1814835278503,"Male",5,1
4,"z0018943",10,17.0696792178091,7.06967921780907,"Female",3,0.55
4,"z0018944",10,11.6586598757285,1.65865987572849,"Male",3,0.55
4,"z0018945",22,29.8571547874768,7.8571547874768,"Female",3,0.55
4,"z0023316",6,6.27559354659011,0.275593546590112,"Male",4,0.75
4,"z0023317",25,23.4799545556795,-1.52004544432053,"Male",3,0.55
4,"z0023318",11,8.63221584093174,-2.36778415906826,"Female",4,0.75
4,"z0023319",26,26.5846073744273,0.584607374427257,"Male",4,0.75
4,"z0023321",11,7.1003237217657,-3.8996762782343,"Female",3,0.55
4,"z0027453",6,8.9295963260727,2.9295963260727,"Female",3,0.55
4,"z0027455",10,8.79019582210136,-1.20980417789864,"Female",2,0.2
4,"z0033888",6,5.64799344494638,-0.352006555053622,"Female",3,0.55
4,"z0033893",15,18.0782017578979,3.07820175789787,"Male",2,0.2
4,"z0033898",10,15.8848624986816,5.88486249868163,"Male",3,0.55
4,"z0033906",15,17.5080930306533,2.50809303065331,"Male",5,1
4,"z0033908",6,22.5311332847856,16.5311332847856,"Male",5,1
4,"z0041286",28,28.1567205901828,0.156720590182843,"Male",3,0.55
4,"z0045921",10,19.8505670250898,9.85056702508982,"Female",2,0.2
4,"z0045925",24,26.0236683785118,2.02366837851177,"Male",4,0.75
4,"z0045931",7,2.4193826421692,-4.5806173578308,"Male",4,0.75
4,"z0049046",6,9.17404318696171,3.17404318696171,"Female",3,0.55
4,"z0049048",11,11.1079105926852,0.107910592685194,"Male",2,0.2
4,"z0049050",11,22.5431904223198,11.5431904223198,"Male",3,0.55
4,"z0049051",37,30.2523074432355,-6.74769255676454,"Female",4,0.75
4,"z0049052",34,30.467838387241,-3.53216161275905,"Male",4,0.75
4,"z0061425",26,18.0682677887228,-7.93173221127716,"Male",4,0.75
4,"z0071016",8,11.6689525600835,3.66895256008354,"Male",3,0.55
4,"z0075660",18,19.5932957488947,1.59329574889474,"Male",4,0.75
4,"z0075663",18,20.5031971493894,2.50319714938935,"Male",3,0.55
4,"z0075665",27,25.8359831209645,-1.16401687903554,"Female",3,0.55
4,"z0075676",9,7.48246664850219,-1.51753335149781,"Female",4,0.75
4,"z0075677",4,2.90284108826847,-1.09715891173153,"Female",5,1
4,"z0075678",7,12.1411070741292,5.14110707412916,"Female",4,0.75
4,"z0091082",7,5.97619266743227,-1.02380733256773,"Female",3,0.55
4,"z0091085",19,18.8499922473307,-0.150007752669314,"Female",3,0.55
4,"z0091275",3,6.13852817407815,3.13852817407815,"Male",3,0.55
4,"z0091276",10,23.0616415353433,13.0616415353433,"Female",2,0.2
4,"z0091277",3,9.04946981973676,6.04946981973676,"Female",4,0.75
4,"z0091284",3,8.03170581125447,5.03170581125447,"Male",4,0.75
4,"z0091285",5,6.53988607242778,1.53988607242778,"Male",5,1
4,"z0091286",14,13.324455177462,-0.675544822538031,"Male",4,0.75
4,"z0092243",19,15.3565900963796,-3.64340990362038,"Female",4,0.75
4,"z0092256",5,6.4154648174417,1.4154648174417,"Male",5,1
4,"z0098734",23,14.9912828985935,-8.00871710140655,"Male",4,0.75
4,"z0098735",30,22.9088070407939,-7.09119295920611,"Male",4,0.75
4,"z0098736",15,10.0384161728048,-4.96158382719521,"Female",3,0.55
4,"z0098737",12,8.23569037880468,-3.76430962119532,"Female",5,1
4,"z0098738",19,18.5056793535847,-0.494320646415343,"Male",4,0.75
4,"z0098740",17,16.2989894541502,-0.701010545849826,"Female",4,0.75
4,"z0098744",6,14.7215516736221,8.72155167362207,"Male",2,0.2
4,"z0098745",7,8.91452878160965,1.91452878160965,"Male",4,0.75
4,"z0098746",32,17.2861548397879,-14.7138451602121,"Male",4,0.75
4,"z0102483",5,4.12571997149537,-0.874280028504625,"Male",5,1
4,"z0102484",13,16.0933203167906,3.09332031679065,"Female",3,0.55
4,"z0102485",21,29.7296245878376,8.72962458783756,"Male",2,0.2
4,"z0102500",12,8.40185219790719,-3.59814780209281,"Male",4,0.75
4,"z0123188",24,28.9411908974542,4.94119089745423,"Female",5,1
4,"z0132631",15,14.5837169444749,-0.416283055525057,"Female",3,0.55
4,"z0132632",34,28.4612853006879,-5.53871469931206,"Female",4,0.75
4,"z0132634",12,14.7351083818191,2.7351083818191,"Female",4,0.75
4,"z0132639",29,20.4644570711912,-8.53554292880876,"Female",3,0.55
4,"z0132641",21,18.1649841222404,-2.83501587775959,"Male",3,0.55
4,"z0132642",11,8.44042314305341,-2.55957685694659,"Female",2,0.2
4,"z0132658",36,28.0074333984792,-7.99256660152076,"Male",4,0.75
4,"z0132659",27,26.7080614706621,-0.291938529337891,"Female",3,0.55
4,"z0132660",23,24.0911761591169,1.09117615911686,"Male",4,0.75
4,"z0160208",21,26.0138193137456,5.01381931374556,"Female",5,1
4,"z0175867",9,14.7518154152279,5.75181541522789,"Female",4,0.75
4,"z0175874",20,13.8632403672514,-6.13675963274864,"Male",4,0.75
4,"z0175876",12,13.601277879061,1.60127787906096,"Male",5,1
4,"z0175877",32,21.4974628630749,-10.5025371369251,"Female",4,0.75
4,"z0178364",10,14.2858699403091,4.28586994030907,"Female",5,1
4,"z0183541",32,28.3163738959638,-3.68362610403616,"Male",4,0.75
4,"z0183543",4,6.17696215793122,2.17696215793122,"Male",5,1
4,"z0183544",11,6.65563030204196,-4.34436969795804,"Female",5,1
4,"z0186431",8,11.1041767041556,3.10417670415556,"Male",2,0.2
4,"z0186433",21,18.1664720835865,-2.83352791641346,"Male",5,1
4,"z0186434",22,14.7333806353487,-7.26661936465128,"Male",3,0.55
4,"z0186435",30,20.2658658438628,-9.73413415613722,"Male",3,0.55
4,"z0186450",4,9.59101096730922,5.59101096730922,"Male",3,0.55
4,"z0190863",11,13.2606018139185,2.26060181391847,"Female",5,1
4,"z0190867",7,10.5011140432598,3.50111404325982,"Female",4,0.75
4,"z0196956",13,18.7978423416997,5.79784234169975,"Male",5,1
4,"z0198374",16,17.8721494430049,1.87214944300489,"Male",4,0.75
4,"z0198377",35,27.2149876580468,-7.78501234195323,"Female",3,0.55
4,"z0198473",25,21.1045821601222,-3.89541783987784,"Male",5,1
4,"z0198474",19,28.8044900331643,9.80449003316426,"Male",5,1
4,"z0198475",40,24.8184400611414,-15.1815599388586,"Male",3,0.55
4,"z0187739",23,25.6903427854426,2.69034278544255,"Female",3,0.55
4,"z0045928",22,24.8954243918991,2.89542439189909,"Female",2,0.2
5,"z0018943",10,19.7793060014988,9.77930600149883,"Female",3,0.55
5,"z0018944",10,11.9983086872527,1.99830868725269,"Male",3,0.55
5,"z0018945",22,29.7828917463206,7.78289174632056,"Female",3,0.55
5,"z0023316",6,7.01151469766791,1.01151469766791,"Male",4,0.75
5,"z0023317",25,24.1046752348699,-0.895324765130102,"Male",3,0.55
5,"z0023318",11,10.7515452324694,-0.248454767530564,"Female",4,0.75
5,"z0023319",26,27.6068864243072,1.60688642430723,"Male",4,0.75
5,"z0023321",11,5.98798944601534,-5.01201055398466,"Female",3,0.55
5,"z0027453",6,7.96915332677592,1.96915332677592,"Female",3,0.55
5,"z0033888",6,5.8779304447887,-0.122069555211295,"Female",3,0.55
5,"z0033898",10,17.1851068276825,7.18510682768255,"Male",3,0.55
5,"z0033906",15,17.5407646244075,2.54076462440754,"Male",5,1
5,"z0033908",6,22.7889442166021,16.7889442166021,"Male",5,1
5,"z0041286",28,29.908127899249,1.90812789924896,"Male",3,0.55
5,"z0045925",24,25.1227955617695,1.12279556176951,"Male",4,0.75
5,"z0045931",7,3.80934519279052,-3.19065480720948,"Male",4,0.75
5,"z0049046",6,8.78320567519962,2.78320567519962,"Female",3,0.55
5,"z0049050",11,22.9526996270505,11.9526996270505,"Male",3,0.55
5,"z0049051",37,30.3418893585465,-6.65811064145347,"Female",4,0.75
5,"z0049052",34,31.4929918111633,-2.50700818883665,"Male",4,0.75
5,"z0061425",26,18.1309563481969,-7.8690436518031,"Male",4,0.75
5,"z0071016",8,12.1974150553015,4.19741505530154,"Male",3,0.55
5,"z0075660",18,21.2688622254825,3.26886222548248,"Male",4,0.75
5,"z0075663",18,22.6107891534468,4.61078915344679,"Male",3,0.55
5,"z0075665",27,26.262486195649,-0.737513804351003,"Female",3,0.55
5,"z0075676",9,9.06114469678858,0.0611446967885811,"Female",4,0.75
5,"z0075677",4,3.09336405886332,-0.906635941136685,"Female",5,1
5,"z0075678",7,12.0808393565456,5.08083935654563,"Female",4,0.75
5,"z0091082",7,4.76295416978812,-2.23704583021188,"Female",3,0.55
5,"z0091085",19,17.15062796893,-1.84937203106999,"Female",3,0.55
5,"z0091275",3,4.78970123851765,1.78970123851765,"Male",3,0.55
5,"z0091277",3,10.950404005697,7.950404005697,"Female",4,0.75
5,"z0091284",3,9.03151802131308,6.03151802131308,"Male",4,0.75
5,"z0091285",5,6.72208457375517,1.72208457375517,"Male",5,1
5,"z0091286",14,16.1367068949252,2.13670689492522,"Male",4,0.75
5,"z0092243",19,16.2254557089985,-2.77454429100152,"Female",4,0.75
5,"z0092256",5,4.87460250039832,-0.125397499601675,"Male",5,1
5,"z0098734",23,15.2627855408207,-7.73721445917929,"Male",4,0.75
5,"z0098735",30,23.4498482383388,-6.55015176166123,"Male",4,0.75
5,"z0098736",15,8.1346298396989,-6.8653701603011,"Female",3,0.55
5,"z0098737",12,8.65746182012922,-3.34253817987078,"Female",5,1
5,"z0098738",19,18.2728347826701,-0.727165217329937,"Male",4,0.75
5,"z0098740",17,16.0229487488056,-0.977051251194407,"Female",4,0.75
5,"z0098745",7,9.76856018620154,2.76856018620154,"Male",4,0.75
5,"z0098746",32,20.0599474878863,-11.9400525121137,"Male",4,0.75
5,"z0102483",5,4.73760866051851,-0.262391339481491,"Male",5,1
5,"z0102484",13,16.075531623997,3.07553162399698,"Female",3,0.55
5,"z0102500",12,9.83521314919396,-2.16478685080604,"Male",4,0.75
5,"z0123188",24,30.6028239113974,6.60282391139739,"Female",5,1
5,"z0132631",15,14.1995196808995,-0.800480319100519,"Female",3,0.55
5,"z0132632",34,29.9860560672284,-4.0139439327716,"Female",4,0.75
5,"z0132634",12,14.4400248377648,2.44002483776477,"Female",4,0.75
5,"z0132639",29,20.8524073251626,-8.1475926748374,"Female",3,0.55
5,"z0132641",21,17.7224720669407,-3.27752793305931,"Male",3,0.55
5,"z0132658",36,28.5171409406772,-7.48285905932283,"Male",4,0.75
5,"z0132659",27,28.5731711880588,1.57317118805876,"Female",3,0.55
5,"z0132660",23,22.038455394979,-0.961544605021015,"Male",4,0.75
5,"z0160208",21,29.4078693790771,8.40786937907711,"Female",5,1
5,"z0175867",9,15.997760092184,6.99776009218399,"Female",4,0.75
5,"z0175874",20,14.6152061568504,-5.38479384314965,"Male",4,0.75
5,"z0175876",12,13.5407068655065,1.54070686550648,"Male",5,1
5,"z0175877",32,21.3479071432578,-10.6520928567422,"Female",4,0.75
5,"z0178364",10,14.658004678322,4.65800467832201,"Female",5,1
5,"z0183541",32,30.6347595424032,-1.3652404575968,"Male",4,0.75
5,"z0183543",4,5.08190732106524,1.08190732106524,"Male",5,1
5,"z0183544",11,5.84050928158739,-5.15949071841261,"Female",5,1
5,"z0186433",21,19.875927746977,-1.12407225302297,"Male",5,1
5,"z0186434",22,15.7090713743069,-6.29092862569309,"Male",3,0.55
5,"z0186435",30,21.8615031716723,-8.13849682832775,"Male",3,0.55
5,"z0186450",4,10.6803401888186,6.68034018881858,"Male",3,0.55
5,"z0190863",11,15.7098156267416,4.70981562674159,"Female",5,1
5,"z0190867",7,11.0962971789864,4.09629717898641,"Female",4,0.75
5,"z0196956",13,18.9822242024881,5.98222420248812,"Male",5,1
5,"z0198374",16,18.4013896625598,2.40138966255982,"Male",4,0.75
5,"z0198377",35,28.0317608304258,-6.96823916957419,"Female",3,0.55
5,"z0198473",25,21.8740905431007,-3.12590945689926,"Male",5,1
5,"z0198474",19,29.2724933661837,10.2724933661837,"Male",5,1
5,"z0198475",40,28.1005633698953,-11.8994366301047,"Male",3,0.55
5,"z0187739",23,28.6449784561649,5.64497845616494,"Female",3,0.55
6,"z0023316",6,5.76150740084592,-0.238492599154077,"Male",4,0.75
6,"z0023318",11,10.6713777122852,-0.328622287714822,"Female",4,0.75
6,"z0023319",26,24.7849977534257,-1.21500224657433,"Male",4,0.75
6,"z0033906",15,18.1344824715876,3.13448247158762,"Male",5,1
6,"z0033908",6,25.0116059141768,19.0116059141768,"Male",5,1
6,"z0045925",24,23.3475388648066,-0.65246113519337,"Male",4,0.75
6,"z0045931",7,3.10930626700012,-3.89069373299988,"Male",4,0.75
6,"z0049051",37,26.7612026850206,-10.2387973149794,"Female",4,0.75
6,"z0049052",34,30.4970642908456,-3.50293570915436,"Male",4,0.75
6,"z0061425",26,19.9856269233544,-6.01437307664555,"Male",4,0.75
6,"z0075660",18,21.3356001693211,3.33560016932115,"Male",4,0.75
6,"z0075676",9,10.630254157105,1.63025415710502,"Female",4,0.75
6,"z0075677",4,5.71982693332205,1.71982693332205,"Female",5,1
6,"z0075678",7,8.5328561139971,1.5328561139971,"Female",4,0.75
6,"z0091277",3,8.50183490249526,5.50183490249526,"Female",4,0.75
6,"z0091284",3,1.97462809014083,-1.02537190985917,"Male",4,0.75
6,"z0091285",5,3.77004044096891,-1.22995955903109,"Male",5,1
6,"z0091286",14,17.5372806041827,3.53728060418267,"Male",4,0.75
6,"z0092243",19,18.781410591626,-0.218589408374044,"Female",4,0.75
6,"z0092256",5,1.44511127865365,-3.55488872134635,"Male",5,1
6,"z0098734",23,19.5364711760886,-3.46352882391141,"Male",4,0.75
6,"z0098735",30,25.7811622144184,-4.21883778558159,"Male",4,0.75
6,"z0098737",12,11.6923142687939,-0.30768573120606,"Female",5,1
6,"z0098738",19,17.8470108361025,-1.15298916389748,"Male",4,0.75
6,"z0098740",17,19.078479274961,2.07847927496096,"Female",4,0.75
6,"z0098745",7,8.71992299417575,1.71992299417575,"Male",4,0.75
6,"z0098746",32,29.1595869975738,-2.84041300242617,"Male",4,0.75
6,"z0102483",5,7.74535493144337,2.74535493144337,"Male",5,1
6,"z0102500",12,10.1194104950589,-1.88058950494107,"Male",4,0.75
6,"z0123188",24,32.266499126994,8.26649912699403,"Female",5,1
6,"z0132632",34,28.946576014742,-5.053423985258,"Female",4,0.75
6,"z0132634",12,16.8555977301802,4.85559773018017,"Female",4,0.75
6,"z0132658",36,29.2270421138521,-6.77295788614794,"Male",4,0.75
6,"z0132660",23,21.2498424338918,-1.75015756610815,"Male",4,0.75
6,"z0160208",21,25.8716156864341,4.87161568643406,"Female",5,1
6,"z0175867",9,15.8784246118373,6.87842461183728,"Female",4,0.75
6,"z0175874",20,18.3505697232326,-1.64943027676745,"Male",4,0.75
6,"z0175876",12,18.3153262194748,6.31532621947475,"Male",5,1
6,"z0175877",32,25.9774963982754,-6.02250360172462,"Female",4,0.75
6,"z0178364",10,18.8720877791347,8.87208777913469,"Female",5,1
6,"z0183541",32,27.8653950108812,-4.13460498911879,"Male",4,0.75
6,"z0183543",4,0.453558742596215,-3.54644125740379,"Male",5,1
6,"z0183544",11,10.364295875428,-0.635704124571999,"Female",5,1
6,"z0186433",21,19.4309924169831,-1.56900758301693,"Male",5,1
6,"z0190863",11,12.5331288311401,1.53312883114009,"Female",5,1
6,"z0190867",7,8.14205200454791,1.14205200454791,"Female",4,0.75
6,"z0196956",13,16.0166622737352,3.01666227373525,"Male",5,1
6,"z0198374",16,14.9943585901232,-1.00564140987679,"Male",4,0.75
6,"z0198473",25,21.4032335107054,-3.59676648929459,"Male",5,1
6,"z0198474",19,28.1541205063563,9.15412050635633,"Male",5,1
7,"z0018943",10,14.9812419051748,4.98124190517484,"Female",3,0.55
7,"z0018944",10,12.5547183713751,2.55471837137506,"Male",3,0.55
7,"z0018945",22,27.0608826250035,5.06088262500354,"Female",3,0.55
7,"z0023316",6,6.06680835733975,0.0668083573397524,"Male",4,0.75
7,"z0023317",25,23.6918078319105,-1.3081921680895,"Male",3,0.55
7,"z0023318",11,9.27627499658131,-1.72372500341869,"Female",4,0.75
7,"z0023319",26,26.2895384631254,0.289538463125432,"Male",4,0.75
7,"z0023321",11,9.46126807475957,-1.53873192524043,"Female",3,0.55
7,"z0027453",6,10.6941208974315,4.69412089743151,"Female",3,0.55
7,"z0027455",10,8.65612540121121,-1.34387459878879,"Female",2,0.2
7,"z0033888",6,8.61338850614416,2.61338850614416,"Female",3,0.55
7,"z0033893",15,17.6012354799517,2.60123547995169,"Male",2,0.2
7,"z0033898",10,14.4209482806731,4.42094828067307,"Male",3,0.55
7,"z0033906",15,17.3847058443718,2.3847058443718,"Male",5,1
7,"z0033908",6,21.5352626825101,15.5352626825101,"Male",5,1
7,"z0041286",28,27.754971470102,-0.245028529897965,"Male",3,0.55
7,"z0045921",10,18.3162569988506,8.3162569988506,"Female",2,0.2
7,"z0045925",24,27.4542790515039,3.45427905150392,"Male",4,0.75
7,"z0045931",7,3.3537333653723,-3.6462666346277,"Male",4,0.75
7,"z0049046",6,9.29170829184497,3.29170829184497,"Female",3,0.55
7,"z0049048",11,10.7543633940366,-0.245636605963391,"Male",2,0.2
7,"z0049050",11,19.9441009170751,8.94410091707513,"Male",3,0.55
7,"z0049051",37,28.618727394899,-8.38127260510096,"Female",4,0.75
7,"z0049052",34,30.5850107480387,-3.41498925196132,"Male",4,0.75
7,"z0061425",26,18.5993122446384,-7.40068775536164,"Male",4,0.75
7,"z0071016",8,12.6606783006195,4.66067830061945,"Male",3,0.55
7,"z0075660",18,21.5919830853168,3.59198308531677,"Male",4,0.75
7,"z0075663",18,22.6665218146237,4.66652181462368,"Male",3,0.55
7,"z0075665",27,28.198961239421,1.19896123942097,"Female",3,0.55
7,"z0075676",9,5.59513050720084,-3.40486949279916,"Female",4,0.75
7,"z0075677",4,2.61149744969897,-1.38850255030103,"Female",5,1
7,"z0075678",7,12.771919863201,5.77191986320098,"Female",4,0.75
7,"z0091082",7,6.3380285153524,-0.661971484647598,"Female",3,0.55
7,"z0091085",19,18.853484596323,-0.146515403676972,"Female",3,0.55
7,"z0091275",3,5.50860229558197,2.50860229558197,"Male",3,0.55
7,"z0091276",10,20.1914517162095,10.1914517162095,"Female",2,0.2
7,"z0091277",3,8.37873104671547,5.37873104671547,"Female",4,0.75
7,"z0091284",3,8.28160063614514,5.28160063614514,"Male",4,0.75
7,"z0091285",5,8.24787688056897,3.24787688056897,"Male",5,1
7,"z0091286",14,12.6825982756157,-1.31740172438429,"Male",4,0.75
7,"z0092243",19,14.6341063420385,-4.36589365796146,"Female",4,0.75
7,"z0092256",5,8.30263820953088,3.30263820953088,"Male",5,1
7,"z0098734",23,19.7921082296639,-3.20789177033609,"Male",4,0.75
7,"z0098735",30,23.1067759657359,-6.89322403426412,"Male",4,0.75
7,"z0098736",15,10.1506119022314,-4.84938809776862,"Female",3,0.55
7,"z0098737",12,7.97266461675284,-4.02733538324716,"Female",5,1
7,"z0098738",19,17.3079884653526,-1.69201153464742,"Male",4,0.75
7,"z0098740",17,17.6900653400112,0.690065340011248,"Female",4,0.75
7,"z0098744",6,14.7294768868745,8.72947688687453,"Male",2,0.2
7,"z0098745",7,11.0072184559722,4.00721845597222,"Male",4,0.75
7,"z0098746",32,21.5720895234015,-10.4279104765985,"Male",4,0.75
7,"z0102483",5,4.43121237924766,-0.568787620752344,"Male",5,1
7,"z0102484",13,14.8922115218563,1.89221152185625,"Female",3,0.55
7,"z0102485",21,28.8662277737495,7.86622777374954,"Male",2,0.2
7,"z0102500",12,7.3372580319766,-4.6627419680234,"Male",4,0.75
7,"z0123188",24,27.5713253708631,3.57132537086309,"Female",5,1
7,"z0132631",15,15.6413346901098,0.641334690109817,"Female",3,0.55
7,"z0132632",34,25.9123530277973,-8.08764697220267,"Female",4,0.75
7,"z0132634",12,13.3112718203244,1.3112718203244,"Female",4,0.75
7,"z0132639",29,23.5394319357304,-5.46056806426962,"Female",3,0.55
7,"z0132641",21,15.8141012702801,-5.18589872971994,"Male",3,0.55
7,"z0132642",11,7.84518895527222,-3.15481104472778,"Female",2,0.2
7,"z0132658",36,29.3284929592761,-6.67150704072392,"Male",4,0.75
7,"z0132659",27,25.2426324461374,-1.7573675538626,"Female",3,0.55
7,"z0132660",23,21.4023489484808,-1.59765105151918,"Male",4,0.75
7,"z0160208",21,27.0861217012254,6.08612170122541,"Female",5,1
7,"z0175867",9,12.9958965643141,3.99589656431408,"Female",4,0.75
7,"z0175874",20,16.2149268147981,-3.78507318520186,"Male",4,0.75
7,"z0175876",12,9.6946682518626,-2.3053317481374,"Male",5,1
7,"z0175877",32,22.1714974727252,-9.82850252727476,"Female",4,0.75
7,"z0178364",10,14.3368103750384,4.33681037503844,"Female",5,1
7,"z0183541",32,30.3036396719456,-1.69636032805438,"Male",4,0.75
7,"z0183543",4,4.80144217661456,0.801442176614563,"Male",5,1
7,"z0183544",11,7.27130829497364,-3.72869170502636,"Female",5,1
7,"z0186431",8,10.526788260604,2.52678826060398,"Male",2,0.2
7,"z0186433",21,18.4256209157957,-2.5743790842043,"Male",5,1
7,"z0186434",22,15.3012833873408,-6.69871661265917,"Male",3,0.55
7,"z0186435",30,19.4839376336376,-10.5160623663624,"Male",3,0.55
7,"z0186450",4,9.74803731585341,5.74803731585341,"Male",3,0.55
7,"z0190863",11,14.0768225624066,3.07682256240656,"Female",5,1
7,"z0190867",7,10.1651818809094,3.16518188090943,"Female",4,0.75
7,"z0196956",13,15.5669217169767,2.56692171697669,"Male",5,1
7,"z0198374",16,18.23474290429,2.23474290428998,"Male",4,0.75
7,"z0198377",35,26.0602226016166,-8.93977739838341,"Female",3,0.55
7,"z0198473",25,24.1880606168671,-0.811939383132927,"Male",5,1
7,"z0198474",19,28.1584499430877,9.1584499430877,"Male",5,1
7,"z0198475",40,22.525336373764,-17.474663626236,"Male",3,0.55
7,"z0187739",23,22.0472490751891,-0.952750924810864,"Female",3,0.55
7,"z0045928",22,23.8332299903787,1.8332299903787,"Female",2,0.2
8,"z0018943",10,18.0181468354043,8.01814683540433,"Female",3,0.55
8,"z0018944",10,12.3972678155179,2.39726781551789,"Male",3,0.55
8,"z0018945",22,27.8318392707123,5.83183927071229,"Female",3,0.55
8,"z0023316",6,7.43696123350427,1.43696123350427,"Male",4,0.75
8,"z0023317",25,24.1014971294979,-0.898502870502142,"Male",3,0.55
8,"z0023318",11,11.8484966919302,0.848496691930194,"Female",4,0.75
8,"z0023319",26,26.4743904287323,0.474390428732264,"Male",4,0.75
8,"z0023321",11,8.65376357031592,-2.34623642968408,"Female",3,0.55
8,"z0027453",6,9.68716809801398,3.68716809801398,"Female",3,0.55
8,"z0033888",6,8.08957195746385,2.08957195746385,"Female",3,0.55
8,"z0033898",10,16.108585474909,6.10858547490898,"Male",3,0.55
8,"z0033906",15,17.520573735375,2.52057373537504,"Male",5,1
8,"z0033908",6,22.783277449131,16.783277449131,"Male",5,1
8,"z0041286",28,28.8624529465553,0.862452946555344,"Male",3,0.55
8,"z0045925",24,27.105615112521,3.10561511252101,"Male",4,0.75
8,"z0045931",7,4.41037076735312,-2.58962923264688,"Male",4,0.75
8,"z0049046",6,8.02186562505763,2.02186562505763,"Female",3,0.55
8,"z0049050",11,20.8300295894779,9.83002958947787,"Male",3,0.55
8,"z0049051",37,28.4255304624572,-8.57446953754276,"Female",4,0.75
8,"z0049052",34,31.4150827703984,-2.58491722960163,"Male",4,0.75
8,"z0061425",26,19.1058405755478,-6.89415942445216,"Male",4,0.75
8,"z0071016",8,13.8185266265981,5.81852662659813,"Male",3,0.55
8,"z0075660",18,22.1595903436241,4.15959034362411,"Male",4,0.75
8,"z0075663",18,24.3032853911928,6.30328539119275,"Male",3,0.55
8,"z0075665",27,29.1566443404443,2.15664434044426,"Female",3,0.55
8,"z0075676",9,7.36786010717648,-1.63213989282352,"Female",4,0.75
8,"z0075677",4,2.70518967055847,-1.29481032944153,"Female",5,1
8,"z0075678",7,12.3531614771764,5.35316147717642,"Female",4,0.75
8,"z0091082",7,5.54010021452891,-1.45989978547109,"Female",3,0.55
8,"z0091085",19,18.1041599993629,-0.895840000637129,"Female",3,0.55
8,"z0091275",3,4.70886368675889,1.70886368675889,"Male",3,0.55
8,"z0091277",3,10.1753455677976,7.17534556779763,"Female",4,0.75
8,"z0091284",3,9.7553321825087,6.7553321825087,"Male",4,0.75
8,"z0091285",5,7.62833059697564,2.62833059697564,"Male",5,1
8,"z0091286",14,14.738645201868,0.73864520186803,"Male",4,0.75
8,"z0092243",19,14.9722098364627,-4.02779016353728,"Female",4,0.75
8,"z0092256",5,7.49830273964333,2.49830273964333,"Male",5,1
8,"z0098734",23,19.7527810289491,-3.24721897105091,"Male",4,0.75
8,"z0098735",30,22.8714488117378,-7.1285511882622,"Male",4,0.75
8,"z0098736",15,8.46288359846851,-6.53711640153149,"Female",3,0.55
8,"z0098737",12,7.50112282489006,-4.49887717510994,"Female",5,1
8,"z0098738",19,17.1478586670384,-1.85214133296164,"Male",4,0.75
8,"z0098740",17,17.4346268112468,0.434626811246755,"Female",4,0.75
8,"z0098745",7,11.5468057735683,4.54680577356827,"Male",4,0.75
8,"z0098746",32,23.7765330838067,-8.22346691619328,"Male",4,0.75
8,"z0102483",5,5.34992211316194,0.349922113161936,"Male",5,1
8,"z0102484",13,14.922669185647,1.92266918564697,"Female",3,0.55
8,"z0102500",12,7.99285004353985,-4.00714995646015,"Male",4,0.75
8,"z0123188",24,28.5349541213417,4.5349541213417,"Female",5,1
8,"z0132631",15,14.2093877639997,-0.790612236000342,"Female",3,0.55
8,"z0132632",34,25.9645477466726,-8.03545225332739,"Female",4,0.75
8,"z0132634",12,13.1916445252101,1.19164452521009,"Female",4,0.75
8,"z0132639",29,24.5842915198093,-4.41570848019072,"Female",3,0.55
8,"z0132641",21,16.3866516224314,-4.61334837756859,"Male",3,0.55
8,"z0132658",36,30.8526835864317,-5.14731641356828,"Male",4,0.75
8,"z0132659",27,26.8781756046506,-0.121824395349385,"Female",3,0.55
8,"z0132660",23,20.4073754418111,-2.5926245581889,"Male",4,0.75
8,"z0160208",21,28.8990278039195,7.89902780391948,"Female",5,1
8,"z0175867",9,14.4527048553366,5.45270485533662,"Female",4,0.75
8,"z0175874",20,14.962280613315,-5.037719386685,"Male",4,0.75
8,"z0175876",12,9.79677988434035,-2.20322011565965,"Male",5,1
8,"z0175877",32,22.8406995950742,-9.1593004049258,"Female",4,0.75
8,"z0178364",10,14.0289177088751,4.02891770887507,"Female",5,1
8,"z0183541",32,32.38635878886,0.386358788860015,"Male",4,0.75
8,"z0183543",4,4.35291654136368,0.352916541363678,"Male",5,1
8,"z0183544",11,5.84400462531697,-5.15599537468303,"Female",5,1
8,"z0186433",21,19.8023516169082,-1.19764838309177,"Male",5,1
8,"z0186434",22,15.8765029989518,-6.12349700104823,"Male",3,0.55
8,"z0186435",30,20.9573214645614,-9.04267853543864,"Male",3,0.55
8,"z0186450",4,11.0977476704916,7.09774767049162,"Male",3,0.55
8,"z0190863",11,16.076317760654,5.07631776065405,"Female",5,1
8,"z0190867",7,10.3132350518261,3.31323505182607,"Female",4,0.75
8,"z0196956",13,16.1170195663568,3.11701956635681,"Male",5,1
8,"z0198374",16,17.6183599426248,1.61835994262479,"Male",4,0.75
8,"z0198377",35,27.5786458588772,-7.42135414112277,"Female",3,0.55
8,"z0198473",25,24.8274587273764,-0.172541272623615,"Male",5,1
8,"z0198474",19,28.4654547164628,9.46545471646277,"Male",5,1
8,"z0198475",40,25.4162112303534,-14.5837887696466,"Male",3,0.55
8,"z0187739",23,24.4474823917753,1.44748239177526,"Female",3,0.55
9,"z0023316",6,5.23481414895012,-0.765185851049877,"Male",4,0.75
9,"z0023318",11,12.88362935262,1.88362935262004,"Female",4,0.75
9,"z0023319",26,27.4803639671661,1.48036396716609,"Male",4,0.75
9,"z0033906",15,18.0514550281717,3.05145502817166,"Male",5,1
9,"z0033908",6,20.8357329308831,14.8357329308831,"Male",5,1
9,"z0045925",24,25.1597709094103,1.15977090941032,"Male",4,0.75
9,"z0045931",7,4.67461413508371,-2.32538586491629,"Male",4,0.75
9,"z0049051",37,28.5342752437464,-8.46572475625362,"Female",4,0.75
9,"z0049052",34,31.2125368522185,-2.78746314778151,"Male",4,0.75
9,"z0061425",26,19.6225253094456,-6.37747469055438,"Male",4,0.75
9,"z0075660",18,20.4557525751236,2.45575257512363,"Male",4,0.75
9,"z0075676",9,7.18662745880337,-1.81337254119663,"Female",4,0.75
9,"z0075677",4,8.12150654767166,4.12150654767166,"Female",5,1
9,"z0075678",7,10.9324463147176,3.93244631471764,"Female",4,0.75
9,"z0091277",3,8.54840548129659,5.54840548129659,"Female",4,0.75
9,"z0091284",3,0.317910727911887,-2.68208927208811,"Male",4,0.75
9,"z0091285",5,2.78854772362832,-2.21145227637168,"Male",5,1
9,"z0091286",14,19.9627797209953,5.96277972099527,"Male",4,0.75
9,"z0092243",19,17.3633923725643,-1.63660762743572,"Female",4,0.75
9,"z0092256",5,2.80804796383488,-2.19195203616512,"Male",5,1
9,"z0098734",23,20.6954776705619,-2.30452232943806,"Male",4,0.75
9,"z0098735",30,26.1611008887832,-3.83889911121682,"Male",4,0.75
9,"z0098737",12,12.0384968799878,0.0384968799878145,"Female",5,1
9,"z0098738",19,19.0163020054744,0.0163020054743974,"Male",4,0.75
9,"z0098740",17,14.2640299282455,-2.73597007175445,"Female",4,0.75
9,"z0098745",7,8.73010160125021,1.73010160125021,"Male",4,0.75
9,"z0098746",32,31.7162942967378,-0.283705703262157,"Male",4,0.75
9,"z0102483",5,5.21635596127133,0.216355961271331,"Male",5,1
9,"z0102500",12,10.6300664172474,-1.36993358275256,"Male",4,0.75
9,"z0123188",24,29.7081147745546,5.70811477455463,"Female",5,1
9,"z0132632",34,28.3971390974756,-5.60286090252444,"Female",4,0.75
9,"z0132634",12,16.5382899322213,4.53828993222135,"Female",4,0.75
9,"z0132658",36,30.5726170775897,-5.42738292241029,"Male",4,0.75
9,"z0132660",23,20.9394404651108,-2.06055953488918,"Male",4,0.75
9,"z0160208",21,25.2677711350494,4.26777113504941,"Female",5,1
9,"z0175867",9,13.9400677609893,4.94006776098925,"Female",4,0.75
9,"z0175874",20,17.8279311610558,-2.17206883894422,"Male",4,0.75
9,"z0175876",12,13.9080642592431,1.90806425924311,"Male",5,1
9,"z0175877",32,25.7169547584654,-6.28304524153462,"Female",4,0.75
9,"z0178364",10,16.1261185921722,6.12611859217224,"Female",5,1
9,"z0183541",32,29.5511412726288,-2.4488587273712,"Male",4,0.75
9,"z0183543",4,1.59833208660153,-2.40166791339847,"Male",5,1
9,"z0183544",11,10.7104030560827,-0.289596943917253,"Female",5,1
9,"z0186433",21,19.0627971723532,-1.93720282764684,"Male",5,1
9,"z0190863",11,12.4372027103644,1.43720271036441,"Female",5,1
9,"z0190867",7,7.37655870662245,0.376558706622452,"Female",4,0.75
9,"z0196956",13,14.8241850455449,1.82418504554486,"Male",5,1
9,"z0198374",16,15.7973786774329,-0.202621322567095,"Male",4,0.75
9,"z0198473",25,23.9534861394124,-1.04651386058758,"Male",5,1
9,"z0198474",19,28.8529841284144,9.85298412841437,"Male",5,1
10,"z0018943",10,18.2181719952005,8.21817199520048,"Female",3,0.55
10,"z0018944",10,12.8754955037661,2.87549550376605,"Male",3,0.55
10,"z0018945",22,25.2464597637201,3.2464597637201,"Female",3,0.55
10,"z0023316",6,4.8120522200672,-1.1879477799328,"Male",4,0.75
10,"z0023317",25,23.0672025726453,-1.93279742735467,"Male",3,0.55
10,"z0023318",11,8.8035295411376,-2.1964704588624,"Female",4,0.75
10,"z0023319",26,25.9265750376015,-0.0734249623985335,"Male",4,0.75
10,"z0023321",11,9.25867710766794,-1.74132289233206,"Female",3,0.55
10,"z0027453",6,9.1264173438348,3.1264173438348,"Female",3,0.55
10,"z0027455",10,7.50820254290342,-2.49179745709658,"Female",2,0.2
10,"z0033888",6,6.22466766279131,0.224667662791314,"Female",3,0.55
10,"z0033893",15,17.4784721131973,2.47847211319728,"Male",2,0.2
10,"z0033898",10,12.8609431639485,2.86094316394852,"Male",3,0.55
10,"z0033906",15,17.4302030425581,2.43020304255814,"Male",5,1
10,"z0033908",6,20.7990711958219,14.7990711958219,"Male",5,1
10,"z0041286",28,26.3473583740258,-1.65264162597418,"Male",3,0.55
10,"z0045921",10,21.877443404435,11.877443404435,"Female",2,0.2
10,"z0045925",24,23.9177669174611,-0.0822330825388775,"Male",4,0.75
10,"z0045931",7,3.78089168102468,-3.21910831897532,"Male",4,0.75
10,"z0049046",6,9.20352597492509,3.20352597492509,"Female",3,0.55
10,"z0049048",11,11.60767891528,0.607678915279996,"Male",2,0.2
10,"z0049050",11,20.1080048461187,9.10800484611874,"Male",3,0.55
10,"z0049051",37,26.9098812763461,-10.0901187236539,"Female",4,0.75
10,"z0049052",34,27.906230130102,-6.09376986989796,"Male",4,0.75
10,"z0061425",26,20.1080097608283,-5.89199023917168,"Male",4,0.75
10,"z0071016",8,11.0025153044391,3.00251530443906,"Male",3,0.55
10,"z0075660",18,19.037697826928,1.03769782692796,"Male",4,0.75
10,"z0075663",18,21.4249139278056,3.42491392780558,"Male",3,0.55
10,"z0075665",27,25.561808538176,-1.43819146182404,"Female",3,0.55
10,"z0075676",9,8.90036759754297,-0.0996324024570256,"Female",4,0.75
10,"z0075677",4,3.68804878081047,-0.311951219189531,"Female",5,1
10,"z0075678",7,10.0270043306192,3.02700433061922,"Female",4,0.75
10,"z0091082",7,6.49627949688517,-0.503720503114833,"Female",3,0.55
10,"z0091085",19,19.7722753086719,0.772275308671926,"Female",3,0.55
10,"z0091275",3,3.37052863714398,0.370528637143982,"Male",3,0.55
10,"z0091276",10,19.6077658241722,9.60776582417215,"Female",2,0.2
10,"z0091277",3,8.11774017571434,5.11774017571434,"Female",4,0.75
10,"z0091284",3,7.43311370793507,4.43311370793507,"Male",4,0.75
10,"z0091285",5,6.32116086265013,1.32116086265013,"Male",5,1
10,"z0091286",14,14.6796283972127,0.679628397212726,"Male",4,0.75
10,"z0092243",19,17.9777590185247,-1.02224098147535,"Female",4,0.75
10,"z0092256",5,7.52991175948589,2.52991175948589,"Male",5,1
10,"z0098734",23,15.8931735453019,-7.10682645469806,"Male",4,0.75
10,"z0098735",30,22.5492233067657,-7.45077669323427,"Male",4,0.75
10,"z0098736",15,9.75398029907197,-5.24601970092803,"Female",3,0.55
10,"z0098737",12,8.81132922185044,-3.18867077814956,"Female",5,1
10,"z0098738",19,18.2065409158753,-0.793459084124713,"Male",4,0.75
10,"z0098740",17,14.0098194847924,-2.99018051520762,"Female",4,0.75
10,"z0098744",6,11.4827910319866,5.48279103198658,"Male",2,0.2
10,"z0098745",7,9.12618627186746,2.12618627186746,"Male",4,0.75
10,"z0098746",32,23.0638467793119,-8.93615322068808,"Male",4,0.75
10,"z0102483",5,4.1678314224773,-0.832168577522701,"Male",5,1
10,"z0102484",13,15.5926151578221,2.59261515782213,"Female",3,0.55
10,"z0102485",21,25.668146202884,4.66814620288397,"Male",2,0.2
10,"z0102500",12,9.57001642806052,-2.42998357193948,"Male",4,0.75
10,"z0123188",24,27.2061880153768,3.20618801537685,"Female",5,1
10,"z0132631",15,14.4950693672598,-0.504930632740212,"Female",3,0.55
10,"z0132632",34,26.0736295069903,-7.92637049300971,"Female",4,0.75
10,"z0132634",12,14.5295051426823,2.52950514268233,"Female",4,0.75
10,"z0132639",29,21.6111491965521,-7.38885080344785,"Female",3,0.55
10,"z0132641",21,17.377690144595,-3.62230985540502,"Male",3,0.55
10,"z0132642",11,8.59583847475695,-2.40416152524305,"Female",2,0.2
10,"z0132658",36,24.7845711409853,-11.2154288590147,"Male",4,0.75
10,"z0132659",27,23.8607357325436,-3.13926426745639,"Female",3,0.55
10,"z0132660",23,22.11209798026,-0.887902019740007,"Male",4,0.75
10,"z0160208",21,25.9577985805906,4.95779858059065,"Female",5,1
10,"z0175867",9,15.4878068126151,6.48780681261514,"Female",4,0.75
10,"z0175874",20,15.1711301181213,-4.82886988187865,"Male",4,0.75
10,"z0175876",12,13.6474622739359,1.64746227393594,"Male",5,1
10,"z0175877",32,22.0036108593352,-9.99638914066479,"Female",4,0.75
10,"z0178364",10,13.6286836853981,3.62868368539813,"Female",5,1
10,"z0183541",32,27.8022249701424,-4.19777502985764,"Male",4,0.75
10,"z0183543",4,4.47747369504157,0.477473695041569,"Male",5,1
10,"z0183544",11,8.00063122543525,-2.99936877456475,"Female",5,1
10,"z0186431",8,10.5345791369228,2.53457913692276,"Male",2,0.2
10,"z0186433",21,18.6384785560011,-2.36152144399886,"Male",5,1
10,"z0186434",22,18.7573544623199,-3.24264553768014,"Male",3,0.55
10,"z0186435",30,19.5697883382642,-10.4302116617358,"Male",3,0.55
10,"z0186450",4,7.46364984554799,3.46364984554799,"Male",3,0.55
10,"z0190863",11,12.3264951554914,1.32649515549141,"Female",5,1
10,"z0190867",7,9.78537670477957,2.78537670477957,"Female",4,0.75
10,"z0196956",13,14.6084781410508,1.60847814105083,"Male",5,1
10,"z0198374",16,18.5464826096446,2.54648260964459,"Male",4,0.75
10,"z0198377",35,27.5711374454495,-7.42886255455051,"Female",3,0.55
10,"z0198473",25,24.3101102641893,-0.68988973581066,"Male",5,1
10,"z0198474",19,27.2343478883181,8.23434788831807,"Male",5,1
10,"z0198475",40,27.1264692540268,-12.8735307459732,"Male",3,0.55
10,"z0187739",23,25.2687306182968,2.26873061829682,"Female",3,0.55
10,"z0045928",22,26.1129172239531,4.11291722395315,"Female",2,0.2
11,"z0018943",10,21.5040772985623,11.5040772985623,"Female",3,0.55
11,"z0018944",10,10.3816850039063,0.381685003906313,"Male",3,0.55
11,"z0018945",22,27.5659787162622,5.56597871626219,"Female",3,0.55
11,"z0023316",6,5.29222835119681,-0.707771648803194,"Male",4,0.75
11,"z0023317",25,24.1840595398881,-0.815940460111872,"Male",3,0.55
11,"z0023318",11,10.2082865764328,-0.791713423567185,"Female",4,0.75
11,"z0023319",26,30.909398580036,4.90939858003601,"Male",4,0.75
11,"z0023321",11,7.39803241921673,-3.60196758078327,"Female",3,0.55
11,"z0027453",6,8.11829356180409,2.11829356180409,"Female",3,0.55
11,"z0033888",6,5.0774287596329,-0.922571240367104,"Female",3,0.55
11,"z0033898",10,14.7988196220697,4.79881962206965,"Male",3,0.55
11,"z0033906",15,16.4286136053312,1.42861360533122,"Male",5,1
11,"z0033908",6,21.8465733757011,15.8465733757011,"Male",5,1
11,"z0041286",28,29.4548293192735,1.45482931927353,"Male",3,0.55
11,"z0045925",24,23.9885064378407,-0.011493562159302,"Male",4,0.75
11,"z0045931",7,3.6195633175495,-3.3804366824505,"Male",4,0.75
11,"z0049046",6,7.10225979032353,1.10225979032353,"Female",3,0.55
11,"z0049050",11,21.4315506105972,10.4315506105972,"Male",3,0.55
11,"z0049051",37,30.0996357113115,-6.90036428868849,"Female",4,0.75
11,"z0049052",34,31.0268789912875,-2.9731210087125,"Male",4,0.75
11,"z0061425",26,19.2786820183584,-6.72131798164158,"Male",4,0.75
11,"z0071016",8,11.5310935366292,3.53109353662925,"Male",3,0.55
11,"z0075660",18,17.8505591039043,-0.149440896095687,"Male",4,0.75
11,"z0075663",18,23.7679880874197,5.76798808741968,"Male",3,0.55
11,"z0075665",27,29.7831311920734,2.78313119207336,"Female",3,0.55
11,"z0075676",9,9.07692512184002,0.07692512184002,"Female",4,0.75
11,"z0075677",4,2.26829802179284,-1.73170197820716,"Female",5,1
11,"z0075678",7,9.07645805522319,2.07645805522319,"Female",4,0.75
11,"z0091082",7,5.52619542751302,-1.47380457248698,"Female",3,0.55
11,"z0091085",19,20.7493417399555,1.7493417399555,"Female",3,0.55
11,"z0091275",3,1.47538597840677,-1.52461402159323,"Male",3,0.55
11,"z0091277",3,9.9501497437995,6.9501497437995,"Female",4,0.75
11,"z0091284",3,7.78694619780831,4.78694619780831,"Male",4,0.75
11,"z0091285",5,6.96336995079753,1.96336995079753,"Male",5,1
11,"z0091286",14,17.0778651757974,3.07786517579737,"Male",4,0.75
11,"z0092243",19,17.6740841628539,-1.32591583714614,"Female",4,0.75
11,"z0092256",5,5.26368204979291,0.263682049792914,"Male",5,1
11,"z0098734",23,17.4126066968477,-5.58739330315231,"Male",4,0.75
11,"z0098735",30,21.9893628165481,-8.0106371834519,"Male",4,0.75
11,"z0098736",15,9.2758876957781,-5.7241123042219,"Female",3,0.55
11,"z0098737",12,9.33187586546667,-2.66812413453333,"Female",5,1
11,"z0098738",19,19.12254809375,0.12254809375003,"Male",4,0.75
11,"z0098740",17,14.3877690653376,-2.61223093466241,"Female",4,0.75
11,"z0098745",7,10.2429971033594,3.24299710335941,"Male",4,0.75
11,"z0098746",32,25.2214020860073,-6.77859791399275,"Male",4,0.75
11,"z0102483",5,5.08411203224566,0.0841120322456632,"Male",5,1
11,"z0102484",13,15.7711183614537,2.77111836145366,"Female",3,0.55
11,"z0102500",12,9.7953513206914,-2.2046486793086,"Male",4,0.75
11,"z0123188",24,29.5902007560325,5.59020075603245,"Female",5,1
11,"z0132631",15,13.9487732459985,-1.05122675400146,"Female",3,0.55
11,"z0132632",34,27.2964163694192,-6.70358363058082,"Female",4,0.75
11,"z0132634",12,13.6622396022299,1.66223960222988,"Female",4,0.75
11,"z0132639",29,20.9653996623605,-8.03460033763954,"Female",3,0.55
11,"z0132641",21,17.9145069718287,-3.08549302817127,"Male",3,0.55
11,"z0132658",36,28.6204854918899,-7.37951450811012,"Male",4,0.75
11,"z0132659",27,27.1068428439094,0.10684284390938,"Female",3,0.55
11,"z0132660",23,20.3212329905175,-2.6787670094825,"Male",4,0.75
11,"z0160208",21,28.4536321944986,7.45363219449862,"Female",5,1
11,"z0175867",9,16.5766972770432,7.57669727704316,"Female",4,0.75
11,"z0175874",20,14.8986477309461,-5.10135226905386,"Male",4,0.75
11,"z0175876",12,13.8809982848421,1.88099828484206,"Male",5,1
11,"z0175877",32,22.886997689207,-9.11300231079301,"Female",4,0.75
11,"z0178364",10,12.7686019523225,2.76860195232249,"Female",5,1
11,"z0183541",32,33.7533383849966,1.75333838499658,"Male",4,0.75
11,"z0183543",4,3.06060594759378,-0.939394052406216,"Male",5,1
11,"z0183544",11,7.69099896714874,-3.30900103285126,"Female",5,1
11,"z0186433",21,20.947508249513,-0.0524917504870217,"Male",5,1
11,"z0186434",22,17.6317199798739,-4.3682800201261,"Male",3,0.55
11,"z0186435",30,21.6558972820854,-8.34410271791464,"Male",3,0.55
11,"z0186450",4,8.58186663658895,4.58186663658895,"Male",3,0.55
11,"z0190863",11,13.6431783544374,2.64317835443738,"Female",5,1
11,"z0190867",7,9.96145077069079,2.96145077069079,"Female",4,0.75
11,"z0196956",13,16.1401491459884,3.14014914598838,"Male",5,1
11,"z0198374",16,17.8064460527101,1.80644605271008,"Male",4,0.75
11,"z0198377",35,32.4431520279276,-2.55684797207236,"Female",3,0.55
11,"z0198473",25,26.3497476891855,1.34974768918551,"Male",5,1
11,"z0198474",19,28.8059101912643,9.80591019126432,"Male",5,1
11,"z0198475",40,29.5307497519239,-10.4692502480761,"Male",3,0.55
11,"z0187739",23,27.6834362628144,4.68343626281438,"Female",3,0.55
12,"z0023316",6,5.37274711846832,-0.627252881531684,"Male",4,0.75
12,"z0023318",11,13.5342408699383,2.53424086993829,"Female",4,0.75
12,"z0023319",26,27.9603159504489,1.96031595044886,"Male",4,0.75
12,"z0033906",15,13.89127256194,-1.10872743806004,"Male",5,1
12,"z0033908",6,21.9280167133266,15.9280167133266,"Male",5,1
12,"z0045925",24,22.7741854759986,-1.22581452400138,"Male",4,0.75
12,"z0045931",7,3.0415811828948,-3.9584188171052,"Male",4,0.75
12,"z0049051",37,31.9931633561134,-5.00683664388662,"Female",4,0.75
12,"z0049052",34,32.9317963103585,-1.06820368964152,"Male",4,0.75
12,"z0061425",26,17.3450664143385,-8.65493358566147,"Male",4,0.75
12,"z0075660",18,19.4284071310518,1.42840713105177,"Male",4,0.75
12,"z0075676",9,6.94553372193039,-2.05446627806961,"Female",4,0.75
12,"z0075677",4,6.61595635142606,2.61595635142606,"Female",5,1
12,"z0075678",7,8.06858498464516,1.06858498464516,"Female",4,0.75
12,"z0091277",3,8.7517461814798,5.7517461814798,"Female",4,0.75
12,"z0091284",3,1.43873595377826,-1.56126404622174,"Male",4,0.75
12,"z0091285",5,7.41644484700941,2.41644484700941,"Male",5,1
12,"z0091286",14,21.117840161187,7.11784016118702,"Male",4,0.75
12,"z0092243",19,19.5092856782491,0.509285678249121,"Female",4,0.75
12,"z0092256",5,3.28803174106095,-1.71196825893905,"Male",5,1
12,"z0098734",23,19.868749018693,-3.13125098130701,"Male",4,0.75
12,"z0098735",30,22.8395353667413,-7.16046463325874,"Male",4,0.75
12,"z0098737",12,10.4656579430853,-1.53434205691475,"Female",5,1
12,"z0098738",19,19.0689794162061,0.0689794162060764,"Male",4,0.75
12,"z0098740",17,11.2269647590948,-5.77303524090524,"Female",4,0.75
12,"z0098745",7,9.52461491470926,2.52461491470926,"Male",4,0.75
12,"z0098746",32,29.518906740261,-2.48109325973898,"Male",4,0.75
12,"z0102483",5,4.56818525841005,-0.431814741589948,"Male",5,1
12,"z0102500",12,10.4377752266056,-1.56222477339444,"Male",4,0.75
12,"z0123188",24,29.9982721808334,5.99827218083337,"Female",5,1
12,"z0132632",34,28.3923791051165,-5.60762089488347,"Female",4,0.75
12,"z0132634",12,14.9441308407742,2.94413084077422,"Female",4,0.75
12,"z0132658",36,28.5336749502964,-7.46632504970359,"Male",4,0.75
12,"z0132660",23,20.672544548031,-2.32745545196904,"Male",4,0.75
12,"z0160208",21,27.5090238369719,6.50902383697191,"Female",5,1
12,"z0175867",9,16.4067307375216,7.4067307375216,"Female",4,0.75
12,"z0175874",20,18.6724958649374,-1.32750413506255,"Male",4,0.75
12,"z0175876",12,14.751627442746,2.75162744274598,"Male",5,1
12,"z0175877",32,24.9281776423722,-7.07182235762782,"Female",4,0.75
12,"z0178364",10,14.481842854591,4.48184285459096,"Female",5,1
12,"z0183541",32,31.43764207796,-0.56235792204005,"Male",4,0.75
12,"z0183543",4,1.49746545984199,-2.50253454015801,"Male",5,1
12,"z0183544",11,9.4534854953682,-1.5465145046318,"Female",5,1
12,"z0186433",21,19.6264950024354,-1.37350499756456,"Male",5,1
12,"z0190863",11,15.1519696502441,4.15196965024408,"Female",5,1
12,"z0190867",7,7.51472099095533,0.514720990955329,"Female",4,0.75
12,"z0196956",13,10.9448718109438,-2.05512818905617,"Male",5,1
12,"z0198374",16,14.605038208292,-1.39496179170795,"Male",4,0.75
12,"z0198473",25,26.8245707533919,1.82457075339194,"Male",5,1
12,"z0198474",19,28.4906493463783,9.49064934637832,"Male",5,1
13,"z0018943",10,16.8379722378265,6.83797223782649,"Female",3,0.55
13,"z0018944",10,11.6038748968616,1.60387489686156,"Male",3,0.55
13,"z0018945",22,25.1917195026853,3.19171950268528,"Female",3,0.55
13,"z0023316",6,3.63235002479906,-2.36764997520094,"Male",4,0.75
13,"z0023317",25,26.0861178251715,1.08611782517147,"Male",3,0.55
13,"z0023318",11,9.13363480566246,-1.86636519433754,"Female",4,0.75
13,"z0023319",26,29.2745350590627,3.27453505906266,"Male",4,0.75
13,"z0023321",11,9.85160114632843,-1.14839885367157,"Female",3,0.55
13,"z0027453",6,10.5838569202764,4.58385692027644,"Female",3,0.55
13,"z0027455",10,7.08342794447056,-2.91657205552944,"Female",2,0.2
13,"z0033888",6,7.24432029104386,1.24432029104386,"Female",3,0.55
13,"z0033893",15,16.8319985324489,1.83199853244886,"Male",2,0.2
13,"z0033898",10,13.976674414362,3.97667441436198,"Male",3,0.55
13,"z0033906",15,17.1918215463985,2.19182154639846,"Male",5,1
13,"z0033908",6,20.3338456764657,14.3338456764657,"Male",5,1
13,"z0041286",28,28.120679062062,0.12067906206201,"Male",3,0.55
13,"z0045921",10,19.4680323775796,9.46803237757961,"Female",2,0.2
13,"z0045925",24,26.5401491414937,2.54014914149369,"Male",4,0.75
13,"z0045931",7,4.34499087411243,-2.65500912588757,"Male",4,0.75
13,"z0049046",6,8.0303084246546,2.0303084246546,"Female",3,0.55
13,"z0049048",11,9.42575127149859,-1.57424872850141,"Male",2,0.2
13,"z0049050",11,19.2893312088604,8.28933120886039,"Male",3,0.55
13,"z0049051",37,30.3808623943229,-6.61913760567714,"Female",4,0.75
13,"z0049052",34,30.2205161031565,-3.77948389684348,"Male",4,0.75
13,"z0061425",26,18.7816237416072,-7.21837625839282,"Male",4,0.75
13,"z0071016",8,11.3604080744596,3.36040807445963,"Male",3,0.55
13,"z0075660",18,18.9935018550749,0.993501855074914,"Male",4,0.75
13,"z0075663",18,21.5410788702555,3.5410788702555,"Male",3,0.55
13,"z0075665",27,29.264162752742,2.26416275274203,"Female",3,0.55
13,"z0075676",9,9.32019117895586,0.320191178955863,"Female",4,0.75
13,"z0075677",4,3.1740061427852,-0.825993857214797,"Female",5,1
13,"z0075678",7,10.85353751854,3.85353751853996,"Female",4,0.75
13,"z0091082",7,5.60203927651584,-1.39796072348416,"Female",3,0.55
13,"z0091085",19,20.4832521496918,1.48325214969176,"Female",3,0.55
13,"z0091275",3,3.15470173666117,0.154701736661167,"Male",3,0.55
13,"z0091276",10,22.8757761099225,12.8757761099225,"Female",2,0.2
13,"z0091277",3,8.9328086638599,5.9328086638599,"Female",4,0.75
13,"z0091284",3,7.44195830567137,4.44195830567137,"Male",4,0.75
13,"z0091285",5,7.2431359820449,2.2431359820449,"Male",5,1
13,"z0091286",14,15.0566492383321,1.05664923833215,"Male",4,0.75
13,"z0092243",19,17.8544129215828,-1.14558707841718,"Female",4,0.75
13,"z0092256",5,7.99438985295686,2.99438985295686,"Male",5,1
13,"z0098734",23,16.4761895171439,-6.52381048285608,"Male",4,0.75
13,"z0098735",30,23.6266302940248,-6.37336970597516,"Male",4,0.75
13,"z0098736",15,11.0712063973205,-3.92879360267946,"Female",3,0.55
13,"z0098737",12,8.79619730230388,-3.20380269769612,"Female",5,1
13,"z0098738",19,18.1583169812816,-0.84168301871841,"Male",4,0.75
13,"z0098740",17,15.6154381377137,-1.38456186228625,"Female",4,0.75
13,"z0098744",6,14.1164292669744,8.11642926697438,"Male",2,0.2
13,"z0098745",7,9.77876364172575,2.77876364172575,"Male",4,0.75
13,"z0098746",32,24.2207682085444,-7.77923179145555,"Male",4,0.75
13,"z0102483",5,3.25158868462946,-1.74841131537054,"Male",5,1
13,"z0102484",13,15.1272903312988,2.12729033129881,"Female",3,0.55
13,"z0102485",21,26.508242057079,5.508242057079,"Male",2,0.2
13,"z0102500",12,9.32585213662913,-2.67414786337087,"Male",4,0.75
13,"z0123188",24,26.251361210323,2.25136121032298,"Female",5,1
13,"z0132631",15,14.4338413001189,-0.566158699881093,"Female",3,0.55
13,"z0132632",34,27.3763126176769,-6.62368738232309,"Female",4,0.75
13,"z0132634",12,13.9685923251828,1.96859232518277,"Female",4,0.75
13,"z0132639",29,23.0259239421033,-5.97407605789674,"Female",3,0.55
13,"z0132641",21,17.5719908756269,-3.42800912437312,"Male",3,0.55
13,"z0132642",11,9.19746461437867,-1.80253538562133,"Female",2,0.2
13,"z0132658",36,27.653778137874,-8.34622186212605,"Male",4,0.75
13,"z0132659",27,24.6382629650779,-2.36173703492208,"Female",3,0.55
13,"z0132660",23,21.2361762527345,-1.76382374726554,"Male",4,0.75
13,"z0160208",21,28.5232438414392,7.52324384143917,"Female",5,1
13,"z0175867",9,14.7371704491793,5.73717044917932,"Female",4,0.75
13,"z0175874",20,10.3721174034417,-9.62788259655831,"Male",4,0.75
13,"z0175876",12,12.3273979530929,0.327397953092902,"Male",5,1
13,"z0175877",32,21.7631102104011,-10.2368897895989,"Female",4,0.75
13,"z0178364",10,12.5269942464521,2.5269942464521,"Female",5,1
13,"z0183541",32,30.857020220728,-1.14297977927197,"Male",4,0.75
13,"z0183543",4,4.0885032332316,0.0885032332315987,"Male",5,1
13,"z0183544",11,7.96288136857331,-3.03711863142669,"Female",5,1
13,"z0186431",8,12.0974365649599,4.09743656495991,"Male",2,0.2
13,"z0186433",21,18.7159148524736,-2.28408514752644,"Male",5,1
13,"z0186434",22,15.801239196722,-6.19876080327797,"Male",3,0.55
13,"z0186435",30,20.0889510654797,-9.91104893452028,"Male",3,0.55
13,"z0186450",4,7.88428477768327,3.88428477768327,"Male",3,0.55
13,"z0190863",11,13.789202216451,2.78920221645103,"Female",5,1
13,"z0190867",7,7.78414024406863,0.784140244068631,"Female",4,0.75
13,"z0196956",13,14.6119037423025,1.61190374230254,"Male",5,1
13,"z0198374",16,18.1298137680163,2.12981376801627,"Male",4,0.75
13,"z0198377",35,27.9483960783837,-7.05160392161626,"Female",3,0.55
13,"z0198473",25,25.2423179804127,0.24231798041265,"Male",5,1
13,"z0198474",19,28.3580439340403,9.35804393404033,"Male",5,1
13,"z0198475",40,26.4751362043895,-13.5248637956105,"Male",3,0.55
13,"z0187739",23,25.5911164395373,2.5911164395373,"Female",3,0.55
13,"z0045928",22,26.4882711561389,4.48827115613891,"Female",2,0.2
14,"z0018943",10,20.1466503915808,10.1466503915808,"Female",3,0.55
14,"z0018944",10,11.3960221361246,1.39602213612458,"Male",3,0.55
14,"z0018945",22,27.2410770029383,5.24107700293834,"Female",3,0.55
14,"z0023316",6,4.34546284379223,-1.65453715620777,"Male",4,0.75
14,"z0023317",25,25.608916709521,0.608916709521047,"Male",3,0.55
14,"z0023318",11,10.6268144781941,-0.373185521805947,"Female",4,0.75
14,"z0023319",26,30.9139336141027,4.91393361410267,"Male",4,0.75
14,"z0023321",11,8.28622737508255,-2.71377262491745,"Female",3,0.55
14,"z0027453",6,9.06409209259893,3.06409209259893,"Female",3,0.55
14,"z0033888",6,7.31627758870684,1.31627758870684,"Female",3,0.55
14,"z0033898",10,15.726807290473,5.72680729047303,"Male",3,0.55
14,"z0033906",15,16.4849984309675,1.48499843096753,"Male",5,1
14,"z0033908",6,20.6218406792381,14.6218406792381,"Male",5,1
14,"z0041286",28,29.2395125135536,1.23951251355356,"Male",3,0.55
14,"z0045925",24,25.8486711196198,1.84867111961984,"Male",4,0.75
14,"z0045931",7,3.4341426273336,-3.5658573726664,"Male",4,0.75
14,"z0049046",6,6.77258273269922,0.772582732699224,"Female",3,0.55
14,"z0049050",11,21.0416965109889,10.0416965109889,"Male",3,0.55
14,"z0049051",37,29.2323610586271,-7.76763894137289,"Female",4,0.75
14,"z0049052",34,30.97037978811,-3.02962021188996,"Male",4,0.75
14,"z0061425",26,19.3661708067666,-6.63382919323343,"Male",4,0.75
14,"z0071016",8,11.0918091003977,3.0918091003977,"Male",3,0.55
14,"z0075660",18,18.7458213604536,0.745821360453572,"Male",4,0.75
14,"z0075663",18,23.3867461264375,5.38674612643751,"Male",3,0.55
14,"z0075665",27,30.8679384103168,3.86793841031677,"Female",3,0.55
14,"z0075676",9,8.67255682117137,-0.327443178828634,"Female",4,0.75
14,"z0075677",4,2.07054440697712,-1.92945559302288,"Female",5,1
14,"z0075678",7,10.149163112695,3.149163112695,"Female",4,0.75
14,"z0091082",7,4.99019700055441,-2.00980299944559,"Female",3,0.55
14,"z0091085",19,20.7627942030601,1.7627942030601,"Female",3,0.55
14,"z0091275",3,1.69757291468378,-1.30242708531622,"Male",3,0.55
14,"z0091277",3,10.2548102731093,7.25481027310934,"Female",4,0.75
14,"z0091284",3,7.95798901139249,4.95798901139249,"Male",4,0.75
14,"z0091285",5,7.76229666547867,2.76229666547867,"Male",5,1
14,"z0091286",14,16.5768098752985,2.5768098752985,"Male",4,0.75
14,"z0092243",19,17.1540279626248,-1.84597203737516,"Female",4,0.75
14,"z0092256",5,4.88772497489183,-0.112275025108167,"Male",5,1
14,"z0098734",23,18.6920129435709,-4.30798705642913,"Male",4,0.75
14,"z0098735",30,23.0869894546961,-6.91301054530395,"Male",4,0.75
14,"z0098736",15,8.98303798074331,-6.01696201925669,"Female",3,0.55
14,"z0098737",12,9.89145238110577,-2.10854761889423,"Female",5,1
14,"z0098738",19,18.8502035928617,-0.149796407138332,"Male",4,0.75
14,"z0098740",17,14.5843209951009,-2.41567900489915,"Female",4,0.75
14,"z0098745",7,10.6086028640478,3.60860286404776,"Male",4,0.75
14,"z0098746",32,26.4238401881626,-5.57615981183741,"Male",4,0.75
14,"z0102483",5,4.35751466065779,-0.642485339342208,"Male",5,1
14,"z0102484",13,15.8616598141012,2.86165981410119,"Female",3,0.55
14,"z0102500",12,9.95208071197521,-2.04791928802479,"Male",4,0.75
14,"z0123188",24,28.7239595845208,4.72395958452079,"Female",5,1
14,"z0132631",15,13.5483011441181,-1.45169885588192,"Female",3,0.55
14,"z0132632",34,27.3366601182774,-6.66333988172257,"Female",4,0.75
14,"z0132634",12,13.414644831987,1.414644831987,"Female",4,0.75
14,"z0132639",29,22.1414407259334,-6.85855927406658,"Female",3,0.55
14,"z0132641",21,17.4338964356149,-3.56610356438511,"Male",3,0.55
14,"z0132658",36,29.031044285525,-6.96895571447498,"Male",4,0.75
14,"z0132659",27,27.8352282052148,0.835228205214811,"Female",3,0.55
14,"z0132660",23,19.8092298853493,-3.19077011465072,"Male",4,0.75
14,"z0160208",21,28.7791333213827,7.77913332138273,"Female",5,1
14,"z0175867",9,15.8984678544292,6.89846785442922,"Female",4,0.75
14,"z0175874",20,11.3798980725104,-8.62010192748964,"Male",4,0.75
14,"z0175876",12,12.5462516206747,0.546251620674699,"Male",5,1
14,"z0175877",32,22.7214467272413,-9.2785532727587,"Female",4,0.75
14,"z0178364",10,12.1500193621702,2.15001936217022,"Female",5,1
14,"z0183541",32,33.3332151453901,1.33321514539006,"Male",4,0.75
14,"z0183543",4,2.28454063999472,-1.71545936000528,"Male",5,1
14,"z0183544",11,8.03230127687421,-2.96769872312579,"Female",5,1
14,"z0186433",21,21.0505557034951,0.0505557034950606,"Male",5,1
14,"z0186434",22,17.3039533048396,-4.69604669516039,"Male",3,0.55
14,"z0186435",30,20.8447398598654,-9.15526014013459,"Male",3,0.55
14,"z0186450",4,8.04499477403407,4.04499477403407,"Male",3,0.55
14,"z0190863",11,14.0391120482742,3.03911204827421,"Female",5,1
14,"z0190867",7,9.48797390780661,2.48797390780661,"Female",4,0.75
14,"z0196956",13,16.0387696014486,3.03876960144864,"Male",5,1
14,"z0198374",16,17.5624801219315,1.56248012193149,"Male",4,0.75
14,"z0198377",35,31.2292727859968,-3.77072721400324,"Female",3,0.55
14,"z0198473",25,26.2317713016237,1.23177130162365,"Male",5,1
14,"z0198474",19,28.4468186262343,9.44681862623435,"Male",5,1
14,"z0198475",40,29.257723005291,-10.742276994709,"Male",3,0.55
14,"z0187739",23,27.5167512313184,4.51675123131839,"Female",3,0.55
15,"z0023316",6,4.35287909173375,-1.64712090826625,"Male",4,0.75
15,"z0023318",11,11.9932962657455,0.993296265745517,"Female",4,0.75
15,"z0023319",26,30.5146329966494,4.51463299664944,"Male",4,0.75
15,"z0033906",15,12.6414989569417,-2.35850104305831,"Male",5,1
15,"z0033908",6,19.3165768432528,13.3165768432528,"Male",5,1
15,"z0045925",24,25.0014084090763,1.00140840907631,"Male",4,0.75
15,"z0045931",7,3.6024260001953,-3.3975739998047,"Male",4,0.75
15,"z0049051",37,31.5433444148217,-5.4566555851783,"Female",4,0.75
15,"z0049052",34,32.6694702073101,-1.33052979268989,"Male",4,0.75
15,"z0061425",26,18.3120983537062,-7.68790164629378,"Male",4,0.75
15,"z0075660",18,20.2150170428921,2.21501704289213,"Male",4,0.75
15,"z0075676",9,6.96535107955899,-2.03464892044101,"Female",4,0.75
15,"z0075677",4,5.96261834585773,1.96261834585773,"Female",5,1
15,"z0075678",7,12.047549270554,5.04754927055404,"Female",4,0.75
15,"z0091277",3,9.07586630036468,6.07586630036468,"Female",4,0.75
15,"z0091284",3,2.96654558592193,-0.0334544140780721,"Male",4,0.75
15,"z0091285",5,6.66996481606546,1.66996481606546,"Male",5,1
15,"z0091286",14,20.0616577767947,6.06165777679466,"Male",4,0.75
15,"z0092243",19,19.091336837819,0.0913368378189752,"Female",4,0.75
15,"z0092256",5,3.27026244841025,-1.72973755158975,"Male",5,1
15,"z0098734",23,20.5155078165372,-2.48449218346278,"Male",4,0.75
15,"z0098735",30,23.5478396872313,-6.45216031276866,"Male",4,0.75
15,"z0098737",12,9.74775801929625,-2.25224198070375,"Female",5,1
15,"z0098738",19,18.0654412714124,-0.93455872858765,"Male",4,0.75
15,"z0098740",17,11.563110187869,-5.43688981213099,"Female",4,0.75
15,"z0098745",7,11.5742219208063,4.57422192080632,"Male",4,0.75
15,"z0098746",32,30.6449673172551,-1.35503268274486,"Male",4,0.75
15,"z0102483",5,4.93808247287161,-0.0619175271283918,"Male",5,1
15,"z0102500",12,9.64841408405584,-2.35158591594416,"Male",4,0.75
15,"z0123188",24,28.2963454946675,4.29634549466749,"Female",5,1
15,"z0132632",34,29.7157105920294,-4.28428940797065,"Female",4,0.75
15,"z0132634",12,15.0755962093966,3.07559620939658,"Female",4,0.75
15,"z0132658",36,29.1636158017969,-6.83638419820308,"Male",4,0.75
15,"z0132660",23,19.6835339322797,-3.31646606772033,"Male",4,0.75
15,"z0160208",21,27.3448452685681,6.34484526856806,"Female",5,1
15,"z0175867",9,15.8406407743408,6.84064077434082,"Female",4,0.75
15,"z0175874",20,10.416961053834,-9.58303894616598,"Male",4,0.75
15,"z0175876",12,14.6843569583054,2.68435695830536,"Male",5,1
15,"z0175877",32,26.3664139263884,-5.63358607361162,"Female",4,0.75
15,"z0178364",10,14.5387278002804,4.53872780028042,"Female",5,1
15,"z0183541",32,31.1422991147748,-0.857700885225221,"Male",4,0.75
15,"z0183543",4,0.770859367089624,-3.22914063291038,"Male",5,1
15,"z0183544",11,11.8818101837806,0.881810183780619,"Female",5,1
15,"z0186433",21,19.0954774928311,-1.90452250716888,"Male",5,1
15,"z0190863",11,14.6117701035119,3.61177010351189,"Female",5,1
15,"z0190867",7,5.73811166335025,-1.26188833664975,"Female",4,0.75
15,"z0196956",13,9.20390909475239,-3.79609090524761,"Male",5,1
15,"z0198374",16,15.0238159357409,-0.976184064259099,"Male",4,0.75
15,"z0198473",25,26.5516450923349,1.55164509233492,"Male",5,1
15,"z0198474",19,27.1826544431322,8.18265444313225,"Male",5,1
16,"z0018943",10,17.8306580884256,7.83065808842559,"Female",3,0.55
16,"z0018944",10,12.6087284058311,2.60872840583107,"Male",3,0.55
16,"z0018945",22,25.2426038313599,3.24260383135987,"Female",3,0.55
16,"z0023316",6,4.5674855901486,-1.4325144098514,"Male",4,0.75
16,"z0023317",25,25.4167119530889,0.416711953088942,"Male",3,0.55
16,"z0023318",11,9.38138427853698,-1.61861572146302,"Female",4,0.75
16,"z0023319",26,26.300059876575,0.300059876574977,"Male",4,0.75
16,"z0023321",11,8.54201629990168,-2.45798370009832,"Female",3,0.55
16,"z0027453",6,10.311010489592,4.31101048959203,"Female",3,0.55
16,"z0027455",10,6.80664663538544,-3.19335336461456,"Female",2,0.2
16,"z0033888",6,7.78112534317929,1.78112534317929,"Female",3,0.55
16,"z0033893",15,18.1737509271524,3.1737509271524,"Male",2,0.2
16,"z0033898",10,13.7198823988696,3.71988239886964,"Male",3,0.55
16,"z0033906",15,17.8843589280571,2.88435892805713,"Male",5,1
16,"z0033908",6,20.8523051605875,14.8523051605875,"Male",5,1
16,"z0041286",28,27.1602185785457,-0.839781421454276,"Male",3,0.55
16,"z0045921",10,21.3359587396807,11.3359587396807,"Female",2,0.2
16,"z0045925",24,27.326550652283,3.32655065228305,"Male",4,0.75
16,"z0045931",7,3.39978857409951,-3.60021142590049,"Male",4,0.75
16,"z0049046",6,6.40348323962982,0.40348323962982,"Female",3,0.55
16,"z0049048",11,12.0773289887917,1.07732898879174,"Male",2,0.2
16,"z0049050",11,18.7981404937932,7.79814049379323,"Male",3,0.55
16,"z0049051",37,26.4824856249013,-10.5175143750987,"Female",4,0.75
16,"z0049052",34,28.8668988329458,-5.13310116705418,"Male",4,0.75
16,"z0061425",26,19.1597414321866,-6.8402585678134,"Male",4,0.75
16,"z0071016",8,11.2830106811683,3.28301068116834,"Male",3,0.55
16,"z0075660",18,20.3542923088831,2.35429230888312,"Male",4,0.75
16,"z0075663",18,21.2835223551538,3.28352235515375,"Male",3,0.55
16,"z0075665",27,29.043772545057,2.043772545057,"Female",3,0.55
16,"z0075676",9,9.48433750153221,0.48433750153221,"Female",4,0.75
16,"z0075677",4,4.13187227978853,0.131872279788533,"Female",5,1
16,"z0075678",7,10.7176829953147,3.71768299531475,"Female",4,0.75
16,"z0091082",7,5.58178611435064,-1.41821388564936,"Female",3,0.55
16,"z0091085",19,19.9744306209565,0.974430620956454,"Female",3,0.55
16,"z0091275",3,4.42695144892155,1.42695144892155,"Male",3,0.55
16,"z0091276",10,22.609608140845,12.609608140845,"Female",2,0.2
16,"z0091277",3,8.99973701865973,5.99973701865973,"Female",4,0.75
16,"z0091284",3,7.94280460358782,4.94280460358782,"Male",4,0.75
16,"z0091285",5,7.21206498077206,2.21206498077206,"Male",5,1
16,"z0091286",14,13.8582131183898,-0.141786881610159,"Male",4,0.75
16,"z0092243",19,16.6043625646057,-2.39563743539431,"Female",4,0.75
16,"z0092256",5,8.23819492982808,3.23819492982808,"Male",5,1
16,"z0098734",23,16.6889511662377,-6.31104883376228,"Male",4,0.75
16,"z0098735",30,23.8795479627949,-6.12045203720506,"Male",4,0.75
16,"z0098736",15,9.84014851210468,-5.15985148789532,"Female",3,0.55
16,"z0098737",12,10.255210122778,-1.74478987722196,"Female",5,1
16,"z0098738",19,18.0872385307153,-0.912761469284654,"Male",4,0.75
16,"z0098740",17,14.975185691236,-2.02481430876404,"Female",4,0.75
16,"z0098744",6,12.8310015574662,6.83100155746617,"Male",2,0.2
16,"z0098745",7,9.14350861649101,2.14350861649101,"Male",4,0.75
16,"z0098746",32,23.8219026377282,-8.17809736227177,"Male",4,0.75
16,"z0102483",5,2.89369786703929,-2.10630213296071,"Male",5,1
16,"z0102484",13,15.0301793432178,2.03017934321777,"Female",3,0.55
16,"z0102485",21,27.5524475202422,6.55244752024222,"Male",2,0.2
16,"z0102500",12,11.0580789587941,-0.941921041205903,"Male",4,0.75
16,"z0123188",24,26.8954386869782,2.89543868697823,"Female",5,1
16,"z0132631",15,14.2186739194616,-0.781326080538413,"Female",3,0.55
16,"z0132632",34,28.6120187019834,-5.38798129801656,"Female",4,0.75
16,"z0132634",12,13.4462309615205,1.44623096152054,"Female",4,0.75
16,"z0132639",29,22.8182545126051,-6.18174548739488,"Female",3,0.55
16,"z0132641",21,16.2233403220498,-4.77665967795022,"Male",3,0.55
16,"z0132642",11,8.87924703873933,-2.12075296126067,"Female",2,0.2
16,"z0132658",36,25.3523830517775,-10.6476169482225,"Male",4,0.75
16,"z0132659",27,25.3794919287229,-1.62050807127707,"Female",3,0.55
16,"z0132660",23,22.2500655764534,-0.749934423546563,"Male",4,0.75
16,"z0160208",21,28.3751941313536,7.37519413135357,"Female",5,1
16,"z0175867",9,15.7844779999765,6.78447799997647,"Female",4,0.75
16,"z0175874",20,10.2219946690837,-9.77800533091631,"Male",4,0.75
16,"z0175876",12,12.45087277472,0.450872774719972,"Male",5,1
16,"z0175877",32,21.2264848399922,-10.7735151600078,"Female",4,0.75
16,"z0178364",10,11.5067649079824,1.50676490798237,"Female",5,1
16,"z0183541",32,29.6858540970188,-2.31414590298125,"Male",4,0.75
16,"z0183543",4,3.79254826035499,-0.207451739645006,"Male",5,1
16,"z0183544",11,7.81843777174501,-3.18156222825499,"Female",5,1
16,"z0186431",8,12.0503405136999,4.0503405136999,"Male",2,0.2
16,"z0186433",21,18.5618094948483,-2.4381905051517,"Male",5,1
16,"z0186434",22,18.3353555902765,-3.66464440972353,"Male",3,0.55
16,"z0186435",30,18.6101607460411,-11.3898392539589,"Male",3,0.55
16,"z0186450",4,7.97295111877179,3.97295111877179,"Male",3,0.55
16,"z0190863",11,11.3519003258013,0.35190032580131,"Female",5,1
16,"z0190867",7,8.9161357101061,1.9161357101061,"Female",4,0.75
16,"z0196956",13,16.3801371643145,3.38013716431448,"Male",5,1
16,"z0198374",16,18.0711052521215,2.07110525212152,"Male",4,0.75
16,"z0198377",35,28.0758716905638,-6.92412830943618,"Female",3,0.55
16,"z0198473",25,23.8882990655488,-1.11170093445125,"Male",5,1
16,"z0198474",19,27.9461868846477,8.94618688464772,"Male",5,1
16,"z0198475",40,27.2691239764768,-12.7308760235232,"Male",3,0.55
16,"z0187739",23,24.7591854728402,1.75918547284024,"Female",3,0.55
16,"z0045928",22,25.360737711898,3.36073771189802,"Female",2,0.2
17,"z0018943",10,18.9195228108821,8.9195228108821,"Female",3,0.55
17,"z0018944",10,13.6186438443172,3.61864384431724,"Male",3,0.55
17,"z0018945",22,27.4327734773141,5.43277347731406,"Female",3,0.55
17,"z0023316",6,5.96386379552037,-0.036136204479627,"Male",4,0.75
17,"z0023317",25,24.2167547380081,-0.783245261991858,"Male",3,0.55
17,"z0023318",11,11.571610258288,0.571610258288002,"Female",4,0.75
17,"z0023319",26,27.5989269861575,1.5989269861575,"Male",4,0.75
17,"z0023321",11,7.77541540293949,-3.22458459706051,"Female",3,0.55
17,"z0027453",6,8.86850510364362,2.86850510364362,"Female",3,0.55
17,"z0033888",6,8.57733479630668,2.57733479630668,"Female",3,0.55
17,"z0033898",10,15.6812292744269,5.68122927442694,"Male",3,0.55
17,"z0033906",15,17.6742239773911,2.67422397739114,"Male",5,1
17,"z0033908",6,20.4501583183393,14.4501583183393,"Male",5,1
17,"z0041286",28,29.3918597805668,1.39185978056678,"Male",3,0.55
17,"z0045925",24,25.1310256601423,1.13102566014232,"Male",4,0.75
17,"z0045931",7,3.30532330644353,-3.69467669355647,"Male",4,0.75
17,"z0049046",6,4.44282034011587,-1.55717965988413,"Female",3,0.55
17,"z0049050",11,20.7837367047729,9.78373670477287,"Male",3,0.55
17,"z0049051",37,24.4279353604352,-12.5720646395648,"Female",4,0.75
17,"z0049052",34,27.9418035856012,-6.05819641439878,"Male",4,0.75
17,"z0061425",26,20.4985671254236,-5.50143287457636,"Male",4,0.75
17,"z0071016",8,10.8978230155031,2.89782301550308,"Male",3,0.55
17,"z0075660",18,19.5855844662399,1.58558446623994,"Male",4,0.75
17,"z0075663",18,23.2245440128568,5.22454401285682,"Male",3,0.55
17,"z0075665",27,28.796498585727,1.79649858572705,"Female",3,0.55
17,"z0075676",9,9.00370492796366,0.00370492796365696,"Female",4,0.75
17,"z0075677",4,3.05517766704044,-0.944822332959564,"Female",5,1
17,"z0075678",7,11.1372914351198,4.13729143511981,"Female",4,0.75
17,"z0091082",7,5.93648257660873,-1.06351742339127,"Female",3,0.55
17,"z0091085",19,18.6788110880611,-0.321188911938943,"Female",3,0.55
17,"z0091275",3,2.67453897689683,-0.325461023103173,"Male",3,0.55
17,"z0091277",3,8.75315517384577,5.75315517384577,"Female",4,0.75
17,"z0091284",3,7.27048841562188,4.27048841562188,"Male",4,0.75
17,"z0091285",5,6.91308403063318,1.91308403063318,"Male",5,1
17,"z0091286",14,16.0604737356068,2.06047373560679,"Male",4,0.75
17,"z0092243",19,17.4851888969317,-1.51481110306826,"Female",4,0.75
17,"z0092256",5,4.50792973738984,-0.492070262610165,"Male",5,1
17,"z0098734",23,18.2973852854999,-4.7026147145001,"Male",4,0.75
17,"z0098735",30,23.4777907057272,-6.52220929427283,"Male",4,0.75
17,"z0098736",15,7.2295699205745,-7.7704300794255,"Female",3,0.55
17,"z0098737",12,10.9877741889448,-1.01222581105524,"Female",5,1
17,"z0098738",19,18.6359611236118,-0.36403887638825,"Male",4,0.75
17,"z0098740",17,13.3691596853403,-3.63084031465973,"Female",4,0.75
17,"z0098745",7,9.52765129084687,2.52765129084687,"Male",4,0.75
17,"z0098746",32,26.7488321307833,-5.25116786921667,"Male",4,0.75
17,"z0102483",5,4.50951525250954,-0.490484747490465,"Male",5,1
17,"z0102484",13,14.7588138386332,1.75881383863316,"Female",3,0.55
17,"z0102500",12,11.1479784664387,-0.852021533561281,"Male",4,0.75
17,"z0123188",24,28.1022995774015,4.10229957740149,"Female",5,1
17,"z0132631",15,13.432034017277,-1.567965982723,"Female",3,0.55
17,"z0132632",34,26.5700714216345,-7.42992857836553,"Female",4,0.75
17,"z0132634",12,14.1025249326363,2.10252493263634,"Female",4,0.75
17,"z0132639",29,22.6186841881932,-6.38131581180684,"Female",3,0.55
17,"z0132641",21,16.1563503031839,-4.84364969681608,"Male",3,0.55
17,"z0132658",36,26.5485673797278,-9.45143262027224,"Male",4,0.75
17,"z0132659",27,28.3190213486916,1.31902134869159,"Female",3,0.55
17,"z0132660",23,21.0267375137889,-1.97326248621106,"Male",4,0.75
17,"z0160208",21,26.4847440401756,5.48474404017558,"Female",5,1
17,"z0175867",9,15.8238538035124,6.82385380351244,"Female",4,0.75
17,"z0175874",20,12.2653830793482,-7.73461692065175,"Male",4,0.75
17,"z0175876",12,12.0163624264194,0.0163624264194127,"Male",5,1
17,"z0175877",32,21.6566715747518,-10.3433284252482,"Female",4,0.75
17,"z0178364",10,13.3018530654353,3.30185306543529,"Female",5,1
17,"z0183541",32,31.1785595890586,-0.821440410941367,"Male",4,0.75
17,"z0183543",4,1.96285744978653,-2.03714255021347,"Male",5,1
17,"z0183544",11,7.83915402885801,-3.16084597114199,"Female",5,1
17,"z0186433",21,20.933104427626,-0.0668955723739728,"Male",5,1
17,"z0186434",22,19.2304007626388,-2.76959923736123,"Male",3,0.55
17,"z0186435",30,18.8854455819215,-11.1145544180785,"Male",3,0.55
17,"z0186450",4,6.50078686799816,2.50078686799816,"Male",3,0.55
17,"z0190863",11,11.7187244867287,0.718724486728684,"Female",5,1
17,"z0190867",7,8.7346245373738,1.7346245373738,"Female",4,0.75
17,"z0196956",13,18.9422962228078,5.94229622280784,"Male",5,1
17,"z0198374",16,18.0414845143006,2.04148451430057,"Male",4,0.75
17,"z0198377",35,28.9756161548298,-6.02438384517022,"Female",3,0.55
17,"z0198473",25,23.2005007403515,-1.79949925964851,"Male",5,1
17,"z0198474",19,28.1608772572054,9.16087725720543,"Male",5,1
17,"z0198475",40,29.8621558458986,-10.1378441541014,"Male",3,0.55
17,"z0187739",23,26.3756997444483,3.37569974444832,"Female",3,0.55
18,"z0023316",6,4.65588786068786,-1.34411213931214,"Male",4,0.75
18,"z0023318",11,13.0987932341541,2.09879323415411,"Female",4,0.75
18,"z0023319",26,27.9390924536443,1.93909245364428,"Male",4,0.75
18,"z0033906",15,14.79310541488,-0.206894585120008,"Male",5,1
18,"z0033908",6,20.768307479658,14.768307479658,"Male",5,1
18,"z0045925",24,25.2095804347637,1.20958043476367,"Male",4,0.75
18,"z0045931",7,3.67938507966516,-3.32061492033484,"Male",4,0.75
18,"z0049051",37,28.4862987552266,-8.51370124477341,"Female",4,0.75
18,"z0049052",34,32.7223231105297,-1.27767688947031,"Male",4,0.75
18,"z0061425",26,18.6723658334716,-7.32763416652844,"Male",4,0.75
18,"z0075660",18,21.6703216252627,3.6703216252627,"Male",4,0.75
18,"z0075676",9,6.94729180253105,-2.05270819746895,"Female",4,0.75
18,"z0075677",4,6.13242168383418,2.13242168383418,"Female",5,1
18,"z0075678",7,11.5068879046025,4.50688790460254,"Female",4,0.75
18,"z0091277",3,8.49610920268766,5.49610920268766,"Female",4,0.75
18,"z0091284",3,1.5381073720437,-1.4618926279563,"Male",4,0.75
18,"z0091285",5,6.17237623837466,1.17237623837466,"Male",5,1
18,"z0091286",14,19.69713156235,5.69713156234995,"Male",4,0.75
18,"z0092243",19,16.5073957642574,-2.49260423574263,"Female",4,0.75
18,"z0092256",5,2.57175540141444,-2.42824459858556,"Male",5,1
18,"z0098734",23,19.438175096305,-3.56182490369497,"Male",4,0.75
18,"z0098735",30,25.1465098489555,-4.8534901510445,"Male",4,0.75
18,"z0098737",12,11.4118246325344,-0.588175367465579,"Female",5,1
18,"z0098738",19,17.4780020975034,-1.52199790249664,"Male",4,0.75
18,"z0098740",17,12.5091461042054,-4.49085389579461,"Female",4,0.75
18,"z0098745",7,10.8690074912075,3.86900749120745,"Male",4,0.75
18,"z0098746",32,30.7555309933739,-1.2444690066261,"Male",4,0.75
18,"z0102483",5,5.10613612739916,0.106136127399159,"Male",5,1
18,"z0102500",12,10.9475005242011,-1.05249947579889,"Male",4,0.75
18,"z0123188",24,26.5058129904043,2.50581299040433,"Female",5,1
18,"z0132632",34,31.8351059547636,-2.1648940452364,"Female",4,0.75
18,"z0132634",12,15.3301646359944,3.33016463599436,"Female",4,0.75
18,"z0132658",36,27.9976611260434,-8.00233887395663,"Male",4,0.75
18,"z0132660",23,20.654390054441,-2.34560994555898,"Male",4,0.75
18,"z0160208",21,26.549744425711,5.54974442571102,"Female",5,1
18,"z0175867",9,15.5316530725395,6.5316530725395,"Female",4,0.75
18,"z0175874",20,11.1971572898812,-8.8028427101188,"Male",4,0.75
18,"z0175876",12,15.4606048328616,3.46060483286164,"Male",5,1
18,"z0175877",32,24.8521226370207,-7.14787736297934,"Female",4,0.75
18,"z0178364",10,14.4614770564292,4.4614770564292,"Female",5,1
18,"z0183541",32,31.3865585760089,-0.613441423991077,"Male",4,0.75
18,"z0183543",4,1.20071935630217,-2.79928064369783,"Male",5,1
18,"z0183544",11,10.7412775804393,-0.258722419560691,"Female",5,1
18,"z0186433",21,19.6025094912017,-1.39749050879833,"Male",5,1
18,"z0190863",11,12.3063567317944,1.30635673179443,"Female",5,1
18,"z0190867",7,7.29324295457522,0.293242954575218,"Female",4,0.75
18,"z0196956",13,13.8818337721057,0.881833772105704,"Male",5,1
18,"z0198374",16,14.9575242995344,-1.04247570046557,"Male",4,0.75
18,"z0198473",25,25.860667642606,0.860667642605989,"Male",5,1
18,"z0198474",19,28.1227881495204,9.12278814952035,"Male",5,1
19,"z0018943",10,14.6425406291711,4.64254062917115,"Female",3,0.55
19,"z0018944",10,12.2065054808042,2.20650548080425,"Male",3,0.55
19,"z0018945",22,25.4030064720357,3.40300647203572,"Female",3,0.55
19,"z0023316",6,4.13211936677553,-1.86788063322447,"Male",4,0.75
19,"z0023317",25,21.8045786923208,-3.19542130767924,"Male",3,0.55
19,"z0023318",11,12.1228000862637,1.12280008626373,"Female",4,0.75
19,"z0023319",26,25.8758676981692,-0.12413230183083,"Male",4,0.75
19,"z0023321",11,9.63799925869247,-1.36200074130753,"Female",3,0.55
19,"z0027453",6,11.6796101149281,5.67961011492806,"Female",3,0.55
19,"z0027455",10,8.10830296189582,-1.89169703810418,"Female",2,0.2
19,"z0033888",6,13.5730379943836,7.57303799438362,"Female",3,0.55
19,"z0033893",15,17.9436430691365,2.94364306913652,"Male",2,0.2
19,"z0033898",10,16.3805837301994,6.38058373019942,"Male",3,0.55
19,"z0033906",15,14.475515096357,-0.524484903642998,"Male",5,1
19,"z0033908",6,17.1357563349938,11.1357563349938,"Male",5,1
19,"z0041286",28,29.3261781489849,1.32617814898493,"Male",3,0.55
19,"z0045921",10,17.7075164631645,7.70751646316445,"Female",2,0.2
19,"z0045925",24,23.9520816174159,-0.0479183825840828,"Male",4,0.75
19,"z0045931",7,6.74222824622191,-0.257771753778094,"Male",4,0.75
19,"z0049046",6,10.8130631057826,4.81306310578258,"Female",3,0.55
19,"z0049048",11,12.703879052215,1.70387905221502,"Male",2,0.2
19,"z0049050",11,24.8035888161615,13.8035888161615,"Male",3,0.55
19,"z0049051",37,29.2191977994514,-7.78080220054858,"Female",4,0.75
19,"z0049052",34,29.9119335101353,-4.08806648986468,"Male",4,0.75
19,"z0061425",26,17.844013215574,-8.15598678442597,"Male",4,0.75
19,"z0071016",8,13.9235315632615,5.9235315632615,"Male",3,0.55
19,"z0075660",18,17.178231839082,-0.821768160917959,"Male",4,0.75
19,"z0075663",18,23.8922752568391,5.89227525683906,"Male",3,0.55
19,"z0075665",27,22.9046777739083,-4.09532222609175,"Female",3,0.55
19,"z0075676",9,5.40501491586473,-3.59498508413527,"Female",4,0.75
19,"z0075677",4,3.22390423498108,-0.776095765018917,"Female",5,1
19,"z0075678",7,11.3597441265255,4.35974412652548,"Female",4,0.75
19,"z0091082",7,5.85610870281868,-1.14389129718132,"Female",3,0.55
19,"z0091085",19,16.2494013663582,-2.75059863364183,"Female",3,0.55
19,"z0091275",3,8.32887338850852,5.32887338850852,"Male",3,0.55
19,"z0091276",10,24.6407630787504,14.6407630787504,"Female",2,0.2
19,"z0091277",3,10.7779432526916,7.77794325269157,"Female",4,0.75
19,"z0091284",3,7.16678496559889,4.16678496559889,"Male",4,0.75
19,"z0091285",5,4.56681219521147,-0.433187804788535,"Male",5,1
19,"z0091286",14,14.0274353483503,0.0274353483502594,"Male",4,0.75
19,"z0092243",19,16.3755750662746,-2.62442493372543,"Female",4,0.75
19,"z0092256",5,6.7274146500434,1.7274146500434,"Male",5,1
19,"z0098734",23,21.8939022232301,-1.10609777676991,"Male",4,0.75
19,"z0098735",30,23.7648936367902,-6.23510636320982,"Male",4,0.75
19,"z0098736",15,10.5133921397814,-4.48660786021859,"Female",3,0.55
19,"z0098737",12,8.73786037744132,-3.26213962255868,"Female",5,1
19,"z0098738",19,14.5177733464884,-4.48222665351162,"Male",4,0.75
19,"z0098740",17,15.0672897802927,-1.93271021970731,"Female",4,0.75
19,"z0098744",6,17.566544915162,11.566544915162,"Male",2,0.2
19,"z0098745",7,10.298462884521,3.29846288452104,"Male",4,0.75
19,"z0098746",32,17.3651569377545,-14.6348430622455,"Male",4,0.75
19,"z0102483",5,3.99545691164802,-1.00454308835198,"Male",5,1
19,"z0102484",13,14.1864092838349,1.18640928383492,"Female",3,0.55
19,"z0102485",21,25.444757278319,4.44475727831902,"Male",2,0.2
19,"z0102500",12,8.09720917731793,-3.90279082268207,"Male",4,0.75
19,"z0123188",24,24.3230870619297,0.323087061929719,"Female",5,1
19,"z0132631",15,16.0993192412645,1.09931924126453,"Female",3,0.55
19,"z0132632",34,26.7142063329502,-7.28579366704977,"Female",4,0.75
19,"z0132634",12,12.368609855377,0.368609855377048,"Female",4,0.75
19,"z0132639",29,22.2188684857923,-6.7811315142077,"Female",3,0.55
19,"z0132641",21,18.5036188659088,-2.49638113409123,"Male",3,0.55
19,"z0132642",11,13.070085038604,2.07008503860404,"Female",2,0.2
19,"z0132658",36,24.5229710047111,-11.4770289952889,"Male",4,0.75
19,"z0132659",27,23.0064366881683,-3.99356331183169,"Female",3,0.55
19,"z0132660",23,19.3683372024249,-3.63166279757514,"Male",4,0.75
19,"z0160208",21,28.20845863704,7.20845863703998,"Female",5,1
19,"z0175867",9,13.1728821562008,4.17288215620082,"Female",4,0.75
19,"z0175874",20,12.598772158518,-7.40122784148201,"Male",4,0.75
19,"z0175876",12,9.31649547013181,-2.68350452986819,"Male",5,1
19,"z0175877",32,23.4505108847566,-8.54948911524335,"Female",4,0.75
19,"z0178364",10,9.58971423657333,-0.410285763426675,"Female",5,1
19,"z0183541",32,25.3769869456899,-6.62301305431007,"Male",4,0.75
19,"z0183543",4,0.95993427063973,-3.04006572936027,"Male",5,1
19,"z0183544",11,7.63281119982779,-3.36718880017221,"Female",5,1
19,"z0186431",8,9.78444438283409,1.78444438283409,"Male",2,0.2
19,"z0186433",21,18.2944676831126,-2.70553231688744,"Male",5,1
19,"z0186434",22,20.3211395008899,-1.67886049911013,"Male",3,0.55
19,"z0186435",30,15.8088387591055,-14.1911612408945,"Male",3,0.55
19,"z0186450",4,13.606235426048,9.60623542604796,"Male",3,0.55
19,"z0190863",11,14.6766919388566,3.67669193885661,"Female",5,1
19,"z0190867",7,9.01410570432487,2.01410570432487,"Female",4,0.75
19,"z0196956",13,19.0243059846559,6.02430598465588,"Male",5,1
19,"z0198374",16,16.5447856288371,0.544785628837062,"Male",4,0.75
19,"z0198377",35,23.2214315541917,-11.7785684458083,"Female",3,0.55
19,"z0198473",25,26.339835094102,1.33983509410205,"Male",5,1
19,"z0198474",19,28.0088027758768,9.00880277587683,"Male",5,1
19,"z0198475",40,22.83858395733,-17.16141604267,"Male",3,0.55
19,"z0187739",23,24.3127068430457,1.3127068430457,"Female",3,0.55
19,"z0045928",22,24.5174223716269,2.51742237162689,"Female",2,0.2
20,"z0018943",10,18.7495450118538,8.74954501185384,"Female",3,0.55
20,"z0018944",10,12.0478747911984,2.0478747911984,"Male",3,0.55
20,"z0018945",22,29.5314832464013,7.53148324640128,"Female",3,0.55
20,"z0023316",6,5.37884525316436,-0.621154746835643,"Male",4,0.75
20,"z0023317",25,21.2757668248104,-3.72423317518957,"Male",3,0.55
20,"z0023318",11,14.6210780061363,3.62107800613629,"Female",4,0.75
20,"z0023319",26,28.558370150984,2.55837015098395,"Male",4,0.75
20,"z0023321",11,8.83295522815577,-2.16704477184423,"Female",3,0.55
20,"z0027453",6,13.3508674078062,7.35086740780623,"Female",3,0.55
20,"z0033888",6,13.1072561465801,7.10725614658005,"Female",3,0.55
20,"z0033898",10,20.7065394708194,10.7065394708194,"Male",3,0.55
20,"z0033906",15,16.6347954377857,1.63479543778572,"Male",5,1
20,"z0033908",6,17.3856188090209,11.3856188090209,"Male",5,1
20,"z0041286",28,28.8212961493024,0.821296149302402,"Male",3,0.55
20,"z0045925",24,22.228025097031,-1.77197490296898,"Male",4,0.75
20,"z0045931",7,5.52872798249576,-1.47127201750424,"Male",4,0.75
20,"z0049046",6,9.81559081896022,3.81559081896022,"Female",3,0.55
20,"z0049050",11,25.3812825483226,14.3812825483226,"Male",3,0.55
20,"z0049051",37,28.2979963540775,-8.70200364592254,"Female",4,0.75
20,"z0049052",34,30.833185408388,-3.166814591612,"Male",4,0.75
20,"z0061425",26,18.2578746696946,-7.74212533030541,"Male",4,0.75
20,"z0071016",8,15.5909105044553,7.59091050445528,"Male",3,0.55
20,"z0075660",18,20.1002974113328,2.10029741133282,"Male",4,0.75
20,"z0075663",18,23.396181038094,5.39618103809403,"Male",3,0.55
20,"z0075665",27,26.1421784716569,-0.857821528343095,"Female",3,0.55
20,"z0075676",9,7.06609194231714,-1.93390805768286,"Female",4,0.75
20,"z0075677",4,1.23340040056223,-2.76659959943777,"Female",5,1
20,"z0075678",7,10.6745860694921,3.67458606949209,"Female",4,0.75
20,"z0091082",7,6.4575898996742,-0.542410100325805,"Female",3,0.55
20,"z0091085",19,15.6276748236616,-3.37232517633841,"Female",3,0.55
20,"z0091275",3,6.3510533140595,3.3510533140595,"Male",3,0.55
20,"z0091277",3,11.4276891935353,8.42768919353532,"Female",4,0.75
20,"z0091284",3,5.94782107434905,2.94782107434905,"Male",4,0.75
20,"z0091285",5,3.98295531293337,-1.01704468706663,"Male",5,1
20,"z0091286",14,15.1967419321322,1.19674193213217,"Male",4,0.75
20,"z0092243",19,16.4655889637758,-2.53441103622419,"Female",4,0.75
20,"z0092256",5,4.20400008159019,-0.795999918409809,"Male",5,1
20,"z0098734",23,21.2247257156937,-1.77527428430634,"Male",4,0.75
20,"z0098735",30,23.3593500085081,-6.64064999149191,"Male",4,0.75
20,"z0098736",15,8.46504280087417,-6.53495719912583,"Female",3,0.55
20,"z0098737",12,7.68993842689111,-4.31006157310889,"Female",5,1
20,"z0098738",19,15.9705536070267,-3.02944639297327,"Male",4,0.75
20,"z0098740",17,14.0637436530397,-2.93625634696034,"Female",4,0.75
20,"z0098745",7,9.85787471355466,2.85787471355466,"Male",4,0.75
20,"z0098746",32,22.582395136588,-9.41760486341204,"Male",4,0.75
20,"z0102483",5,5.14318524172724,0.14318524172724,"Male",5,1
20,"z0102484",13,15.7556451060851,2.7556451060851,"Female",3,0.55
20,"z0102500",12,8.46993125834346,-3.53006874165654,"Male",4,0.75
20,"z0123188",24,25.0729773739289,1.07297737392885,"Female",5,1
20,"z0132631",15,16.3912128199723,1.39121281997226,"Female",3,0.55
20,"z0132632",34,25.7193679217938,-8.28063207820615,"Female",4,0.75
20,"z0132634",12,13.0204119228645,1.02041192286453,"Female",4,0.75
20,"z0132639",29,22.3631497047079,-6.63685029529205,"Female",3,0.55
20,"z0132641",21,17.1796274887248,-3.82037251127522,"Male",3,0.55
20,"z0132658",36,26.7790389021393,-9.22096109786073,"Male",4,0.75
20,"z0132659",27,24.7562127284344,-2.24378727156557,"Female",3,0.55
20,"z0132660",23,20.0034815110643,-2.99651848893567,"Male",4,0.75
20,"z0160208",21,29.4564799613041,8.45647996130408,"Female",5,1
20,"z0175867",9,13.4357880668811,4.43578806688107,"Female",4,0.75
20,"z0175874",20,12.8430038007055,-7.15699619929447,"Male",4,0.75
20,"z0175876",12,9.61018814420079,-2.38981185579921,"Male",5,1
20,"z0175877",32,24.9223944720336,-7.07760552796637,"Female",4,0.75
20,"z0178364",10,10.1756493032691,0.175649303269106,"Female",5,1
20,"z0183541",32,29.5528093734385,-2.44719062656149,"Male",4,0.75
20,"z0183543",4,1.8373459224999,-2.1626540775001,"Male",5,1
20,"z0183544",11,5.60188732914993,-5.39811267085007,"Female",5,1
20,"z0186433",21,21.05649700294,0.0564970029399703,"Male",5,1
20,"z0186434",22,19.1366924371674,-2.86330756283256,"Male",3,0.55
20,"z0186435",30,18.5292159236516,-11.4707840763484,"Male",3,0.55
20,"z0186450",4,12.7684396808369,8.76843968083688,"Male",3,0.55
20,"z0190863",11,13.978467906061,2.978467906061,"Female",5,1
20,"z0190867",7,8.50411605429555,1.50411605429555,"Female",4,0.75
20,"z0196956",13,18.593064762328,5.59306476232803,"Male",5,1
20,"z0198374",16,19.1993053900796,3.19930539007958,"Male",4,0.75
20,"z0198377",35,25.0031169512001,-9.99688304879993,"Female",3,0.55
20,"z0198473",25,26.8390236619124,1.83902366191244,"Male",5,1
20,"z0198474",19,27.2358517960082,8.23585179600822,"Male",5,1
20,"z0198475",40,23.8304050845955,-16.1695949154045,"Male",3,0.55
20,"z0187739",23,28.8295218267615,5.82952182676154,"Female",3,0.55
21,"z0023316",6,7.68117000307013,1.68117000307013,"Male",4,0.75
21,"z0023318",11,8.92300830499541,-2.07699169500459,"Female",4,0.75
21,"z0023319",26,25.0159014257106,-0.984098574289419,"Male",4,0.75
21,"z0033906",15,11.1998429019079,-3.80015709809215,"Male",5,1
21,"z0033908",6,13.2643599672296,7.26435996722961,"Male",5,1
21,"z0045925",24,23.6138777806184,-0.386122219381612,"Male",4,0.75
21,"z0045931",7,5.05916033473982,-1.94083966526018,"Male",4,0.75
21,"z0049051",37,32.0845483600492,-4.91545163995077,"Female",4,0.75
21,"z0049052",34,36.3156908921482,2.31569089214818,"Male",4,0.75
21,"z0061425",26,23.3656714151759,-2.63432858482406,"Male",4,0.75
21,"z0075660",18,18.0114502281654,0.0114502281654332,"Male",4,0.75
21,"z0075676",9,10.1781740995373,1.17817409953729,"Female",4,0.75
21,"z0075677",4,6.48633367619784,2.48633367619784,"Female",5,1
21,"z0075678",7,6.31645150408123,-0.683548495918773,"Female",4,0.75
21,"z0091277",3,6.21743222699584,3.21743222699584,"Female",4,0.75
21,"z0091284",3,0.337890253635916,-2.66210974636408,"Male",4,0.75
21,"z0091285",5,6.47325003090748,1.47325003090748,"Male",5,1
21,"z0091286",14,14.360136939892,0.360136939892028,"Male",4,0.75
21,"z0092243",19,23.2136033830111,4.21360338301107,"Female",4,0.75
21,"z0092256",5,4.53728696991373,-0.462713030086269,"Male",5,1
21,"z0098734",23,27.1004210945901,4.10042109459006,"Male",4,0.75
21,"z0098735",30,26.5323399250129,-3.46766007498713,"Male",4,0.75
21,"z0098737",12,9.70655055721891,-2.29344944278109,"Female",5,1
21,"z0098738",19,16.8481756793574,-2.15182432064256,"Male",4,0.75
21,"z0098740",17,16.6565120817405,-0.343487918259545,"Female",4,0.75
21,"z0098745",7,6.40971542162633,-0.590284578373668,"Male",4,0.75
21,"z0098746",32,34.3714674290187,2.37146742901868,"Male",4,0.75
21,"z0102483",5,6.5371682638961,1.5371682638961,"Male",5,1
21,"z0102500",12,7.49237048736345,-4.50762951263655,"Male",4,0.75
21,"z0123188",24,22.1138634954825,-1.88613650451749,"Female",5,1
21,"z0132632",34,30.9654176152011,-3.03458238479889,"Female",4,0.75
21,"z0132634",12,13.4253254575156,1.42532545751564,"Female",4,0.75
21,"z0132658",36,33.2845958109633,-2.71540418903674,"Male",4,0.75
21,"z0132660",23,21.1949519063678,-1.80504809363217,"Male",4,0.75
21,"z0160208",21,29.5579274255585,8.55792742555852,"Female",5,1
21,"z0175867",9,9.6916315572257,0.691631557225698,"Female",4,0.75
21,"z0175874",20,13.5111209807023,-6.48887901929775,"Male",4,0.75
21,"z0175876",12,19.1754832518032,7.17548325180322,"Male",5,1
21,"z0175877",32,29.0427224286842,-2.95727757131583,"Female",4,0.75
21,"z0178364",10,9.18663137599986,-0.813368624000137,"Female",5,1
21,"z0183541",32,28.536185921235,-3.463814078765,"Male",4,0.75
21,"z0183543",4,4.04443160414023,0.0444316041402306,"Male",5,1
21,"z0183544",11,12.9308269020497,1.93082690204967,"Female",5,1
21,"z0186433",21,19.5042526211968,-1.49574737880323,"Male",5,1
21,"z0190863",11,10.3343088427727,-0.665691157227304,"Female",5,1
21,"z0190867",7,13.3492564575235,6.34925645752354,"Female",4,0.75
21,"z0196956",13,15.552668273155,2.55266827315496,"Male",5,1
21,"z0198374",16,18.7763197163526,2.77631971635256,"Male",4,0.75
21,"z0198473",25,21.3822342470917,-3.61776575290833,"Male",5,1
21,"z0198474",19,23.3719248685376,4.37192486853758,"Male",5,1
22,"z0018943",10,15.8970048016548,5.89700480165483,"Female",3,0.55
22,"z0018944",10,12.8079831908007,2.80798319080072,"Male",3,0.55
22,"z0018945",22,26.083265803198,4.083265803198,"Female",3,0.55
22,"z0023316",6,4.39632884118052,-1.60367115881948,"Male",4,0.75
22,"z0023317",25,19.6664019213239,-5.33359807867606,"Male",3,0.55
22,"z0023318",11,13.1908765946916,2.19087659469161,"Female",4,0.75
22,"z0023319",26,25.375868455226,-0.624131544773995,"Male",4,0.75
22,"z0023321",11,8.7304812333514,-2.2695187666486,"Female",3,0.55
22,"z0027453",6,12.9021453402948,6.90214534029484,"Female",3,0.55
22,"z0027455",10,7.92935185449599,-2.07064814550401,"Female",2,0.2
22,"z0033888",6,12.9889392575159,6.98893925751593,"Female",3,0.55
22,"z0033893",15,17.6858216685351,2.68582166853515,"Male",2,0.2
22,"z0033898",10,16.8966466736207,6.8966466736207,"Male",3,0.55
22,"z0033906",15,15.5617983281947,0.561798328194691,"Male",5,1
22,"z0033908",6,16.0989391075653,10.0989391075653,"Male",5,1
22,"z0041286",28,26.0239957589651,-1.97600424103486,"Male",3,0.55
22,"z0045921",10,17.6445529377925,7.64455293779249,"Female",2,0.2
22,"z0045925",24,23.7143750463602,-0.285624953639847,"Male",4,0.75
22,"z0045931",7,6.50963066712844,-0.490369332871564,"Male",4,0.75
22,"z0049046",6,11.7035949919317,5.70359499193171,"Female",3,0.55
22,"z0049048",11,11.6961687470567,0.696168747056735,"Male",2,0.2
22,"z0049050",11,23.7667731625183,12.7667731625183,"Male",3,0.55
22,"z0049051",37,25.8337667374863,-11.1662332625137,"Female",4,0.75
22,"z0049052",34,29.7082523878864,-4.29174761211359,"Male",4,0.75
22,"z0061425",26,18.8481156819649,-7.1518843180351,"Male",4,0.75
22,"z0071016",8,15.1074963416571,7.10749634165713,"Male",3,0.55
22,"z0075660",18,17.5364042548773,-0.463595745122667,"Male",4,0.75
22,"z0075663",18,22.5907129717362,4.59071297173616,"Male",3,0.55
22,"z0075665",27,24.4345547934989,-2.56544520650112,"Female",3,0.55
22,"z0075676",9,6.56410539793993,-2.43589460206007,"Female",4,0.75
22,"z0075677",4,2.97986793018705,-1.02013206981295,"Female",5,1
22,"z0075678",7,11.2001390866578,4.20013908665782,"Female",4,0.75
22,"z0091082",7,5.77742949893723,-1.22257050106277,"Female",3,0.55
22,"z0091085",19,14.8914407350079,-4.10855926499207,"Female",3,0.55
22,"z0091275",3,7.42541690269548,4.42541690269548,"Male",3,0.55
22,"z0091276",10,26.9510761546091,16.9510761546091,"Female",2,0.2
22,"z0091277",3,10.5679242403293,7.56792424032925,"Female",4,0.75
22,"z0091284",3,6.14529217525272,3.14529217525272,"Male",4,0.75
22,"z0091285",5,5.33707911680763,0.337079116807635,"Male",5,1
22,"z0091286",14,14.3199189586614,0.319918958661388,"Male",4,0.75
22,"z0092243",19,16.246385645162,-2.75361435483798,"Female",4,0.75
22,"z0092256",5,6.98009147700883,1.98009147700883,"Male",5,1
22,"z0098734",23,21.6000597439788,-1.3999402560212,"Male",4,0.75
22,"z0098735",30,22.4903941236312,-7.50960587636882,"Male",4,0.75
22,"z0098736",15,10.0893642470144,-4.91063575298556,"Female",3,0.55
22,"z0098737",12,8.81578886862882,-3.18421113137118,"Female",5,1
22,"z0098738",19,16.4475873638711,-2.55241263612887,"Male",4,0.75
22,"z0098740",17,15.0174963081737,-1.98250369182629,"Female",4,0.75
22,"z0098744",6,17.8575234309981,11.8575234309981,"Male",2,0.2
22,"z0098745",7,10.0994011291077,3.09940112910773,"Male",4,0.75
22,"z0098746",32,17.6866502183706,-14.3133497816294,"Male",4,0.75
22,"z0102483",5,6.05606837551078,1.05606837551078,"Male",5,1
22,"z0102484",13,13.5285608084918,0.528560808491807,"Female",3,0.55
22,"z0102485",21,25.0673662863769,4.0673662863769,"Male",2,0.2
22,"z0102500",12,8.3547307645878,-3.6452692354122,"Male",4,0.75
22,"z0123188",24,23.1986866683078,-0.801313331692153,"Female",5,1
22,"z0132631",15,16.6229345737374,1.62293457373743,"Female",3,0.55
22,"z0132632",34,25.8271615979068,-8.1728384020932,"Female",4,0.75
22,"z0132634",12,13.1888296991584,1.18882969915843,"Female",4,0.75
22,"z0132639",29,21.9981728838508,-7.00182711614924,"Female",3,0.55
22,"z0132641",21,16.8062193770549,-4.19378062294514,"Male",3,0.55
22,"z0132642",11,12.6399614760541,1.63996147605405,"Female",2,0.2
22,"z0132658",36,23.9344769858208,-12.0655230141792,"Male",4,0.75
22,"z0132659",27,21.7806234172047,-5.21937658279532,"Female",3,0.55
22,"z0132660",23,20.847696666543,-2.15230333345701,"Male",4,0.75
22,"z0160208",21,28.0329647796919,7.03296477969186,"Female",5,1
22,"z0175867",9,13.0359064370436,4.03590643704363,"Female",4,0.75
22,"z0175874",20,13.8266962141357,-6.17330378586431,"Male",4,0.75
22,"z0175876",12,10.1022356845334,-1.89776431546659,"Male",5,1
22,"z0175877",32,23.3603495843527,-8.63965041564729,"Female",4,0.75
22,"z0178364",10,11.04700713288,1.04700713287997,"Female",5,1
22,"z0183541",32,23.9717673635463,-8.02823263645369,"Male",4,0.75
22,"z0183543",4,1.52087397137085,-2.47912602862915,"Male",5,1
22,"z0183544",11,7.45148713347704,-3.54851286652296,"Female",5,1
22,"z0186431",8,9.47969523136579,1.47969523136579,"Male",2,0.2
22,"z0186433",21,19.6879105448396,-1.31208945516035,"Male",5,1
22,"z0186434",22,19.6076809107473,-2.39231908925273,"Male",3,0.55
22,"z0186435",30,16.2067712848501,-13.7932287151499,"Male",3,0.55
22,"z0186450",4,14.1925665584854,10.1925665584854,"Male",3,0.55
22,"z0190863",11,13.8719451195488,2.87194511954884,"Female",5,1
22,"z0190867",7,8.51346609766307,1.51346609766307,"Female",4,0.75
22,"z0196956",13,18.0667648911094,5.06676489110935,"Male",5,1
22,"z0198374",16,18.0689704150622,2.06897041506224,"Male",4,0.75
22,"z0198377",35,22.3666509676892,-12.6333490323108,"Female",3,0.55
22,"z0198473",25,25.9039983156035,0.903998315603523,"Male",5,1
22,"z0198474",19,27.2074049865298,8.20740498652979,"Male",5,1
22,"z0198475",40,22.6482007428629,-17.3517992571371,"Male",3,0.55
22,"z0187739",23,24.4933589544324,1.49335895443238,"Female",3,0.55
22,"z0045928",22,22.2319615670931,0.231961567093094,"Female",2,0.2
23,"z0018943",10,18.3795644576077,8.37956445760768,"Female",3,0.55
23,"z0018944",10,13.188687568307,3.188687568307,"Male",3,0.55
23,"z0018945",22,28.9621412967434,6.96214129674343,"Female",3,0.55
23,"z0023316",6,5.16664199293263,-0.833358007067368,"Male",4,0.75
23,"z0023317",25,20.8362088650196,-4.16379113498043,"Male",3,0.55
23,"z0023318",11,15.0413732861581,4.04137328615812,"Female",4,0.75
23,"z0023319",26,28.309696198261,2.30969619826105,"Male",4,0.75
23,"z0023321",11,8.05643500617724,-2.94356499382276,"Female",3,0.55
23,"z0027453",6,12.9430909710613,6.9430909710613,"Female",3,0.55
23,"z0033888",6,13.0782467472353,7.07824674723529,"Female",3,0.55
23,"z0033898",10,19.1469439734425,9.14694397344247,"Male",3,0.55
23,"z0033906",15,17.1573246440753,2.15732464407527,"Male",5,1
23,"z0033908",6,16.9127232530979,10.9127232530979,"Male",5,1
23,"z0041286",28,28.2517085204383,0.251708520438349,"Male",3,0.55
23,"z0045925",24,22.2268355834003,-1.77316441659968,"Male",4,0.75
23,"z0045931",7,5.85438835376521,-1.14561164623479,"Male",4,0.75
23,"z0049046",6,10.5035838555732,4.50358385557319,"Female",3,0.55
23,"z0049050",11,23.6225218400304,12.6225218400304,"Male",3,0.55
23,"z0049051",37,26.2219699936181,-10.7780300063819,"Female",4,0.75
23,"z0049052",34,29.9148221434484,-4.08517785655162,"Male",4,0.75
23,"z0061425",26,18.7561659741673,-7.24383402583274,"Male",4,0.75
23,"z0071016",8,15.7529903681018,7.75299036810184,"Male",3,0.55
23,"z0075660",18,19.8971299857859,1.8971299857859,"Male",4,0.75
23,"z0075663",18,23.1867405263005,5.18674052630053,"Male",3,0.55
23,"z0075665",27,26.9003684377209,-0.0996315622791109,"Female",3,0.55
23,"z0075676",9,6.78112645560628,-2.21887354439372,"Female",4,0.75
23,"z0075677",4,0.87041122837272,-3.12958877162728,"Female",5,1
23,"z0075678",7,9.98136817838123,2.98136817838123,"Female",4,0.75
23,"z0091082",7,5.84626810991675,-1.15373189008325,"Female",3,0.55
23,"z0091085",19,15.5430327646039,-3.45696723539605,"Female",3,0.55
23,"z0091275",3,4.72496962006359,1.72496962006359,"Male",3,0.55
23,"z0091277",3,10.9864909879948,7.98649098799477,"Female",4,0.75
23,"z0091284",3,5.38137753971287,2.38137753971287,"Male",4,0.75
23,"z0091285",5,3.8704292450025,-1.1295707549975,"Male",5,1
23,"z0091286",14,16.4541115029725,2.45411150297252,"Male",4,0.75
23,"z0092243",19,16.5476580818523,-2.4523419181477,"Female",4,0.75
23,"z0092256",5,4.02221319982015,-0.977786800179846,"Male",5,1
23,"z0098734",23,20.5662512694292,-2.43374873057083,"Male",4,0.75
23,"z0098735",30,23.1576119714566,-6.84238802854341,"Male",4,0.75
23,"z0098736",15,7.7933565355043,-7.2066434644957,"Female",3,0.55
23,"z0098737",12,8.53497766539561,-3.46502233460439,"Female",5,1
23,"z0098738",19,18.0638383200325,-0.936161679967544,"Male",4,0.75
23,"z0098740",17,13.3450819653153,-3.65491803468469,"Female",4,0.75
23,"z0098745",7,9.62647684874394,2.62647684874394,"Male",4,0.75
23,"z0098746",32,23.8845727487915,-8.1154272512085,"Male",4,0.75
23,"z0102483",5,6.09811103261,1.09811103261,"Male",5,1
23,"z0102484",13,14.5998497338848,1.59984973388483,"Female",3,0.55
23,"z0102500",12,9.4082235376428,-2.5917764623572,"Male",4,0.75
23,"z0123188",24,25.4062058871467,1.40620588714668,"Female",5,1
23,"z0132631",15,17.1317594069606,2.13175940696055,"Female",3,0.55
23,"z0132632",34,25.9308024223211,-8.06919757767891,"Female",4,0.75
23,"z0132634",12,13.8442471719712,1.84424717197121,"Female",4,0.75
23,"z0132639",29,22.500828831804,-6.499171168196,"Female",3,0.55
23,"z0132641",21,16.167713854708,-4.832286145292,"Male",3,0.55
23,"z0132658",36,25.7835731032817,-10.2164268967183,"Male",4,0.75
23,"z0132659",27,24.4261737374759,-2.5738262625241,"Female",3,0.55
23,"z0132660",23,20.6442093656682,-2.35579063433176,"Male",4,0.75
23,"z0160208",21,28.0546788743457,7.05467887434571,"Female",5,1
23,"z0175867",9,13.6476136922125,4.64761369221247,"Female",4,0.75
23,"z0175874",20,12.8252250307182,-7.17477496928179,"Male",4,0.75
23,"z0175876",12,10.4306835319924,-1.56931646800758,"Male",5,1
23,"z0175877",32,25.0940000311552,-6.90599996884478,"Female",4,0.75
23,"z0178364",10,11.4335342537803,1.43353425378026,"Female",5,1
23,"z0183541",32,28.1069762499315,-3.89302375006848,"Male",4,0.75
23,"z0183543",4,3.00062433059924,-0.999375669400756,"Male",5,1
23,"z0183544",11,6.49220580859132,-4.50779419140868,"Female",5,1
23,"z0186433",21,21.5965804358755,0.596580435875502,"Male",5,1
23,"z0186434",22,18.2181144511449,-3.78188554885509,"Male",3,0.55
23,"z0186435",30,19.2636214834056,-10.7363785165944,"Male",3,0.55
23,"z0186450",4,12.4206337144651,8.42063371446507,"Male",3,0.55
23,"z0190863",11,13.8638603674891,2.86386036748912,"Female",5,1
23,"z0190867",7,9.8281260564006,2.8281260564006,"Female",4,0.75
23,"z0196956",13,18.1284838971034,5.1284838971034,"Male",5,1
23,"z0198374",16,18.8438820073469,2.84388200734693,"Male",4,0.75
23,"z0198377",35,24.045006607598,-10.954993392402,"Female",3,0.55
23,"z0198473",25,27.0800483124896,2.08004831248963,"Male",5,1
23,"z0198474",19,27.3652335352726,8.36523353527263,"Male",5,1
23,"z0198475",40,24.9466490842458,-15.0533509157542,"Male",3,0.55
23,"z0187739",23,29.8642942012419,6.8642942012419,"Female",3,0.55
24,"z0023316",6,5.83587856173043,-0.164121438269571,"Male",4,0.75
24,"z0023318",11,8.09509767040611,-2.90490232959389,"Female",4,0.75
24,"z0023319",26,26.6187339059451,0.618733905945142,"Male",4,0.75
24,"z0033906",15,11.2233433189973,-3.77665668100274,"Male",5,1
24,"z0033908",6,12.7212208208634,6.72122082086343,"Male",5,1
24,"z0045925",24,24.098289571375,0.0982895713749485,"Male",4,0.75
24,"z0045931",7,4.30223869503474,-2.69776130496526,"Male",4,0.75
24,"z0049051",37,32.1852289245982,-4.81477107540181,"Female",4,0.75
24,"z0049052",34,37.2824849392772,3.28248493927723,"Male",4,0.75
24,"z0061425",26,24.5696688240143,-1.43033117598569,"Male",4,0.75
24,"z0075660",18,16.9647734652408,-1.03522653475922,"Male",4,0.75
24,"z0075676",9,10.7194355101233,1.71943551012331,"Female",4,0.75
24,"z0075677",4,7.81654987383269,3.81654987383269,"Female",5,1
24,"z0075678",7,5.77217425999949,-1.22782574000051,"Female",4,0.75
24,"z0091277",3,6.62304481907188,3.62304481907188,"Female",4,0.75
24,"z0091284",3,-0.389539422560304,-3.3895394225603,"Male",4,0.75
24,"z0091285",5,5.35637594041895,0.356375940418951,"Male",5,1
24,"z0091286",14,13.1031809093936,-0.896819090606442,"Male",4,0.75
24,"z0092243",19,23.4265498797207,4.42654987972068,"Female",4,0.75
24,"z0092256",5,3.43205408968264,-1.56794591031736,"Male",5,1
24,"z0098734",23,27.4036538509519,4.40365385095185,"Male",4,0.75
24,"z0098735",30,25.9231283864653,-4.07687161353466,"Male",4,0.75
24,"z0098737",12,9.87153523526976,-2.12846476473024,"Female",5,1
24,"z0098738",19,17.314308420062,-1.68569157993798,"Male",4,0.75
24,"z0098740",17,16.2895763876421,-0.710423612357857,"Female",4,0.75
24,"z0098745",7,5.34167333028547,-1.65832666971453,"Male",4,0.75
24,"z0098746",32,36.3275458672663,4.32754586726632,"Male",4,0.75
24,"z0102483",5,5.12152655525421,0.121526555254214,"Male",5,1
24,"z0102500",12,7.42461585421458,-4.57538414578542,"Male",4,0.75
24,"z0123188",24,21.5715637886789,-2.42843621132108,"Female",5,1
24,"z0132632",34,30.2903303321348,-3.70966966786521,"Female",4,0.75
24,"z0132634",12,13.9256780940107,1.92567809401071,"Female",4,0.75
24,"z0132658",36,32.9797066632159,-3.02029333678406,"Male",4,0.75
24,"z0132660",23,20.4754228907425,-2.52457710925746,"Male",4,0.75
24,"z0160208",21,29.429132481228,8.42913248122801,"Female",5,1
24,"z0175867",9,9.05552345013331,0.0555234501333146,"Female",4,0.75
24,"z0175874",20,13.1398417551661,-6.8601582448339,"Male",4,0.75
24,"z0175876",12,19.0192942739586,7.01929427395858,"Male",5,1
24,"z0175877",32,29.9607412900174,-2.03925870998262,"Female",4,0.75
24,"z0178364",10,7.9023862292168,-2.0976137707832,"Female",5,1
24,"z0183541",32,28.130826915029,-3.86917308497103,"Male",4,0.75
24,"z0183543",4,3.49479486476115,-0.50520513523885,"Male",5,1
24,"z0183544",11,12.9076405334595,1.90764053345948,"Female",5,1
24,"z0186433",21,18.8256178830701,-2.17438211692992,"Male",5,1
24,"z0190863",11,10.6741775774825,-0.32582242251749,"Female",5,1
24,"z0190867",7,13.8758594459419,6.87585944594195,"Female",4,0.75
24,"z0196956",13,15.212188887664,2.21218888766401,"Male",5,1
24,"z0198374",16,18.6690555280183,2.66905552801832,"Male",4,0.75
24,"z0198473",25,21.1784563520779,-3.82154364792213,"Male",5,1
24,"z0198474",19,23.7054185397063,4.70541853970628,"Male",5,1
25,"z0018943",10,16.6657720471997,6.66577204719966,"Female",3,0.55
25,"z0018944",10,12.2986433505185,2.29864335051855,"Male",3,0.55
25,"z0018945",22,26.1251510463587,4.12515104635875,"Female",3,0.55
25,"z0023316",6,4.96127674060678,-1.03872325939322,"Male",4,0.75
25,"z0023317",25,20.2510997178832,-4.74890028211681,"Male",3,0.55
25,"z0023318",11,12.7609182342556,1.76091823425559,"Female",4,0.75
25,"z0023319",26,26.5618346033994,0.561834603399404,"Male",4,0.75
25,"z0023321",11,8.18337355200046,-2.81662644799954,"Female",3,0.55
25,"z0027453",6,12.336786851919,6.33678685191904,"Female",3,0.55
25,"z0027455",10,6.91806268621937,-3.08193731378063,"Female",2,0.2
25,"z0033888",6,11.09524766818,5.09524766818005,"Female",3,0.55
25,"z0033893",15,17.5163312614191,2.51633126141909,"Male",2,0.2
25,"z0033898",10,16.016567531883,6.01656753188297,"Male",3,0.55
25,"z0033906",15,15.5691643975539,0.569164397553862,"Male",5,1
25,"z0033908",6,16.1807255220219,10.1807255220219,"Male",5,1
25,"z0041286",28,25.8551293090432,-2.14487069095675,"Male",3,0.55
25,"z0045921",10,17.6165101377802,7.61651013778019,"Female",2,0.2
25,"z0045925",24,24.075574592081,0.0755745920810114,"Male",4,0.75
25,"z0045931",7,6.06211540319603,-0.937884596803974,"Male",4,0.75
25,"z0049046",6,10.7075461213034,4.70754612130335,"Female",3,0.55
25,"z0049048",11,11.8683405068186,0.86834050681859,"Male",2,0.2
25,"z0049050",11,24.1058645280242,13.1058645280242,"Male",3,0.55
25,"z0049051",37,27.44645064731,-9.55354935268997,"Female",4,0.75
25,"z0049052",34,29.5746937111322,-4.42530628886782,"Male",4,0.75
25,"z0061425",26,18.9277910455532,-7.07220895444678,"Male",4,0.75
25,"z0071016",8,14.790428040088,6.79042804008803,"Male",3,0.55
25,"z0075660",18,18.396100222353,0.396100222352992,"Male",4,0.75
25,"z0075663",18,22.8776751049634,4.87767510496336,"Male",3,0.55
25,"z0075665",27,23.989983499547,-3.01001650045296,"Female",3,0.55
25,"z0075676",9,6.24462433503867,-2.75537566496133,"Female",4,0.75
25,"z0075677",4,1.64959423808602,-2.35040576191398,"Female",5,1
25,"z0075678",7,10.6626150419585,3.66261504195852,"Female",4,0.75
25,"z0091082",7,3.70506459239202,-3.29493540760798,"Female",3,0.55
25,"z0091085",19,15.5980546868762,-3.40194531312378,"Female",3,0.55
25,"z0091275",3,7.14961560716684,4.14961560716684,"Male",3,0.55
25,"z0091276",10,23.9594108281916,13.9594108281916,"Female",2,0.2
25,"z0091277",3,10.7609398491233,7.76093984912334,"Female",4,0.75
25,"z0091284",3,6.15648712254872,3.15648712254872,"Male",4,0.75
25,"z0091285",5,6.28787465959721,1.28787465959721,"Male",5,1
25,"z0091286",14,13.1315659006921,-0.86843409930786,"Male",4,0.75
25,"z0092243",19,14.8164072337075,-4.18359276629248,"Female",4,0.75
25,"z0092256",5,6.45150199804051,1.45150199804051,"Male",5,1
25,"z0098734",23,20.7683247839973,-2.23167521600271,"Male",4,0.75
25,"z0098735",30,23.6875395577485,-6.31246044225149,"Male",4,0.75
25,"z0098736",15,10.1647395284452,-4.8352604715548,"Female",3,0.55
25,"z0098737",12,8.68082312563302,-3.31917687436698,"Female",5,1
25,"z0098738",19,16.7524026904701,-2.24759730952989,"Male",4,0.75
25,"z0098740",17,15.3337453864222,-1.66625461357777,"Female",4,0.75
25,"z0098744",6,17.0449837005128,11.0449837005128,"Male",2,0.2
25,"z0098745",7,10.3966163275005,3.39661632750052,"Male",4,0.75
25,"z0098746",32,17.4842669106552,-14.5157330893448,"Male",4,0.75
25,"z0102483",5,5.73288766414988,0.73288766414988,"Male",5,1
25,"z0102484",13,13.6765471934974,0.676547193497438,"Female",3,0.55
25,"z0102485",21,26.0872033843365,5.08720338433653,"Male",2,0.2
25,"z0102500",12,7.01863405074867,-4.98136594925133,"Male",4,0.75
25,"z0123188",24,23.9479395583713,-0.0520604416287043,"Female",5,1
25,"z0132631",15,17.305062124135,2.30506212413498,"Female",3,0.55
25,"z0132632",34,26.9929673800712,-7.00703261992878,"Female",4,0.75
25,"z0132634",12,14.0138503839718,2.01385038397184,"Female",4,0.75
25,"z0132639",29,23.0811800038331,-5.91881999616687,"Female",3,0.55
25,"z0132641",21,17.5070328912603,-3.49296710873971,"Male",3,0.55
25,"z0132642",11,11.9456220408579,0.945622040857875,"Female",2,0.2
25,"z0132658",36,24.7207228489031,-11.2792771510969,"Male",4,0.75
25,"z0132659",27,23.259003764964,-3.74099623503602,"Female",3,0.55
25,"z0132660",23,21.0773849747289,-1.92261502527112,"Male",4,0.75
25,"z0160208",21,28.3516111929829,7.35161119298286,"Female",5,1
25,"z0175867",9,13.6902979749182,4.69029797491823,"Female",4,0.75
25,"z0175874",20,13.5728251374295,-6.42717486257053,"Male",4,0.75
25,"z0175876",12,11.0260192040397,-0.97398079596034,"Male",5,1
25,"z0175877",32,24.3078434067539,-7.6921565932461,"Female",4,0.75
25,"z0178364",10,13.2376284545742,3.2376284545742,"Female",5,1
25,"z0183541",32,25.9065562544639,-6.09344374553607,"Male",4,0.75
25,"z0183543",4,2.46289047811448,-1.53710952188552,"Male",5,1
25,"z0183544",11,7.50831890194675,-3.49168109805325,"Female",5,1
25,"z0186431",8,10.0826937078,2.08269370779998,"Male",2,0.2
25,"z0186433",21,18.0602352344461,-2.93976476555393,"Male",5,1
25,"z0186434",22,19.0620187599115,-2.93798124008847,"Male",3,0.55
25,"z0186435",30,14.6859189758649,-15.3140810241351,"Male",3,0.55
25,"z0186450",4,13.5337441183602,9.53374411836015,"Male",3,0.55
25,"z0190863",11,14.350364650419,3.35036465041897,"Female",5,1
25,"z0190867",7,8.56480884277155,1.56480884277155,"Female",4,0.75
25,"z0196956",13,18.7955411274974,5.7955411274974,"Male",5,1
25,"z0198374",16,18.8196347639577,2.81963476395766,"Male",4,0.75
25,"z0198377",35,22.1123048464491,-12.8876951535509,"Female",3,0.55
25,"z0198473",25,25.648768710629,0.648768710629042,"Male",5,1
25,"z0198474",19,26.987452116381,7.98745211638101,"Male",5,1
25,"z0198475",40,23.3901257082335,-16.6098742917665,"Male",3,0.55
25,"z0187739",23,24.9030757450392,1.90307574503919,"Female",3,0.55
25,"z0045928",22,21.8719003050153,-0.128099694984719,"Female",2,0.2
26,"z0018943",10,18.5481930810016,8.54819308100163,"Female",3,0.55
26,"z0018944",10,13.6302253101615,3.63022531016146,"Male",3,0.55
26,"z0018945",22,27.982410669622,5.982410669622,"Female",3,0.55
26,"z0023316",6,4.73947408198031,-1.26052591801969,"Male",4,0.75
26,"z0023317",25,20.4952935078283,-4.50470649217172,"Male",3,0.55
26,"z0023318",11,14.035480211817,3.03548021181705,"Female",4,0.75
26,"z0023319",26,25.3793530489314,-0.620646951068629,"Male",4,0.75
26,"z0023321",11,8.13243702984311,-2.86756297015689,"Female",3,0.55
26,"z0027453",6,13.0748766203899,7.07487662038989,"Female",3,0.55
26,"z0033888",6,12.6891054453619,6.68910544536194,"Female",3,0.55
26,"z0033898",10,17.7511075471736,7.75110754717356,"Male",3,0.55
26,"z0033906",15,17.3105867681947,2.31058676819472,"Male",5,1
26,"z0033908",6,17.2202250540708,11.2202250540708,"Male",5,1
26,"z0041286",28,27.2758960350302,-0.724103964969839,"Male",3,0.55
26,"z0045925",24,21.6873331240411,-2.31266687595892,"Male",4,0.75
26,"z0045931",7,5.90032210645848,-1.09967789354152,"Male",4,0.75
26,"z0049046",6,9.82665510250497,3.82665510250497,"Female",3,0.55
26,"z0049050",11,22.6626999632696,11.6626999632696,"Male",3,0.55
26,"z0049051",37,24.8664754972084,-12.1335245027916,"Female",4,0.75
26,"z0049052",34,28.4152588189506,-5.58474118104944,"Male",4,0.75
26,"z0061425",26,19.5589554846078,-6.44104451539216,"Male",4,0.75
26,"z0071016",8,14.4219909090534,6.42199090905344,"Male",3,0.55
26,"z0075660",18,20.5133770692316,2.51337706923161,"Male",4,0.75
26,"z0075663",18,22.9587323333307,4.95873233333069,"Male",3,0.55
26,"z0075665",27,25.6328206807868,-1.36717931921316,"Female",3,0.55
26,"z0075676",9,7.67246664144299,-1.32753335855701,"Female",4,0.75
26,"z0075677",4,1.30290542752644,-2.69709457247356,"Female",5,1
26,"z0075678",7,11.2878387687093,4.28783876870934,"Female",4,0.75
26,"z0091082",7,4.5492354361773,-2.45076456382269,"Female",3,0.55
26,"z0091085",19,15.8055146016389,-3.19448539836111,"Female",3,0.55
26,"z0091275",3,5.24640545842245,2.24640545842245,"Male",3,0.55
26,"z0091277",3,9.55102424030529,6.55102424030529,"Female",4,0.75
26,"z0091284",3,5.34339361719766,2.34339361719766,"Male",4,0.75
26,"z0091285",5,6.00816290022279,1.00816290022279,"Male",5,1
26,"z0091286",14,15.3484507572648,1.34845075726476,"Male",4,0.75
26,"z0092243",19,16.4949646493096,-2.50503535069042,"Female",4,0.75
26,"z0092256",5,4.18047282990026,-0.819527170099738,"Male",5,1
26,"z0098734",23,19.0752453301471,-3.9247546698529,"Male",4,0.75
26,"z0098735",30,24.4878000733354,-5.51219992666456,"Male",4,0.75
26,"z0098736",15,8.13967174562733,-6.86032825437267,"Female",3,0.55
26,"z0098737",12,9.52110246965764,-2.47889753034236,"Female",5,1
26,"z0098738",19,17.8045232089543,-1.19547679104566,"Male",4,0.75
26,"z0098740",17,13.5925229298313,-3.40747707016872,"Female",4,0.75
26,"z0098745",7,9.03670336487115,2.03670336487115,"Male",4,0.75
26,"z0098746",32,23.4079727826443,-8.59202721735572,"Male",4,0.75
26,"z0102483",5,6.44517805999843,1.44517805999843,"Male",5,1
26,"z0102484",13,14.4909769715704,1.49097697157038,"Female",3,0.55
26,"z0102500",12,10.2125906750384,-1.78740932496155,"Male",4,0.75
26,"z0123188",24,26.2240452331152,2.22404523311523,"Female",5,1
26,"z0132631",15,16.8014904928366,1.80149049283664,"Female",3,0.55
26,"z0132632",34,25.5995391708272,-8.40046082917276,"Female",4,0.75
26,"z0132634",12,14.8505571977953,2.85055719779534,"Female",4,0.75
26,"z0132639",29,23.3371130655857,-5.66288693441426,"Female",3,0.55
26,"z0132641",21,15.7664334224657,-5.23356657753433,"Male",3,0.55
26,"z0132658",36,24.4513357142229,-11.5486642857771,"Male",4,0.75
26,"z0132659",27,25.0503827130418,-1.9496172869582,"Female",3,0.55
26,"z0132660",23,21.2628205674066,-1.73717943259339,"Male",4,0.75
26,"z0160208",21,26.7879415397654,5.78794153976536,"Female",5,1
26,"z0175867",9,14.9620782689599,5.96207826895986,"Female",4,0.75
26,"z0175874",20,12.6160493615269,-7.38395063847311,"Male",4,0.75
26,"z0175876",12,11.6051215644103,-0.394878435589659,"Male",5,1
26,"z0175877",32,25.0919353641395,-6.90806463586052,"Female",4,0.75
26,"z0178364",10,13.5608060810255,3.56080608102553,"Female",5,1
26,"z0183541",32,27.7053545174904,-4.29464548250962,"Male",4,0.75
26,"z0183543",4,3.14251854036173,-0.857481459638274,"Male",5,1
26,"z0183544",11,7.33103849751229,-3.66896150248771,"Female",5,1
26,"z0186433",21,19.8251435501671,-1.17485644983291,"Male",5,1
26,"z0186434",22,18.1718617606556,-3.8281382393444,"Male",3,0.55
26,"z0186435",30,17.1832229734474,-12.8167770265526,"Male",3,0.55
26,"z0186450",4,11.2732088956316,7.27320889563156,"Male",3,0.55
26,"z0190863",11,13.1195757394295,2.1195757394295,"Female",5,1
26,"z0190867",7,10.129968367033,3.12996836703303,"Female",4,0.75
26,"z0196956",13,18.4636414534593,5.46364145345929,"Male",5,1
26,"z0198374",16,18.6706772122865,2.67067721228647,"Male",4,0.75
26,"z0198377",35,23.0049469360975,-11.9950530639025,"Female",3,0.55
26,"z0198473",25,26.7790555264789,1.77905552647886,"Male",5,1
26,"z0198474",19,26.2958954554238,7.2958954554238,"Male",5,1
26,"z0198475",40,26.3990327223774,-13.6009672776226,"Male",3,0.55
26,"z0187739",23,29.7715740313004,6.77157403130042,"Female",3,0.55
27,"z0023316",6,5.97372141744556,-0.0262785825544363,"Male",4,0.75
27,"z0023318",11,9.6372196405409,-1.3627803594591,"Female",4,0.75
27,"z0023319",26,27.1218826456648,1.12188264566485,"Male",4,0.75
27,"z0033906",15,13.4649748450206,-1.53502515497938,"Male",5,1
27,"z0033908",6,15.1822273704421,9.18222737044214,"Male",5,1
27,"z0045925",24,24.7512254263812,0.751225426381197,"Male",4,0.75
27,"z0045931",7,7.39417714367181,0.394177143671806,"Male",4,0.75
27,"z0049051",37,29.0687193100526,-7.93128068994745,"Female",4,0.75
27,"z0049052",34,34.7951794117748,0.795179411774797,"Male",4,0.75
27,"z0061425",26,22.2005769396784,-3.7994230603216,"Male",4,0.75
27,"z0075660",18,17.400595743859,-0.599404256141039,"Male",4,0.75
27,"z0075676",9,10.077873433644,1.07787343364395,"Female",4,0.75
27,"z0075677",4,4.85960633881019,0.859606338810192,"Female",5,1
27,"z0075678",7,7.90754966620968,0.907549666209681,"Female",4,0.75
27,"z0091277",3,5.50546317008072,2.50546317008072,"Female",4,0.75
27,"z0091284",3,-1.0660137614664,-4.0660137614664,"Male",4,0.75
27,"z0091285",5,6.75938643404245,1.75938643404245,"Male",5,1
27,"z0091286",14,14.8610908380662,0.861090838066229,"Male",4,0.75
27,"z0092243",19,21.8406109571014,2.84061095710139,"Female",4,0.75
27,"z0092256",5,3.85632926820633,-1.14367073179367,"Male",5,1
27,"z0098734",23,23.7439803437277,0.743980343727692,"Male",4,0.75
27,"z0098735",30,26.0871505393307,-3.91284946066934,"Male",4,0.75
27,"z0098737",12,8.63720134452724,-3.36279865547276,"Female",5,1
27,"z0098738",19,17.7289848679422,-1.27101513205777,"Male",4,0.75
27,"z0098740",17,15.5249965822307,-1.47500341776935,"Female",4,0.75
27,"z0098745",7,7.57712461924094,0.577124619240935,"Male",4,0.75
27,"z0098746",32,28.5521551362769,-3.4478448637231,"Male",4,0.75
27,"z0102483",5,8.07685159458787,3.07685159458787,"Male",5,1
27,"z0102500",12,7.99133151194375,-4.00866848805625,"Male",4,0.75
27,"z0123188",24,25.8122325251526,1.81223252515262,"Female",5,1
27,"z0132632",34,30.9148360305066,-3.08516396949339,"Female",4,0.75
27,"z0132634",12,15.6239815709973,3.62398157099726,"Female",4,0.75
27,"z0132658",36,32.9053866936514,-3.09461330634862,"Male",4,0.75
27,"z0132660",23,21.5734024223656,-1.4265975776344,"Male",4,0.75
27,"z0160208",21,27.6599124067939,6.65991240679386,"Female",5,1
27,"z0175867",9,11.3396727845546,2.3396727845546,"Female",4,0.75
27,"z0175874",20,15.2107216986528,-4.78927830134725,"Male",4,0.75
27,"z0175876",12,18.3826829206163,6.38268292061634,"Male",5,1
27,"z0175877",32,28.3032173210505,-3.69678267894951,"Female",4,0.75
27,"z0178364",10,12.6089580648318,2.60895806483175,"Female",5,1
27,"z0183541",32,29.7632683533202,-2.23673164667978,"Male",4,0.75
27,"z0183543",4,5.02469625242612,1.02469625242612,"Male",5,1
27,"z0183544",11,9.51885117526572,-1.48114882473428,"Female",5,1
27,"z0186433",21,18.3701458746373,-2.62985412536274,"Male",5,1
27,"z0190863",11,12.7243243799355,1.72432437993551,"Female",5,1
27,"z0190867",7,10.5220391386231,3.52203913862306,"Female",4,0.75
27,"z0196956",13,15.8891319627128,2.88913196271285,"Male",5,1
27,"z0198374",16,17.2776471406202,1.27764714062024,"Male",4,0.75
27,"z0198473",25,23.2053314976067,-1.7946685023933,"Male",5,1
27,"z0198474",19,23.3059946065719,4.30599460657188,"Male",5,1
28,"z0018943",10,15.649064473316,5.649064473316,"Female",3,0.55
28,"z0018944",10,14.0845698837463,4.08456988374627,"Male",3,0.55
28,"z0018945",22,25.6007086213831,3.60070862138311,"Female",3,0.55
28,"z0023316",6,9.29822793046907,3.29822793046907,"Male",4,0.75
28,"z0023317",25,25.2853851691355,0.285385169135466,"Male",3,0.55
28,"z0023318",11,11.3458056622475,0.345805662247512,"Female",4,0.75
28,"z0023319",26,23.8842230578966,-2.11577694210337,"Male",4,0.75
28,"z0023321",11,13.1645738982417,2.16457389824165,"Female",3,0.55
28,"z0027453",6,12.9527395406335,6.95273954063352,"Female",3,0.55
28,"z0027455",10,8.18484542927642,-1.81515457072358,"Female",2,0.2
28,"z0033888",6,6.07148504647599,0.0714850464759937,"Female",3,0.55
28,"z0033893",15,18.039501052649,3.03950105264896,"Male",2,0.2
28,"z0033898",10,18.0027534912892,8.0027534912892,"Male",3,0.55
28,"z0033906",15,12.2560540956947,-2.74394590430534,"Male",5,1
28,"z0033908",6,22.2134424490449,16.2134424490449,"Male",5,1
28,"z0041286",28,21.6789200386884,-6.32107996131157,"Male",3,0.55
28,"z0045921",10,20.8869977079537,10.8869977079537,"Female",2,0.2
28,"z0045925",24,20.984034506609,-3.01596549339096,"Male",4,0.75
28,"z0045931",7,4.34674951366562,-2.65325048633438,"Male",4,0.75
28,"z0049046",6,10.2051713856706,4.20517138567061,"Female",3,0.55
28,"z0049048",11,15.6956853801345,4.69568538013455,"Male",2,0.2
28,"z0049050",11,21.2614394067458,10.2614394067458,"Male",3,0.55
28,"z0049051",37,20.0949407140455,-16.9050592859545,"Female",4,0.75
28,"z0049052",34,22.4702288180261,-11.5297711819739,"Male",4,0.75
28,"z0061425",26,18.3299332466989,-7.67006675330113,"Male",4,0.75
28,"z0071016",8,7.9053528728117,-0.0946471271882974,"Male",3,0.55
28,"z0075660",18,20.049985601859,2.04998560185898,"Male",4,0.75
28,"z0075663",18,23.9427961226083,5.94279612260831,"Male",3,0.55
28,"z0075665",27,21.5957527738579,-5.40424722614209,"Female",3,0.55
28,"z0075676",9,13.2523997082519,4.25239970825191,"Female",4,0.75
28,"z0075677",4,5.71209644084,1.71209644084,"Female",5,1
28,"z0075678",7,14.487480329808,7.48748032980798,"Female",4,0.75
28,"z0091082",7,5.90922802088635,-1.09077197911365,"Female",3,0.55
28,"z0091085",19,16.1059850823952,-2.89401491760481,"Female",3,0.55
28,"z0091275",3,11.9892695213257,8.98926952132572,"Male",3,0.55
28,"z0091276",10,22.3628763720187,12.3628763720187,"Female",2,0.2
28,"z0091277",3,11.2866346231068,8.28663462310682,"Female",4,0.75
28,"z0091284",3,6.75295083385314,3.75295083385314,"Male",4,0.75
28,"z0091285",5,5.68552094513406,0.685520945134062,"Male",5,1
28,"z0091286",14,11.8496014008757,-2.15039859912432,"Male",4,0.75
28,"z0092243",19,17.2995770055954,-1.7004229944046,"Female",4,0.75
28,"z0092256",5,8.59286870706454,3.59286870706454,"Male",5,1
28,"z0098734",23,19.9836424760424,-3.01635752395756,"Male",4,0.75
28,"z0098735",30,22.0606557980042,-7.9393442019958,"Male",4,0.75
28,"z0098736",15,7.49741443790874,-7.50258556209126,"Female",3,0.55
28,"z0098737",12,13.12903900507,1.12903900507004,"Female",5,1
28,"z0098738",19,16.6230122781687,-2.37698772183126,"Male",4,0.75
28,"z0098740",17,15.575100894449,-1.42489910555097,"Female",4,0.75
28,"z0098744",6,12.9082690809505,6.90826908095049,"Male",2,0.2
28,"z0098745",7,9.08079811398219,2.08079811398219,"Male",4,0.75
28,"z0098746",32,16.5696842834939,-15.4303157165061,"Male",4,0.75
28,"z0102483",5,4.74122187769774,-0.258778122302262,"Male",5,1
28,"z0102484",13,15.5173476244007,2.51734762440068,"Female",3,0.55
28,"z0102485",21,26.1728796125591,5.17287961255905,"Male",2,0.2
28,"z0102500",12,10.83698369989,-1.16301630011004,"Male",4,0.75
28,"z0123188",24,30.0449578083934,6.04495780839344,"Female",5,1
28,"z0132631",15,17.5828845226451,2.58288452264509,"Female",3,0.55
28,"z0132632",34,24.3876681422506,-9.61233185774938,"Female",4,0.75
28,"z0132634",12,17.8580351236671,5.85803512366713,"Female",4,0.75
28,"z0132639",29,22.6676399902743,-6.33236000972569,"Female",3,0.55
28,"z0132641",21,19.0983620121861,-1.90163798781389,"Male",3,0.55
28,"z0132642",11,10.4371005527706,-0.562899447229366,"Female",2,0.2
28,"z0132658",36,20.9457126835925,-15.0542873164075,"Male",4,0.75
28,"z0132659",27,23.4604798517687,-3.53952014823133,"Female",3,0.55
28,"z0132660",23,19.9465538282335,-3.05344617176646,"Male",4,0.75
28,"z0160208",21,25.8522030522107,4.85220305221075,"Female",5,1
28,"z0175867",9,18.87268663228,9.87268663227998,"Female",4,0.75
28,"z0175874",20,13.9176275547136,-6.08237244528644,"Male",4,0.75
28,"z0175876",12,10.5460597251602,-1.45394027483975,"Male",5,1
28,"z0175877",32,22.4418198904883,-9.55818010951169,"Female",4,0.75
28,"z0178364",10,14.4705701793577,4.47057017935772,"Female",5,1
28,"z0183541",32,21.9706251911732,-10.0293748088268,"Male",4,0.75
28,"z0183543",4,3.36656660875769,-0.633433391242312,"Male",5,1
28,"z0183544",11,9.01548907888196,-1.98451092111804,"Female",5,1
28,"z0186431",8,11.9102397928113,3.91023979281132,"Male",2,0.2
28,"z0186433",21,17.2696656172362,-3.73033438276377,"Male",5,1
28,"z0186434",22,18.9085183268375,-3.09148167316254,"Male",3,0.55
28,"z0186435",30,17.7505905991612,-12.2494094008388,"Male",3,0.55
28,"z0186450",4,8.40384310137516,4.40384310137516,"Male",3,0.55
28,"z0190863",11,12.5339777229363,1.53397772293633,"Female",5,1
28,"z0190867",7,10.6866897997397,3.68668979973965,"Female",4,0.75
28,"z0196956",13,17.9073766041383,4.90737660413834,"Male",5,1
28,"z0198374",16,16.608219007755,0.608219007754954,"Male",4,0.75
28,"z0198377",35,20.2171590665768,-14.7828409334232,"Female",3,0.55
28,"z0198473",25,23.3080318683679,-1.69196813163211,"Male",5,1
28,"z0198474",19,30.2277628840732,11.2277628840732,"Male",5,1
28,"z0198475",40,22.5118056230578,-17.4881943769422,"Male",3,0.55
28,"z0187739",23,23.407674007183,0.407674007182955,"Female",3,0.55
28,"z0045928",22,23.9645245847885,1.96452458478847,"Female",2,0.2
29,"z0018943",10,18.355476025947,8.35547602594698,"Female",3,0.55
29,"z0018944",10,14.3979996955947,4.39799969559472,"Male",3,0.55
29,"z0018945",22,28.3206268041918,6.32062680419175,"Female",3,0.55
29,"z0023316",6,8.00215153114624,2.00215153114624,"Male",4,0.75
29,"z0023317",25,23.6783942550312,-1.32160574496878,"Male",3,0.55
29,"z0023318",11,13.4749207730768,2.47492077307682,"Female",4,0.75
29,"z0023319",26,23.3211471335923,-2.67885286640767,"Male",4,0.75
29,"z0023321",11,12.7825727782413,1.78257277824132,"Female",3,0.55
29,"z0027453",6,12.7994070338364,6.79940703383643,"Female",3,0.55
29,"z0033888",6,9.23390205349112,3.23390205349112,"Female",3,0.55
29,"z0033898",10,17.0630268494332,7.06302684943319,"Male",3,0.55
29,"z0033906",15,18.0363613177005,3.03636131770055,"Male",5,1
29,"z0033908",6,24.4200910524201,18.4200910524201,"Male",5,1
29,"z0041286",28,22.0528492060532,-5.94715079394678,"Male",3,0.55
29,"z0045925",24,21.2891265952226,-2.71087340477738,"Male",4,0.75
29,"z0045931",7,2.28245879496517,-4.71754120503483,"Male",4,0.75
29,"z0049046",6,8.50695273462019,2.50695273462019,"Female",3,0.55
29,"z0049050",11,20.4488821491573,9.44888214915733,"Male",3,0.55
29,"z0049051",37,18.3136064729569,-18.6863935270431,"Female",4,0.75
29,"z0049052",34,24.267108516507,-9.732891483493,"Male",4,0.75
29,"z0061425",26,19.2955351268304,-6.70446487316962,"Male",4,0.75
29,"z0071016",8,8.33117716504147,0.331177165041465,"Male",3,0.55
29,"z0075660",18,20.5836468475613,2.5836468475613,"Male",4,0.75
29,"z0075663",18,24.9966022778305,6.99660227783046,"Male",3,0.55
29,"z0075665",27,22.5123289754724,-4.48767102452759,"Female",3,0.55
29,"z0075676",9,10.6860017996249,1.68600179962494,"Female",4,0.75
29,"z0075677",4,2.05479618141503,-1.94520381858497,"Female",5,1
29,"z0075678",7,15.2328879080842,8.23288790808422,"Female",4,0.75
29,"z0091082",7,7.81131823540074,0.811318235400744,"Female",3,0.55
29,"z0091085",19,15.6563232005016,-3.34367679949839,"Female",3,0.55
29,"z0091275",3,8.55910824350586,5.55910824350586,"Male",3,0.55
29,"z0091277",3,9.13502247343699,6.13502247343699,"Female",4,0.75
29,"z0091284",3,7.59387478415576,4.59387478415576,"Male",4,0.75
29,"z0091285",5,5.37424645853544,0.37424645853544,"Male",5,1
29,"z0091286",14,13.2120543750248,-0.787945624975219,"Male",4,0.75
29,"z0092243",19,17.875598710722,-1.12440128927798,"Female",4,0.75
29,"z0092256",5,7.37154459153785,2.37154459153785,"Male",5,1
29,"z0098734",23,18.6186885583511,-4.3813114416489,"Male",4,0.75
29,"z0098735",30,19.7837804700036,-10.2162195299964,"Male",4,0.75
29,"z0098736",15,4.65861500415353,-10.3413849958465,"Female",3,0.55
29,"z0098737",12,12.0306120344683,0.0306120344682732,"Female",5,1
29,"z0098738",19,18.0792579356403,-0.920742064359693,"Male",4,0.75
29,"z0098740",17,16.4120188287787,-0.58798117122133,"Female",4,0.75
29,"z0098745",7,10.9737979836011,3.97379798360111,"Male",4,0.75
29,"z0098746",32,22.4337519606522,-9.5662480393478,"Male",4,0.75
29,"z0102483",5,5.86698222027438,0.86698222027438,"Male",5,1
29,"z0102484",13,15.6115081000379,2.6115081000379,"Female",3,0.55
29,"z0102500",12,10.8016014633209,-1.19839853667913,"Male",4,0.75
29,"z0123188",24,28.302495566406,4.30249556640605,"Female",5,1
29,"z0132631",15,17.144994328583,2.144994328583,"Female",3,0.55
29,"z0132632",34,23.3024442999333,-10.6975557000667,"Female",4,0.75
29,"z0132634",12,17.3418500847107,5.34185008471071,"Female",4,0.75
29,"z0132639",29,23.052938885095,-5.94706111490504,"Female",3,0.55
29,"z0132641",21,17.9763292529033,-3.02367074709672,"Male",3,0.55
29,"z0132658",36,21.231747113262,-14.768252886738,"Male",4,0.75
29,"z0132659",27,23.6439237263308,-3.35607627366921,"Female",3,0.55
29,"z0132660",23,20.2854665248235,-2.71453347517649,"Male",4,0.75
29,"z0160208",21,26.9730876455282,5.97308764552822,"Female",5,1
29,"z0175867",9,16.7682705876395,7.76827058763955,"Female",4,0.75
29,"z0175874",20,14.8385828971081,-5.16141710289188,"Male",4,0.75
29,"z0175876",12,11.3758825965966,-0.624117403403373,"Male",5,1
29,"z0175877",32,23.1197749325503,-8.88022506744972,"Female",4,0.75
29,"z0178364",10,15.2650813130729,5.26508131307287,"Female",5,1
29,"z0183541",32,21.7682222513619,-10.2317777486381,"Male",4,0.75
29,"z0183543",4,3.643547068652,-0.356452931347999,"Male",5,1
29,"z0183544",11,9.70289259901385,-1.29710740098615,"Female",5,1
29,"z0186433",21,19.7055967276253,-1.29440327237471,"Male",5,1
29,"z0186434",22,20.0857597913303,-1.91424020866966,"Male",3,0.55
29,"z0186435",30,15.8476579435546,-14.1523420564454,"Male",3,0.55
29,"z0186450",4,4.39260714195748,0.39260714195748,"Male",3,0.55
29,"z0190863",11,10.2805622728931,-0.719437727106907,"Female",5,1
29,"z0190867",7,9.04561124166472,2.04561124166472,"Female",4,0.75
29,"z0196956",13,16.1817853464995,3.1817853464995,"Male",5,1
29,"z0198374",16,16.5371771305554,0.537177130555403,"Male",4,0.75
29,"z0198377",35,17.2924760799256,-17.7075239200744,"Female",3,0.55
29,"z0198473",25,22.2786195506329,-2.72138044936707,"Male",5,1
29,"z0198474",19,26.9964723320636,7.99647233206363,"Male",5,1
29,"z0198475",40,25.165792696517,-14.834207303483,"Male",3,0.55
29,"z0187739",23,24.3616030488215,1.36160304882149,"Female",3,0.55
30,"z0023316",6,7.27666573824863,1.27666573824863,"Male",4,0.75
30,"z0023318",11,12.4967695355516,1.49676953555161,"Female",4,0.75
30,"z0023319",26,24.3211595349436,-1.67884046505637,"Male",4,0.75
30,"z0033906",15,19.9762940034509,4.97629400345091,"Male",5,1
30,"z0033908",6,26.7611045720276,20.7611045720276,"Male",5,1
30,"z0045925",24,24.3854368320591,0.385436832059067,"Male",4,0.75
30,"z0045931",7,2.16462984738582,-4.83537015261418,"Male",4,0.75
30,"z0049051",37,18.2881174909631,-18.7118825090369,"Female",4,0.75
30,"z0049052",34,27.0171472640309,-6.98285273596908,"Male",4,0.75
30,"z0061425",26,18.916819186671,-7.08318081332904,"Male",4,0.75
30,"z0075660",18,20.7812294906866,2.78122949068662,"Male",4,0.75
30,"z0075676",9,11.5012054820347,2.50120548203468,"Female",4,0.75
30,"z0075677",4,4.77018478156305,0.770184781563055,"Female",5,1
30,"z0075678",7,10.6195938437183,3.61959384371833,"Female",4,0.75
30,"z0091277",3,7.7461435116271,4.7461435116271,"Female",4,0.75
30,"z0091284",3,2.96226465818422,-0.0377353418157771,"Male",4,0.75
30,"z0091285",5,8.28586708026527,3.28586708026527,"Male",5,1
30,"z0091286",14,14.3554780177548,0.355478017754827,"Male",4,0.75
30,"z0092243",19,19.8452399799279,0.845239979927893,"Female",4,0.75
30,"z0092256",5,7.43055915167195,2.43055915167195,"Male",5,1
30,"z0098734",23,20.7418905826361,-2.25810941736392,"Male",4,0.75
30,"z0098735",30,19.724862914719,-10.275137085281,"Male",4,0.75
30,"z0098737",12,11.7357006127591,-0.264299387240889,"Female",5,1
30,"z0098738",19,16.825402810205,-2.17459718979504,"Male",4,0.75
30,"z0098740",17,17.6260949906687,0.62609499066869,"Female",4,0.75
30,"z0098745",7,13.2414135226711,6.24141352267108,"Male",4,0.75
30,"z0098746",32,23.50797756603,-8.49202243397001,"Male",4,0.75
30,"z0102483",5,8.31623844310283,3.31623844310283,"Male",5,1
30,"z0102500",12,9.03947593274259,-2.96052406725741,"Male",4,0.75
30,"z0123188",24,26.5114500675614,2.51145006756143,"Female",5,1
30,"z0132632",34,25.1854933339854,-8.81450666601457,"Female",4,0.75
30,"z0132634",12,17.7278516184729,5.72785161847293,"Female",4,0.75
30,"z0132658",36,24.3379704351913,-11.6620295648087,"Male",4,0.75
30,"z0132660",23,20.4281880468041,-2.57181195319589,"Male",4,0.75
30,"z0160208",21,27.7406589989263,6.74065899892634,"Female",5,1
30,"z0175867",9,13.8767602786141,4.87676027861413,"Female",4,0.75
30,"z0175874",20,16.8548614922203,-3.14513850777972,"Male",4,0.75
30,"z0175876",12,17.8055934440819,5.80559344408189,"Male",5,1
30,"z0175877",32,26.8809001895211,-5.1190998104789,"Female",4,0.75
30,"z0178364",10,16.5853423115869,6.58534231158692,"Female",5,1
30,"z0183541",32,22.7000481753632,-9.2999518246368,"Male",4,0.75
30,"z0183543",4,2.45561803453232,-1.54438196546768,"Male",5,1
30,"z0183544",11,9.08289523428326,-1.91710476571674,"Female",5,1
30,"z0186433",21,18.991261078283,-2.00873892171696,"Male",5,1
30,"z0190863",11,12.3270372878881,1.32703728788811,"Female",5,1
30,"z0190867",7,9.96641864692443,2.96641864692443,"Female",4,0.75
30,"z0196956",13,13.5755524779027,0.575552477902677,"Male",5,1
30,"z0198374",16,17.997366927926,1.99736692792601,"Male",4,0.75
30,"z0198473",25,21.3051059768049,-3.69489402319509,"Male",5,1
30,"z0198474",19,27.3518827111992,8.35188271119916,"Male",5,1
31,"z0018943",10,15.5376774130833,5.53767741308335,"Female",3,0.55
31,"z0018944",10,14.1564844414637,4.15648444146366,"Male",3,0.55
31,"z0018945",22,25.1229623376212,3.12296233762121,"Female",3,0.55
31,"z0023316",6,10.1309298279312,4.13092982793125,"Male",4,0.75
31,"z0023317",25,23.9814356791543,-1.01856432084566,"Male",3,0.55
31,"z0023318",11,12.1230286164811,1.12302861648106,"Female",4,0.75
31,"z0023319",26,23.9989221817836,-2.0010778182164,"Male",4,0.75
31,"z0023321",11,13.6993810561476,2.69938105614764,"Female",3,0.55
31,"z0027453",6,13.1789322526664,7.17893225266645,"Female",3,0.55
31,"z0027455",10,8.43712000920554,-1.56287999079446,"Female",2,0.2
31,"z0033888",6,6.14576123682049,0.145761236820485,"Female",3,0.55
31,"z0033893",15,17.6343471718673,2.63434717186729,"Male",2,0.2
31,"z0033898",10,17.3170056018821,7.31700560188205,"Male",3,0.55
31,"z0033906",15,12.9835550058062,-2.01644499419377,"Male",5,1
31,"z0033908",6,21.3319895686284,15.3319895686284,"Male",5,1
31,"z0041286",28,20.8686220305932,-7.13137796940677,"Male",3,0.55
31,"z0045921",10,21.1554865442089,11.1554865442089,"Female",2,0.2
31,"z0045925",24,20.4378790618513,-3.56212093814866,"Male",4,0.75
31,"z0045931",7,5.35832599912266,-1.64167400087734,"Male",4,0.75
31,"z0049046",6,10.8354785637465,4.83547856374653,"Female",3,0.55
31,"z0049048",11,15.8855531263138,4.88555312631385,"Male",2,0.2
31,"z0049050",11,20.942718602715,9.94271860271503,"Male",3,0.55
31,"z0049051",37,19.5976727775971,-17.4023272224029,"Female",4,0.75
31,"z0049052",34,22.3499604964134,-11.6500395035866,"Male",4,0.75
31,"z0061425",26,18.5108518641671,-7.48914813583288,"Male",4,0.75
31,"z0071016",8,8.86843396973013,0.868433969730127,"Male",3,0.55
31,"z0075660",18,20.0530941578952,2.05309415789516,"Male",4,0.75
31,"z0075663",18,23.8940306875019,5.89403068750191,"Male",3,0.55
31,"z0075665",27,20.7326727562157,-6.26732724378432,"Female",3,0.55
31,"z0075676",9,12.9540147413702,3.95401474137018,"Female",4,0.75
31,"z0075677",4,7.55412514324643,3.55412514324643,"Female",5,1
31,"z0075678",7,14.5304715397165,7.53047153971653,"Female",4,0.75
31,"z0091082",7,6.88898792134199,-0.111012078658009,"Female",3,0.55
31,"z0091085",19,15.7984714735424,-3.20152852645765,"Female",3,0.55
31,"z0091275",3,12.1271844848651,9.12718448486505,"Male",3,0.55
31,"z0091276",10,20.1185721763465,10.1185721763465,"Female",2,0.2
31,"z0091277",3,11.5541202069811,8.55412020698115,"Female",4,0.75
31,"z0091284",3,7.4804368374629,4.4804368374629,"Male",4,0.75
31,"z0091285",5,7.09543902288975,2.09543902288975,"Male",5,1
31,"z0091286",14,12.3259056611073,-1.67409433889267,"Male",4,0.75
31,"z0092243",19,16.7767635097463,-2.22323649025374,"Female",4,0.75
31,"z0092256",5,9.3711223477489,4.3711223477489,"Male",5,1
31,"z0098734",23,19.7245435118204,-3.27545648817957,"Male",4,0.75
31,"z0098735",30,21.9814226391471,-8.01857736085294,"Male",4,0.75
31,"z0098736",15,8.77655263898707,-6.22344736101293,"Female",3,0.55
31,"z0098737",12,13.5228554532877,1.52285545328768,"Female",5,1
31,"z0098738",19,16.8557220227292,-2.14427797727082,"Male",4,0.75
31,"z0098740",17,15.8802185595561,-1.11978144044387,"Female",4,0.75
31,"z0098744",6,12.9947500071157,6.9947500071157,"Male",2,0.2
31,"z0098745",7,9.70183807354877,2.70183807354877,"Male",4,0.75
31,"z0098746",32,16.5285076130705,-15.4714923869295,"Male",4,0.75
31,"z0102483",5,5.72831233322315,0.728312333223146,"Male",5,1
31,"z0102484",13,15.6348241136598,2.6348241136598,"Female",3,0.55
31,"z0102485",21,25.6239264021159,4.62392640211588,"Male",2,0.2
31,"z0102500",12,11.6995614603771,-0.300438539622856,"Male",4,0.75
31,"z0123188",24,28.7565008330701,4.75650083307006,"Female",5,1
31,"z0132631",15,17.9995426468345,2.99954264683453,"Female",3,0.55
31,"z0132632",34,23.9377671922442,-10.0622328077558,"Female",4,0.75
31,"z0132634",12,17.3514525313354,5.35145253133541,"Female",4,0.75
31,"z0132639",29,22.2852690957379,-6.71473090426212,"Female",3,0.55
31,"z0132641",21,19.419533923953,-1.58046607604702,"Male",3,0.55
31,"z0132642",11,11.1100067517554,0.110006751755412,"Female",2,0.2
31,"z0132658",36,21.0867630201474,-14.9132369798526,"Male",4,0.75
31,"z0132659",27,23.5082724706278,-3.49172752937216,"Female",3,0.55
31,"z0132660",23,20.0478043422844,-2.95219565771556,"Male",4,0.75
31,"z0160208",21,25.2641092411625,4.26410924116247,"Female",5,1
31,"z0175867",9,18.4756329180904,9.47563291809042,"Female",4,0.75
31,"z0175874",20,13.9594737178351,-6.04052628216491,"Male",4,0.75
31,"z0175876",12,10.7803801628026,-1.21961983719741,"Male",5,1
31,"z0175877",32,22.2873220398215,-9.71267796017852,"Female",4,0.75
31,"z0178364",10,14.8109033938187,4.81090339381873,"Female",5,1
31,"z0183541",32,21.2535094972896,-10.7464905027104,"Male",4,0.75
31,"z0183543",4,5.35150452886319,1.35150452886319,"Male",5,1
31,"z0183544",11,9.21633156461698,-1.78366843538302,"Female",5,1
31,"z0186431",8,12.2312058906951,4.23120589069505,"Male",2,0.2
31,"z0186433",21,17.6081641474981,-3.39183585250194,"Male",5,1
31,"z0186434",22,19.1343095299205,-2.86569047007951,"Male",3,0.55
31,"z0186435",30,17.5058236712996,-12.4941763287004,"Male",3,0.55
31,"z0186450",4,9.56793529136617,5.56793529136617,"Male",3,0.55
31,"z0190863",11,12.4128598426458,1.41285984264581,"Female",5,1
31,"z0190867",7,10.6634055267146,3.66340552671462,"Female",4,0.75
31,"z0196956",13,17.3159406512228,4.31594065122278,"Male",5,1
31,"z0198374",16,16.422288048619,0.422288048619034,"Male",4,0.75
31,"z0198377",35,19.7778787320163,-15.2221212679837,"Female",3,0.55
31,"z0198473",25,23.1259336273125,-1.87406637268749,"Male",5,1
31,"z0198474",19,29.4930009421787,10.4930009421787,"Male",5,1
31,"z0198475",40,22.6318653297147,-17.3681346702853,"Male",3,0.55
31,"z0187739",23,22.7443387507662,-0.255661249233846,"Female",3,0.55
31,"z0045928",22,24.2743626221146,2.27436262211461,"Female",2,0.2
32,"z0018943",10,18.1527068056813,8.15270680568134,"Female",3,0.55
32,"z0018944",10,14.2965316144056,4.29653161440556,"Male",3,0.55
32,"z0018945",22,28.4004500776045,6.4004500776045,"Female",3,0.55
32,"z0023316",6,7.18464942741323,1.18464942741323,"Male",4,0.75
32,"z0023317",25,23.4406296394469,-1.55937036055312,"Male",3,0.55
32,"z0023318",11,13.4982944580403,2.49829445804032,"Female",4,0.75
32,"z0023319",26,22.5243676885656,-3.47563231143443,"Male",4,0.75
32,"z0023321",11,11.9808993669088,0.98089936690878,"Female",3,0.55
32,"z0027453",6,13.0283393849853,7.02833938498529,"Female",3,0.55
32,"z0033888",6,10.3560437874775,4.35604378747747,"Female",3,0.55
32,"z0033898",10,17.3361898296601,7.33618982966006,"Male",3,0.55
32,"z0033906",15,20.2299702936478,5.22997029364776,"Male",5,1
32,"z0033908",6,25.5203758699377,19.5203758699377,"Male",5,1
32,"z0041286",28,22.8586325125663,-5.14136748743373,"Male",3,0.55
32,"z0045925",24,21.9780500222612,-2.0219499777388,"Male",4,0.75
32,"z0045931",7,1.84796251326979,-5.15203748673021,"Male",4,0.75
32,"z0049046",6,8.40959121987532,2.40959121987532,"Female",3,0.55
32,"z0049050",11,20.3690836045004,9.36908360450045,"Male",3,0.55
32,"z0049051",37,18.5900233490794,-18.4099766509206,"Female",4,0.75
32,"z0049052",34,24.4465754028221,-9.55342459717787,"Male",4,0.75
32,"z0061425",26,19.1302480051667,-6.86975199483326,"Male",4,0.75
32,"z0071016",8,8.37070123165732,0.370701231657321,"Male",3,0.55
32,"z0075660",18,20.2145675461476,2.21456754614764,"Male",4,0.75
32,"z0075663",18,24.9681831965173,6.96818319651727,"Male",3,0.55
32,"z0075665",27,23.1996645465998,-3.80033545340022,"Female",3,0.55
32,"z0075676",9,10.6442655565461,1.64426555654605,"Female",4,0.75
32,"z0075677",4,0.406778595209648,-3.59322140479035,"Female",5,1
32,"z0075678",7,15.6350577749005,8.63505777490048,"Female",4,0.75
32,"z0091082",7,7.85334951291983,0.853349512919831,"Female",3,0.55
32,"z0091085",19,16.3074347353193,-2.69256526468074,"Female",3,0.55
32,"z0091275",3,8.20609715738031,5.20609715738031,"Male",3,0.55
32,"z0091277",3,8.78221561875066,5.78221561875066,"Female",4,0.75
32,"z0091284",3,7.37008640414929,4.37008640414929,"Male",4,0.75
32,"z0091285",5,5.26682401236085,0.266824012360853,"Male",5,1
32,"z0091286",14,13.6722210541031,-0.327778945896943,"Male",4,0.75
32,"z0092243",19,18.1632731276586,-0.836726872341437,"Female",4,0.75
32,"z0092256",5,6.94568765233526,1.94568765233526,"Male",5,1
32,"z0098734",23,18.4936110142161,-4.50638898578388,"Male",4,0.75
32,"z0098735",30,19.801402091204,-10.198597908796,"Male",4,0.75
32,"z0098736",15,3.47402830909383,-11.5259716909062,"Female",3,0.55
32,"z0098737",12,11.8316630495537,-0.168336950446305,"Female",5,1
32,"z0098738",19,18.2246397686734,-0.775360231326601,"Male",4,0.75
32,"z0098740",17,16.5205559387201,-0.479444061279871,"Female",4,0.75
32,"z0098745",7,10.7536116969131,3.75361169691314,"Male",4,0.75
32,"z0098746",32,24.532095797421,-7.46790420257895,"Male",4,0.75
32,"z0102483",5,6.39545866332336,1.39545866332336,"Male",5,1
32,"z0102484",13,15.5717059973649,2.57170599736495,"Female",3,0.55
32,"z0102500",12,10.1644952901895,-1.83550470981053,"Male",4,0.75
32,"z0123188",24,28.616209459854,4.61620945985399,"Female",5,1
32,"z0132631",15,16.6405125060852,1.64051250608517,"Female",3,0.55
32,"z0132632",34,23.7049370132019,-10.2950629867981,"Female",4,0.75
32,"z0132634",12,17.5200156255191,5.52001562551915,"Female",4,0.75
32,"z0132639",29,23.4961928601039,-5.50380713989614,"Female",3,0.55
32,"z0132641",21,17.26080916065,-3.73919083935004,"Male",3,0.55
32,"z0132658",36,21.2040041232181,-14.7959958767819,"Male",4,0.75
32,"z0132659",27,23.8163151296999,-3.18368487030006,"Female",3,0.55
32,"z0132660",23,19.9738027825872,-3.02619721741277,"Male",4,0.75
32,"z0160208",21,26.9699933838168,5.96999338381683,"Female",5,1
32,"z0175867",9,15.3083067460893,6.30830674608934,"Female",4,0.75
32,"z0175874",20,15.4439826057343,-4.55601739426573,"Male",4,0.75
32,"z0175876",12,12.2640795115814,0.264079511581365,"Male",5,1
32,"z0175877",32,23.9116516362577,-8.08834836374227,"Female",4,0.75
32,"z0178364",10,15.2665558564152,5.26655585641524,"Female",5,1
32,"z0183541",32,21.743250034037,-10.256749965963,"Male",4,0.75
32,"z0183543",4,3.30197939032999,-0.698020609670014,"Male",5,1
32,"z0183544",11,9.4343875294852,-1.5656124705148,"Female",5,1
32,"z0186433",21,20.12616332923,-0.87383667076999,"Male",5,1
32,"z0186434",22,20.4481762726164,-1.55182372738361,"Male",3,0.55
32,"z0186435",30,15.4128740786089,-14.5871259213911,"Male",3,0.55
32,"z0186450",4,3.04385549523893,-0.95614450476107,"Male",3,0.55
32,"z0190863",11,10.4684759524788,-0.531524047521163,"Female",5,1
32,"z0190867",7,8.54659666118425,1.54659666118425,"Female",4,0.75
32,"z0196956",13,16.6920467031541,3.69204670315414,"Male",5,1
32,"z0198374",16,17.0795206987257,1.07952069872573,"Male",4,0.75
32,"z0198377",35,16.6978304271972,-18.3021695728028,"Female",3,0.55
32,"z0198473",25,21.8785779051515,-3.1214220948485,"Male",5,1
32,"z0198474",19,27.1252374876171,8.12523748761715,"Male",5,1
32,"z0198475",40,25.7567205680928,-14.2432794319072,"Male",3,0.55
32,"z0187739",23,24.8747512323491,1.87475123234911,"Female",3,0.55
33,"z0023316",6,7.95201859167401,1.95201859167401,"Male",4,0.75
33,"z0023318",11,12.1269906449798,1.12699064497978,"Female",4,0.75
33,"z0023319",26,24.8311739166177,-1.16882608338233,"Male",4,0.75
33,"z0033906",15,18.761883065654,3.76188306565397,"Male",5,1
33,"z0033908",6,26.8374665688998,20.8374665688998,"Male",5,1
33,"z0045925",24,24.6230683361617,0.623068336161658,"Male",4,0.75
33,"z0045931",7,1.86985276713713,-5.13014723286287,"Male",4,0.75
33,"z0049051",37,18.1711070625731,-18.8288929374269,"Female",4,0.75
33,"z0049052",34,27.9504470108399,-6.04955298916007,"Male",4,0.75
33,"z0061425",26,19.4067033040578,-6.59329669594224,"Male",4,0.75
33,"z0075660",18,21.6000035853014,3.60000358530137,"Male",4,0.75
33,"z0075676",9,11.8398673189813,2.83986731898133,"Female",4,0.75
33,"z0075677",4,4.43030948736964,0.430309487369641,"Female",5,1
33,"z0075678",7,10.7074413901333,3.70744139013332,"Female",4,0.75
33,"z0091277",3,8.04322344868886,5.04322344868886,"Female",4,0.75
33,"z0091284",3,2.70780708698963,-0.29219291301037,"Male",4,0.75
33,"z0091285",5,8.12600011181135,3.12600011181135,"Male",5,1
33,"z0091286",14,14.1060979872432,0.106097987243245,"Male",4,0.75
33,"z0092243",19,20.3971500723574,1.39715007235738,"Female",4,0.75
33,"z0092256",5,7.65014275746798,2.65014275746798,"Male",5,1
33,"z0098734",23,21.1940236794285,-1.80597632057148,"Male",4,0.75
33,"z0098735",30,20.2415711823621,-9.75842881763789,"Male",4,0.75
33,"z0098737",12,11.9045249854215,-0.0954750145784669,"Female",5,1
33,"z0098738",19,16.777776532338,-2.22222346766197,"Male",4,0.75
33,"z0098740",17,17.4789710636076,0.478971063607588,"Female",4,0.75
33,"z0098745",7,13.4831276577471,6.48312765774711,"Male",4,0.75
33,"z0098746",32,23.0370748084365,-8.9629251915635,"Male",4,0.75
33,"z0102483",5,7.74201309028419,2.74201309028419,"Male",5,1
33,"z0102500",12,9.12390563048658,-2.87609436951342,"Male",4,0.75
33,"z0123188",24,26.3206667306491,2.32066673064914,"Female",5,1
33,"z0132632",34,25.0965195336345,-8.90348046636549,"Female",4,0.75
33,"z0132634",12,17.966808868184,5.96680886818396,"Female",4,0.75
33,"z0132658",36,24.693041604941,-11.306958395059,"Male",4,0.75
33,"z0132660",23,20.1968332994751,-2.80316670052487,"Male",4,0.75
33,"z0160208",21,27.9031433634243,6.90314336342431,"Female",5,1
33,"z0175867",9,14.6366642087008,5.63666420870084,"Female",4,0.75
33,"z0175874",20,17.0932817762549,-2.90671822374514,"Male",4,0.75
33,"z0175876",12,17.9916853499099,5.99168534990986,"Male",5,1
33,"z0175877",32,27.0941111416566,-4.90588885834338,"Female",4,0.75
33,"z0178364",10,16.4693796047595,6.46937960475952,"Female",5,1
33,"z0183541",32,23.2429640572207,-8.75703594277928,"Male",4,0.75
33,"z0183543",4,2.49043356879941,-1.50956643120059,"Male",5,1
33,"z0183544",11,8.75455988825886,-2.24544011174114,"Female",5,1
33,"z0186433",21,17.9180020771382,-3.08199792286184,"Male",5,1
33,"z0190863",11,12.2670626609019,1.2670626609019,"Female",5,1
33,"z0190867",7,10.0927067806328,3.09270678063281,"Female",4,0.75
33,"z0196956",13,13.8190049695052,0.819004969505198,"Male",5,1
33,"z0198374",16,17.9435042606632,1.94350426066319,"Male",4,0.75
33,"z0198473",25,21.2459539352085,-3.7540460647915,"Male",5,1
33,"z0198474",19,27.6148305313356,8.61483053133563,"Male",5,1
34,"z0018943",10,15.649064473316,5.649064473316,"Female",3,0.55
34,"z0018944",10,14.0845698837463,4.08456988374627,"Male",3,0.55
34,"z0018945",22,25.6007086213831,3.60070862138311,"Female",3,0.55
34,"z0023316",6,9.29822793046907,3.29822793046907,"Male",4,0.75
34,"z0023317",25,25.2853851691355,0.285385169135466,"Male",3,0.55
34,"z0023318",11,11.3458056622475,0.345805662247512,"Female",4,0.75
34,"z0023319",26,23.8842230578966,-2.11577694210337,"Male",4,0.75
34,"z0023321",11,13.1645738982417,2.16457389824165,"Female",3,0.55
34,"z0027453",6,12.9527395406335,6.95273954063352,"Female",3,0.55
34,"z0027455",10,8.18484542927642,-1.81515457072358,"Female",2,0.2
34,"z0033888",6,6.07148504647599,0.0714850464759937,"Female",3,0.55
34,"z0033893",15,18.039501052649,3.03950105264896,"Male",2,0.2
34,"z0033898",10,18.0027534912892,8.0027534912892,"Male",3,0.55
34,"z0033906",15,12.2560540956947,-2.74394590430534,"Male",5,1
34,"z0033908",6,22.2134424490449,16.2134424490449,"Male",5,1
34,"z0041286",28,21.6789200386884,-6.32107996131157,"Male",3,0.55
34,"z0045921",10,20.8869977079537,10.8869977079537,"Female",2,0.2
34,"z0045925",24,20.984034506609,-3.01596549339096,"Male",4,0.75
34,"z0045931",7,4.34674951366562,-2.65325048633438,"Male",4,0.75
34,"z0049046",6,10.2051713856706,4.20517138567061,"Female",3,0.55
34,"z0049048",11,15.6956853801345,4.69568538013455,"Male",2,0.2
34,"z0049050",11,21.2614394067458,10.2614394067458,"Male",3,0.55
34,"z0049051",37,20.0949407140455,-16.9050592859545,"Female",4,0.75
34,"z0049052",34,22.4702288180261,-11.5297711819739,"Male",4,0.75
34,"z0061425",26,18.3299332466989,-7.67006675330113,"Male",4,0.75
34,"z0071016",8,7.9053528728117,-0.0946471271882974,"Male",3,0.55
34,"z0075660",18,20.049985601859,2.04998560185898,"Male",4,0.75
34,"z0075663",18,23.9427961226083,5.94279612260831,"Male",3,0.55
34,"z0075665",27,21.5957527738579,-5.40424722614209,"Female",3,0.55
34,"z0075676",9,13.2523997082519,4.25239970825191,"Female",4,0.75
34,"z0075677",4,5.71209644084,1.71209644084,"Female",5,1
34,"z0075678",7,14.487480329808,7.48748032980798,"Female",4,0.75
34,"z0091082",7,5.90922802088635,-1.09077197911365,"Female",3,0.55
34,"z0091085",19,16.1059850823952,-2.89401491760481,"Female",3,0.55
34,"z0091275",3,11.9892695213257,8.98926952132572,"Male",3,0.55
34,"z0091276",10,22.3628763720187,12.3628763720187,"Female",2,0.2
34,"z0091277",3,11.2866346231068,8.28663462310682,"Female",4,0.75
34,"z0091284",3,6.75295083385314,3.75295083385314,"Male",4,0.75
34,"z0091285",5,5.68552094513406,0.685520945134062,"Male",5,1
34,"z0091286",14,11.8496014008757,-2.15039859912432,"Male",4,0.75
34,"z0092243",19,17.2995770055954,-1.7004229944046,"Female",4,0.75
34,"z0092256",5,8.59286870706454,3.59286870706454,"Male",5,1
34,"z0098734",23,19.9836424760424,-3.01635752395756,"Male",4,0.75
34,"z0098735",30,22.0606557980042,-7.9393442019958,"Male",4,0.75
34,"z0098736",15,7.49741443790874,-7.50258556209126,"Female",3,0.55
34,"z0098737",12,13.12903900507,1.12903900507004,"Female",5,1
34,"z0098738",19,16.6230122781687,-2.37698772183126,"Male",4,0.75
34,"z0098740",17,15.575100894449,-1.42489910555097,"Female",4,0.75
34,"z0098744",6,12.9082690809505,6.90826908095049,"Male",2,0.2
34,"z0098745",7,9.08079811398219,2.08079811398219,"Male",4,0.75
34,"z0098746",32,16.5696842834939,-15.4303157165061,"Male",4,0.75
34,"z0102483",5,4.74122187769774,-0.258778122302262,"Male",5,1
34,"z0102484",13,15.5173476244007,2.51734762440068,"Female",3,0.55
34,"z0102485",21,26.1728796125591,5.17287961255905,"Male",2,0.2
34,"z0102500",12,10.83698369989,-1.16301630011004,"Male",4,0.75
34,"z0123188",24,30.0449578083934,6.04495780839344,"Female",5,1
34,"z0132631",15,17.5828845226451,2.58288452264509,"Female",3,0.55
34,"z0132632",34,24.3876681422506,-9.61233185774938,"Female",4,0.75
34,"z0132634",12,17.8580351236671,5.85803512366713,"Female",4,0.75
34,"z0132639",29,22.6676399902743,-6.33236000972569,"Female",3,0.55
34,"z0132641",21,19.0983620121861,-1.90163798781389,"Male",3,0.55
34,"z0132642",11,10.4371005527706,-0.562899447229366,"Female",2,0.2
34,"z0132658",36,20.9457126835925,-15.0542873164075,"Male",4,0.75
34,"z0132659",27,23.4604798517687,-3.53952014823133,"Female",3,0.55
34,"z0132660",23,19.9465538282335,-3.05344617176646,"Male",4,0.75
34,"z0160208",21,25.8522030522107,4.85220305221075,"Female",5,1
34,"z0175867",9,18.87268663228,9.87268663227998,"Female",4,0.75
34,"z0175874",20,13.9176275547136,-6.08237244528644,"Male",4,0.75
34,"z0175876",12,10.5460597251602,-1.45394027483975,"Male",5,1
34,"z0175877",32,22.4418198904883,-9.55818010951169,"Female",4,0.75
34,"z0178364",10,14.4705701793577,4.47057017935772,"Female",5,1
34,"z0183541",32,21.9706251911732,-10.0293748088268,"Male",4,0.75
34,"z0183543",4,3.36656660875769,-0.633433391242312,"Male",5,1
34,"z0183544",11,9.01548907888196,-1.98451092111804,"Female",5,1
34,"z0186431",8,11.9102397928113,3.91023979281132,"Male",2,0.2
34,"z0186433",21,17.2696656172362,-3.73033438276377,"Male",5,1
34,"z0186434",22,18.9085183268375,-3.09148167316254,"Male",3,0.55
34,"z0186435",30,17.7505905991612,-12.2494094008388,"Male",3,0.55
34,"z0186450",4,8.40384310137516,4.40384310137516,"Male",3,0.55
34,"z0190863",11,12.5339777229363,1.53397772293633,"Female",5,1
34,"z0190867",7,10.6866897997397,3.68668979973965,"Female",4,0.75
34,"z0196956",13,17.9073766041383,4.90737660413834,"Male",5,1
34,"z0198374",16,16.608219007755,0.608219007754954,"Male",4,0.75
34,"z0198377",35,20.2171590665768,-14.7828409334232,"Female",3,0.55
34,"z0198473",25,23.3080318683679,-1.69196813163211,"Male",5,1
34,"z0198474",19,30.2277628840732,11.2277628840732,"Male",5,1
34,"z0198475",40,22.5118056230578,-17.4881943769422,"Male",3,0.55
34,"z0187739",23,23.407674007183,0.407674007182955,"Female",3,0.55
34,"z0045928",22,23.9645245847885,1.96452458478847,"Female",2,0.2
35,"z0018943",10,19.1575620220524,9.15756202205238,"Female",3,0.55
35,"z0018944",10,14.3215656810291,4.32156568102906,"Male",3,0.55
35,"z0018945",22,28.1445885361473,6.14458853614735,"Female",3,0.55
35,"z0023316",6,10.6206971697891,4.62069716978915,"Male",4,0.75
35,"z0023317",25,25.7900171831447,0.790017183144712,"Male",3,0.55
35,"z0023318",11,12.1679057941395,1.16790579413951,"Female",4,0.75
35,"z0023319",26,25.6639690783842,-0.336030921615787,"Male",4,0.75
35,"z0023321",11,13.7067168032983,2.70671680329835,"Female",3,0.55
35,"z0027453",6,13.6815938952534,7.68159389525337,"Female",3,0.55
35,"z0033888",6,6.64734869271772,0.647348692717722,"Female",3,0.55
35,"z0033898",10,18.2669819445953,8.26698194459533,"Male",3,0.55
35,"z0033906",15,12.9613268814817,-2.03867311851831,"Male",5,1
35,"z0033908",6,22.7460353842707,16.7460353842707,"Male",5,1
35,"z0041286",28,22.4785556349091,-5.52144436509094,"Male",3,0.55
35,"z0045925",24,21.6744681728163,-2.32553182718372,"Male",4,0.75
35,"z0045931",7,4.01495159406037,-2.98504840593963,"Male",4,0.75
35,"z0049046",6,9.82925846048369,3.82925846048369,"Female",3,0.55
35,"z0049050",11,22.8715016041654,11.8715016041654,"Male",3,0.55
35,"z0049051",37,20.0082057055125,-16.9917942944875,"Female",4,0.75
35,"z0049052",34,23.1443150371455,-10.8556849628545,"Male",4,0.75
35,"z0061425",26,18.3120497886834,-7.68795021131655,"Male",4,0.75
35,"z0071016",8,8.84361250354687,0.84361250354687,"Male",3,0.55
35,"z0075660",18,21.1256344426638,3.12563444266375,"Male",4,0.75
35,"z0075663",18,24.4453984076817,6.44539840768172,"Male",3,0.55
35,"z0075665",27,23.0551398193841,-3.94486018061592,"Female",3,0.55
35,"z0075676",9,13.0365450628551,4.03654506285514,"Female",4,0.75
35,"z0075677",4,5.7328653108143,1.7328653108143,"Female",5,1
35,"z0075678",7,14.6029294254886,7.60292942548857,"Female",4,0.75
35,"z0091082",7,7.76519704112889,0.765197041128888,"Female",3,0.55
35,"z0091085",19,16.9059102280694,-2.09408977193059,"Female",3,0.55
35,"z0091275",3,11.61173316378,8.61173316377998,"Male",3,0.55
35,"z0091277",3,11.6369667688341,8.63696676883411,"Female",4,0.75
35,"z0091284",3,7.95353374829782,4.95353374829782,"Male",4,0.75
35,"z0091285",5,6.24046955610466,1.24046955610466,"Male",5,1
35,"z0091286",14,12.8403057293705,-1.15969427062945,"Male",4,0.75
35,"z0092243",19,18.4378463208379,-0.562153679162101,"Female",4,0.75
35,"z0092256",5,8.8228723260702,3.8228723260702,"Male",5,1
35,"z0098734",23,20.3840049261546,-2.61599507384537,"Male",4,0.75
35,"z0098735",30,22.3370009284176,-7.66299907158239,"Male",4,0.75
35,"z0098736",15,7.23951335478872,-7.76048664521128,"Female",3,0.55
35,"z0098737",12,12.7257896535567,0.72578965355671,"Female",5,1
35,"z0098738",19,17.0834730515542,-1.91652694844578,"Male",4,0.75
35,"z0098740",17,15.6541787655701,-1.34582123442986,"Female",4,0.75
35,"z0098745",7,10.6670066310184,3.66700663101843,"Male",4,0.75
35,"z0098746",32,18.715886529098,-13.284113470902,"Male",4,0.75
35,"z0102483",5,4.80773115369329,-0.192268846306709,"Male",5,1
35,"z0102484",13,16.495589896918,3.495589896918,"Female",3,0.55
35,"z0102500",12,10.8267888417057,-1.17321115829433,"Male",4,0.75
35,"z0123188",24,30.0151546000848,6.0151546000848,"Female",5,1
35,"z0132631",15,18.3098413010358,3.3098413010358,"Female",3,0.55
35,"z0132632",34,24.3464503437245,-9.65354965627548,"Female",4,0.75
35,"z0132634",12,18.5275324072523,6.52753240725233,"Female",4,0.75
35,"z0132639",29,22.8134002618217,-6.1865997381783,"Female",3,0.55
35,"z0132641",21,19.5158608324689,-1.48413916753108,"Male",3,0.55
35,"z0132658",36,22.1982081240435,-13.8017918759565,"Male",4,0.75
35,"z0132659",27,24.9106420224318,-2.08935797756821,"Female",3,0.55
35,"z0132660",23,19.4983405185272,-3.50165948147284,"Male",4,0.75
35,"z0160208",21,26.6397637105519,5.63976371055186,"Female",5,1
35,"z0175867",9,18.988575232813,9.98857523281301,"Female",4,0.75
35,"z0175874",20,14.9145204106062,-5.08547958939376,"Male",4,0.75
35,"z0175876",12,11.1979663902515,-0.802033609748538,"Male",5,1
35,"z0175877",32,23.3097769699152,-8.69022303008479,"Female",4,0.75
35,"z0178364",10,14.7955011134327,4.79550111343269,"Female",5,1
35,"z0183541",32,22.9022453039555,-9.09775469604445,"Male",4,0.75
35,"z0183543",4,5.2387796272163,1.2387796272163,"Male",5,1
35,"z0183544",11,9.50396859509189,-1.49603140490811,"Female",5,1
35,"z0186433",21,18.2006640066507,-2.79933599334927,"Male",5,1
35,"z0186434",22,19.1107275016344,-2.88927249836565,"Male",3,0.55
35,"z0186435",30,17.6575312006993,-12.3424687993007,"Male",3,0.55
35,"z0186450",4,8.7321908418152,4.7321908418152,"Male",3,0.55
35,"z0190863",11,11.8128558171976,0.812855817197576,"Female",5,1
35,"z0190867",7,10.6359639329204,3.63596393292043,"Female",4,0.75
35,"z0196956",13,17.7941820453804,4.79418204538042,"Male",5,1
35,"z0198374",16,17.0030667139177,1.00306671391765,"Male",4,0.75
35,"z0198377",35,21.5884068620368,-13.4115931379632,"Female",3,0.55
35,"z0198473",25,24.2524988004895,-0.747501199510509,"Male",5,1
35,"z0198474",19,29.9299439874019,10.9299439874019,"Male",5,1
35,"z0198475",40,23.4118428162567,-16.5881571837433,"Male",3,0.55
35,"z0187739",23,25.3268207200945,2.32682072009445,"Female",3,0.55
36,"z0023316",6,7.57423577862936,1.57423577862936,"Male",4,0.75
36,"z0023318",11,12.2968304096727,1.2968304096727,"Female",4,0.75
36,"z0023319",26,24.5543744353321,-1.44562556466793,"Male",4,0.75
36,"z0033906",15,19.6886794028576,4.68867940285759,"Male",5,1
36,"z0033908",6,26.9593880053343,20.9593880053343,"Male",5,1
36,"z0045925",24,24.7726393598521,0.772639359852079,"Male",4,0.75
36,"z0045931",7,1.89426719251013,-5.10573280748987,"Male",4,0.75
36,"z0049051",37,18.1686529233704,-18.8313470766296,"Female",4,0.75
36,"z0049052",34,28.2572332731553,-5.7427667268447,"Male",4,0.75
36,"z0061425",26,19.3530380717305,-6.64696192826949,"Male",4,0.75
36,"z0075660",18,20.9984046821714,2.99840468217135,"Male",4,0.75
36,"z0075676",9,11.5949965469457,2.59499654694566,"Female",4,0.75
36,"z0075677",4,5.24868715765862,1.24868715765862,"Female",5,1
36,"z0075678",7,10.5882076221584,3.58820762215836,"Female",4,0.75
36,"z0091277",3,7.96772152622456,4.96772152622456,"Female",4,0.75
36,"z0091284",3,2.28254852600476,-0.717451473995244,"Male",4,0.75
36,"z0091285",5,8.32952641550073,3.32952641550073,"Male",5,1
36,"z0091286",14,14.3930803454962,0.393080345496195,"Male",4,0.75
36,"z0092243",19,20.4167784249384,1.41677842493836,"Female",4,0.75
36,"z0092256",5,7.54815765737336,2.54815765737336,"Male",5,1
36,"z0098734",23,21.4238759293269,-1.57612407067315,"Male",4,0.75
36,"z0098735",30,20.0612118455677,-9.93878815443233,"Male",4,0.75
36,"z0098737",12,11.7560092303939,-0.243990769606111,"Female",5,1
36,"z0098738",19,16.5843285054735,-2.4156714945265,"Male",4,0.75
36,"z0098740",17,17.3903758639004,0.390375863900378,"Female",4,0.75
36,"z0098745",7,13.2106616688094,6.21066166880939,"Male",4,0.75
36,"z0098746",32,24.1328941500715,-7.86710584992847,"Male",4,0.75
36,"z0102483",5,7.73388392704277,2.73388392704277,"Male",5,1
36,"z0102500",12,8.82999715903665,-3.17000284096335,"Male",4,0.75
36,"z0123188",24,26.3008110978764,2.30081109787645,"Female",5,1
36,"z0132632",34,25.2556826874892,-8.74431731251084,"Female",4,0.75
36,"z0132634",12,17.7300676725136,5.73006767251358,"Female",4,0.75
36,"z0132658",36,24.8330177327741,-11.1669822672259,"Male",4,0.75
36,"z0132660",23,20.0613773255719,-2.93862267442812,"Male",4,0.75
36,"z0160208",21,28.0852228685722,7.08522286857217,"Female",5,1
36,"z0175867",9,14.1067944223343,5.10679442233428,"Female",4,0.75
36,"z0175874",20,17.0811154913305,-2.91888450866952,"Male",4,0.75
36,"z0175876",12,18.3265928778127,6.32659287781266,"Male",5,1
36,"z0175877",32,27.4167382350732,-4.58326176492678,"Female",4,0.75
36,"z0178364",10,16.192593828538,6.19259382853797,"Female",5,1
36,"z0183541",32,23.2909045256373,-8.7090954743627,"Male",4,0.75
36,"z0183543",4,2.2499963694319,-1.7500036305681,"Male",5,1
36,"z0183544",11,8.41934271464471,-2.58065728535529,"Female",5,1
36,"z0186433",21,18.0363502202527,-2.96364977974733,"Male",5,1
36,"z0190863",11,12.3042227469369,1.30422274693692,"Female",5,1
36,"z0190867",7,10.0113028178591,3.01130281785914,"Female",4,0.75
36,"z0196956",13,13.8972252060944,0.897225206094394,"Male",5,1
36,"z0198374",16,17.8956481561712,1.89564815617115,"Male",4,0.75
36,"z0198473",25,21.1534849996614,-3.84651500033864,"Male",5,1
36,"z0198474",19,27.6743754244086,8.67437542440863,"Male",5,1
37,"z0018943",10,12.1603045493306,2.1603045493306,"Female",3,0.55
37,"z0018944",10,7.37096005057331,-2.62903994942669,"Male",3,0.55
37,"z0018945",22,20.902322621489,-1.09767737851099,"Female",3,0.55
37,"z0023316",6,5.22228317012983,-0.777716829870174,"Male",4,0.75
37,"z0023317",25,26.5118667645299,1.51186676452986,"Male",3,0.55
37,"z0023318",11,7.56616046833679,-3.43383953166321,"Female",4,0.75
37,"z0023319",26,18.2168825172652,-7.78311748273477,"Male",4,0.75
37,"z0023321",11,8.96760135390553,-2.03239864609447,"Female",3,0.55
37,"z0027453",6,14.3144721214734,8.31447212147341,"Female",3,0.55
37,"z0027455",10,9.51157728968875,-0.488422710311246,"Female",2,0.2
37,"z0033888",6,3.55944824358264,-2.44055175641736,"Female",3,0.55
37,"z0033893",15,18.6401834346622,3.64018343466219,"Male",2,0.2
37,"z0033898",10,12.8718316457419,2.87183164574188,"Male",3,0.55
37,"z0033906",15,18.659024322565,3.65902432256503,"Male",5,1
37,"z0033908",6,22.736620998195,16.736620998195,"Male",5,1
37,"z0041286",28,33.8359092345249,5.83590923452486,"Male",3,0.55
37,"z0045921",10,17.3362951920982,7.33629519209817,"Female",2,0.2
37,"z0045925",24,25.1062095135534,1.1062095135534,"Male",4,0.75
37,"z0045931",7,3.55192089979238,-3.44807910020762,"Male",4,0.75
37,"z0049046",6,4.04961010068371,-1.95038989931629,"Female",3,0.55
37,"z0049048",11,14.6922439283422,3.69224392834223,"Male",2,0.2
37,"z0049050",11,23.2059639549569,12.2059639549569,"Male",3,0.55
37,"z0049051",37,26.2738698448374,-10.7261301551626,"Female",4,0.75
37,"z0049052",34,29.2663548009993,-4.73364519900068,"Male",4,0.75
37,"z0061425",26,14.1754461539247,-11.8245538460753,"Male",4,0.75
37,"z0071016",8,13.0645369802267,5.06453698022672,"Male",3,0.55
37,"z0075660",18,22.7825589327811,4.78255893278108,"Male",4,0.75
37,"z0075663",18,20.8619844615816,2.86198446158156,"Male",3,0.55
37,"z0075665",27,21.2273652506885,-5.7726347493115,"Female",3,0.55
37,"z0075676",9,11.2721992534179,2.27219925341791,"Female",4,0.75
37,"z0075677",4,7.21690923143471,3.21690923143471,"Female",5,1
37,"z0075678",7,9.70242419602237,2.70242419602237,"Female",4,0.75
37,"z0091082",7,7.85753633560711,0.857536335607106,"Female",3,0.55
37,"z0091085",19,16.8258290596255,-2.1741709403745,"Female",3,0.55
37,"z0091086",3,10.1063775276352,7.10637752763515,"Female",3,0.55
37,"z0091275",3,6.11860448651747,3.11860448651747,"Male",3,0.55
37,"z0091276",10,13.7514921547964,3.75149215479637,"Female",2,0.2
37,"z0091277",3,9.14268463831704,6.14268463831704,"Female",4,0.75
37,"z0091284",3,7.14792980821368,4.14792980821368,"Male",4,0.75
37,"z0091285",5,7.39368060292577,2.39368060292577,"Male",5,1
37,"z0091286",14,10.8406817866432,-3.15931821335678,"Male",4,0.75
37,"z0092243",19,13.1695071347207,-5.83049286527927,"Female",4,0.75
37,"z0092256",5,7.22803465354188,2.22803465354188,"Male",5,1
37,"z0098734",23,15.1113592287396,-7.88864077126043,"Male",4,0.75
37,"z0098735",30,26.4486152861386,-3.55138471386137,"Male",4,0.75
37,"z0098736",15,10.8214716840304,-4.17852831596963,"Female",3,0.55
37,"z0098737",12,7.73923148565603,-4.26076851434397,"Female",5,1
37,"z0098738",19,19.7573589558975,0.75735895589753,"Male",4,0.75
37,"z0098740",17,12.9527515858394,-4.04724841416055,"Female",4,0.75
37,"z0098744",6,8.37033889725026,2.37033889725026,"Male",2,0.2
37,"z0098745",7,8.18295395744882,1.18295395744882,"Male",4,0.75
37,"z0098746",32,20.2053629544779,-11.7946370455221,"Male",4,0.75
37,"z0102483",5,7.07245458083238,2.07245458083238,"Male",5,1
37,"z0102484",13,18.5183661152557,5.51836611525574,"Female",3,0.55
37,"z0102485",21,27.1119706710527,6.11197067105274,"Male",2,0.2
37,"z0102500",12,11.0602715702385,-0.939728429761519,"Male",4,0.75
37,"z0123188",24,28.2224895248559,4.22248952485592,"Female",5,1
37,"z0132631",15,18.5168353438933,3.51683534389325,"Female",3,0.55
37,"z0132632",34,31.4346087678188,-2.56539123218118,"Female",4,0.75
37,"z0132634",12,9.52927281474531,-2.47072718525469,"Female",4,0.75
37,"z0132639",29,20.3524612961298,-8.64753870387023,"Female",3,0.55
37,"z0132641",21,19.2313882168153,-1.76861178318465,"Male",3,0.55
37,"z0132642",11,9.72301201739342,-1.27698798260658,"Female",2,0.2
37,"z0132658",36,21.6263086623422,-14.3736913376578,"Male",4,0.75
37,"z0132659",27,22.7574202117996,-4.24257978820042,"Female",3,0.55
37,"z0132660",23,26.0568676494806,3.05686764948061,"Male",4,0.75
37,"z0160208",21,19.4933110578643,-1.50668894213566,"Female",5,1
37,"z0175867",9,12.3323075632267,3.33230756322672,"Female",4,0.75
37,"z0175874",20,15.5770349619966,-4.42296503800335,"Male",4,0.75
37,"z0175876",12,17.0529221630509,5.05292216305094,"Male",5,1
37,"z0175877",32,27.7929018083065,-4.20709819169351,"Female",4,0.75
37,"z0178364",10,13.6875542526004,3.68755425260037,"Female",5,1
37,"z0183541",32,30.7881594933933,-1.21184050660673,"Male",4,0.75
37,"z0183543",4,5.94544494682791,1.94544494682791,"Male",5,1
37,"z0183544",11,8.05828955004946,-2.94171044995054,"Female",5,1
37,"z0186431",8,10.1228980290722,2.12289802907222,"Male",2,0.2
37,"z0186433",21,20.1047141382938,-0.895285861706249,"Male",5,1
37,"z0186434",22,18.7649457262096,-3.23505427379036,"Male",3,0.55
37,"z0186435",30,17.1125966569771,-12.8874033430229,"Male",3,0.55
37,"z0186450",4,5.51735795263775,1.51735795263775,"Male",3,0.55
37,"z0190863",11,8.60750098843041,-2.39249901156959,"Female",5,1
37,"z0190867",7,12.0461471043419,5.04614710434186,"Female",4,0.75
37,"z0196956",13,19.4570212307758,6.45702123077577,"Male",5,1
37,"z0198374",16,19.5058077666838,3.50580776668384,"Male",4,0.75
37,"z0198377",35,27.8026105407678,-7.19738945923225,"Female",3,0.55
37,"z0198473",25,25.3274647234303,0.327464723430264,"Male",5,1
37,"z0198474",19,23.0215772966427,4.02157729664275,"Male",5,1
37,"z0198475",40,30.9046451369824,-9.09535486301758,"Male",3,0.55
37,"z0187739",23,27.3822583144102,4.38225831441016,"Female",3,0.55
37,"z0045928",22,26.3028199539596,4.30281995395956,"Female",2,0.2
38,"z0018943",10,16.0627876220436,6.06278762204364,"Female",3,0.55
38,"z0018944",10,10.5633517888925,0.563351788892529,"Male",3,0.55
38,"z0018945",22,24.0065212899819,2.00652128998191,"Female",3,0.55
38,"z0023316",6,4.95705520824383,-1.04294479175617,"Male",4,0.75
38,"z0023317",25,25.2201525704473,0.220152570447283,"Male",3,0.55
38,"z0023318",11,6.92823830137873,-4.07176169862127,"Female",4,0.75
38,"z0023319",26,19.6359063573405,-6.36409364265955,"Male",4,0.75
38,"z0023321",11,9.26527251760444,-1.73472748239556,"Female",3,0.55
38,"z0027453",6,11.1566787758513,5.15667877585126,"Female",3,0.55
38,"z0033888",6,6.63884267035487,0.638842670354865,"Female",3,0.55
38,"z0033898",10,13.7495637606111,3.74956376061111,"Male",3,0.55
38,"z0033906",15,20.6793354894739,5.67933548947388,"Male",5,1
38,"z0033908",6,20.4553570089185,14.4553570089185,"Male",5,1
38,"z0041286",28,26.624235018902,-1.37576498109803,"Male",3,0.55
38,"z0045925",24,24.0100501040655,0.0100501040655416,"Male",4,0.75
38,"z0045931",7,4.37502030310266,-2.62497969689734,"Male",4,0.75
38,"z0049046",6,6.19652574193932,0.19652574193932,"Female",3,0.55
38,"z0049050",11,25.1923872204522,14.1923872204522,"Male",3,0.55
38,"z0049051",37,24.6158706478951,-12.3841293521049,"Female",4,0.75
38,"z0049052",34,26.5157084455822,-7.48429155441784,"Male",4,0.75
38,"z0061425",26,17.0965818848007,-8.90341811519934,"Male",4,0.75
38,"z0071016",8,12.3764714506671,4.37647145066706,"Male",3,0.55
38,"z0075660",18,24.2089773007522,6.20897730075221,"Male",4,0.75
38,"z0075663",18,21.4457880747317,3.4457880747317,"Male",3,0.55
38,"z0075665",27,20.9739987432747,-6.02600125672529,"Female",3,0.55
38,"z0075676",9,11.8480616461226,2.84806164612258,"Female",4,0.75
38,"z0075677",4,4.90077462077121,0.900774620771209,"Female",5,1
38,"z0075678",7,11.5457566595273,4.54575665952727,"Female",4,0.75
38,"z0091082",7,5.97638748760095,-1.02361251239905,"Female",3,0.55
38,"z0091085",19,17.8575965554276,-1.14240344457238,"Female",3,0.55
38,"z0091086",3,9.31976550770841,6.31976550770841,"Female",3,0.55
38,"z0091275",3,5.55376231067264,2.55376231067264,"Male",3,0.55
38,"z0091277",3,8.1521576901734,5.1521576901734,"Female",4,0.75
38,"z0091284",3,4.96496108981456,1.96496108981456,"Male",4,0.75
38,"z0091285",5,5.50052546973751,0.500525469737509,"Male",5,1
38,"z0091286",14,12.5387923262939,-1.46120767370609,"Male",4,0.75
38,"z0092243",19,15.6398931922424,-3.36010680775764,"Female",4,0.75
38,"z0092256",5,5.36709358383171,0.367093583831711,"Male",5,1
38,"z0098734",23,16.3831761304667,-6.61682386953335,"Male",4,0.75
38,"z0098735",30,25.5367985879693,-4.46320141203065,"Male",4,0.75
38,"z0098736",15,6.41097985467296,-8.58902014532704,"Female",3,0.55
38,"z0098737",12,9.70905851939438,-2.29094148060562,"Female",5,1
38,"z0098738",19,18.6935649994759,-0.306435000524132,"Male",4,0.75
38,"z0098740",17,11.0828029291339,-5.91719707086613,"Female",4,0.75
38,"z0098745",7,8.63188467530005,1.63188467530005,"Male",4,0.75
38,"z0098746",32,18.9913332698188,-13.0086667301812,"Male",4,0.75
38,"z0102483",5,4.92581629803468,-0.0741837019653175,"Male",5,1
38,"z0102484",13,17.5311715740026,4.53117157400261,"Female",3,0.55
38,"z0102500",12,11.1241338042251,-0.875866195774883,"Male",4,0.75
38,"z0123188",24,28.3111617902082,4.31116179020822,"Female",5,1
38,"z0132631",15,22.2846079774399,7.28460797743992,"Female",3,0.55
38,"z0132632",34,27.2654656078265,-6.73453439217349,"Female",4,0.75
38,"z0132634",12,11.4927393857702,-0.507260614229846,"Female",4,0.75
38,"z0132639",29,21.6158641378987,-7.38413586210133,"Female",3,0.55
38,"z0132641",21,21.0458074849681,0.0458074849680727,"Male",3,0.55
38,"z0132658",36,19.975491738999,-16.024508261001,"Male",4,0.75
38,"z0132659",27,26.0814878501964,-0.918512149803625,"Female",3,0.55
38,"z0132660",23,23.6298462231046,0.629846223104614,"Male",4,0.75
38,"z0160208",21,23.5633390849178,2.56333908491781,"Female",5,1
38,"z0175867",9,15.0479938535821,6.04799385358206,"Female",4,0.75
38,"z0175874",20,15.8937587048581,-4.10624129514187,"Male",4,0.75
38,"z0175876",12,18.7802496254709,6.78024962547087,"Male",5,1
38,"z0175877",32,25.8376565012253,-6.16234349877472,"Female",4,0.75
38,"z0178364",10,13.640478568982,3.64047856898201,"Female",5,1
38,"z0183541",32,25.2097372652951,-6.79026273470491,"Male",4,0.75
38,"z0183543",4,5.55979306298327,1.55979306298327,"Male",5,1
38,"z0183544",11,6.76656323174509,-4.23343676825491,"Female",5,1
38,"z0186433",21,20.8041946114817,-0.195805388518291,"Male",5,1
38,"z0186434",22,19.0985769660146,-2.90142303398542,"Male",3,0.55
38,"z0186435",30,14.2398599359554,-15.7601400640446,"Male",3,0.55
38,"z0186450",4,6.26121014584131,2.26121014584131,"Male",3,0.55
38,"z0190863",11,12.3419567127868,1.34195671278678,"Female",5,1
38,"z0190867",7,9.76604385786435,2.76604385786435,"Female",4,0.75
38,"z0196956",13,19.329702428122,6.329702428122,"Male",5,1
38,"z0198374",16,17.4365444692567,1.43654446925666,"Male",4,0.75
38,"z0198377",35,24.6973832711961,-10.3026167288039,"Female",3,0.55
38,"z0198473",25,25.9437426651308,0.94374266513082,"Male",5,1
38,"z0198474",19,24.619572097085,5.61957209708497,"Male",5,1
38,"z0198475",40,28.8866551014719,-11.1133448985281,"Male",3,0.55
38,"z0187739",23,26.4460640562853,3.44606405628532,"Female",3,0.55
39,"z0023316",6,5.03997912888797,-0.960020871112029,"Male",4,0.75
39,"z0023318",11,7.05861664288799,-3.94138335711201,"Female",4,0.75
39,"z0023319",26,17.9103773934149,-8.08962260658512,"Male",4,0.75
39,"z0033906",15,17.0630947816953,2.06309478169534,"Male",5,1
39,"z0033908",6,19.0285859267307,13.0285859267307,"Male",5,1
39,"z0045925",24,27.2895674021085,3.28956740210848,"Male",4,0.75
39,"z0045931",7,3.36059196073626,-3.63940803926374,"Male",4,0.75
39,"z0049051",37,31.220569389333,-5.77943061066699,"Female",4,0.75
39,"z0049052",34,30.7837331392194,-3.21626686078058,"Male",4,0.75
39,"z0061425",26,14.7300099495598,-11.2699900504402,"Male",4,0.75
39,"z0075660",18,24.9293295075791,6.92932950757915,"Male",4,0.75
39,"z0075676",9,13.4836865886474,4.48368658864744,"Female",4,0.75
39,"z0075677",4,5.26694700091669,1.26694700091669,"Female",5,1
39,"z0075678",7,10.7228236121378,3.72282361213779,"Female",4,0.75
39,"z0091277",3,8.68828304933734,5.68828304933734,"Female",4,0.75
39,"z0091284",3,4.26986999760263,1.26986999760263,"Male",4,0.75
39,"z0091285",5,5.22206774482639,0.22206774482639,"Male",5,1
39,"z0091286",14,14.2664159865604,0.266415986560371,"Male",4,0.75
39,"z0092243",19,17.8413099136587,-1.1586900863413,"Female",4,0.75
39,"z0092256",5,5.80339251203943,0.803392512039428,"Male",5,1
39,"z0098734",23,19.1923108618889,-3.80768913811105,"Male",4,0.75
39,"z0098735",30,27.195549218735,-2.80445078126498,"Male",4,0.75
39,"z0098737",12,11.0476048438748,-0.952395156125233,"Female",5,1
39,"z0098738",19,19.5111653411079,0.511165341107887,"Male",4,0.75
39,"z0098740",17,10.1159774171799,-6.88402258282013,"Female",4,0.75
39,"z0098745",7,11.3147496837421,4.31474968374215,"Male",4,0.75
39,"z0098746",32,16.4160870479498,-15.5839129520502,"Male",4,0.75
39,"z0102483",5,3.80409877099092,-1.19590122900908,"Male",5,1
39,"z0102500",12,10.3034950966227,-1.69650490337735,"Male",4,0.75
39,"z0123188",24,26.1255423596005,2.12554235960046,"Female",5,1
39,"z0132632",34,28.2665764031557,-5.73342359684428,"Female",4,0.75
39,"z0132634",12,12.8938786997779,0.893878699777856,"Female",4,0.75
39,"z0132658",36,20.3968265661012,-15.6031734338988,"Male",4,0.75
39,"z0132660",23,25.5071902841744,2.5071902841744,"Male",4,0.75
39,"z0160208",21,17.9933459036878,-3.00665409631215,"Female",5,1
39,"z0175867",9,13.7929213130593,4.79292131305927,"Female",4,0.75
39,"z0175874",20,21.0121989576144,1.01219895761437,"Male",4,0.75
39,"z0175876",12,19.1646322892173,7.16463228921727,"Male",5,1
39,"z0175877",32,28.3286215647745,-3.67137843522552,"Female",4,0.75
39,"z0178364",10,16.7326085342919,6.73260853429188,"Female",5,1
39,"z0183541",32,26.5388244497981,-5.46117555020194,"Male",4,0.75
39,"z0183543",4,6.1569683981375,2.1569683981375,"Male",5,1
39,"z0183544",11,10.0726740679749,-0.92732593202507,"Female",5,1
39,"z0186433",21,22.1938694310888,1.19386943108882,"Male",5,1
39,"z0190863",11,14.0131525137149,3.01315251371492,"Female",5,1
39,"z0190867",7,13.0071271772365,6.00712717723645,"Female",4,0.75
39,"z0196956",13,15.3146465806076,2.3146465806076,"Male",5,1
39,"z0198374",16,17.0036477040526,1.00364770405263,"Male",4,0.75
39,"z0198473",25,27.1542439385043,2.15424393850432,"Male",5,1
39,"z0198474",19,24.1534677057696,5.15346770576962,"Male",5,1
40,"z0018943",10,15.237922205502,5.23792220550196,"Female",3,0.55
40,"z0018944",10,10.2609102390395,0.260910239039468,"Male",3,0.55
40,"z0018945",22,23.2763841844594,1.2763841844594,"Female",3,0.55
40,"z0023316",6,7.86651724011315,1.86651724011315,"Male",4,0.75
40,"z0023317",25,24.6472609449158,-0.352739055084168,"Male",3,0.55
40,"z0023318",11,7.61820084692068,-3.38179915307932,"Female",4,0.75
40,"z0023319",26,20.4926831747734,-5.50731682522661,"Male",4,0.75
40,"z0023321",11,8.75272373335555,-2.24727626664445,"Female",3,0.55
40,"z0027453",6,14.1629132231483,8.16291322314833,"Female",3,0.55
40,"z0027455",10,11.7245699860747,1.7245699860747,"Female",2,0.2
40,"z0033888",6,3.84446982315022,-2.15553017684978,"Female",3,0.55
40,"z0033893",15,18.6778493482904,3.67784934829037,"Male",2,0.2
40,"z0033898",10,11.0321574483443,1.03215744834433,"Male",3,0.55
40,"z0033906",15,19.3875424734179,4.38754247341786,"Male",5,1
40,"z0033908",6,22.9420205761054,16.9420205761054,"Male",5,1
40,"z0041286",28,28.7961138076547,0.796113807654677,"Male",3,0.55
40,"z0045921",10,18.8527420832135,8.85274208321353,"Female",2,0.2
40,"z0045925",24,28.2431036313167,4.24310363131674,"Male",4,0.75
40,"z0045931",7,3.8936486718329,-3.1063513281671,"Male",4,0.75
40,"z0049046",6,5.35468202832627,-0.645317971673732,"Female",3,0.55
40,"z0049048",11,13.6783253976558,2.67832539765581,"Male",2,0.2
40,"z0049050",11,23.6847027010936,12.6847027010936,"Male",3,0.55
40,"z0049051",37,21.5630764801838,-15.4369235198162,"Female",4,0.75
40,"z0049052",34,27.1591295656956,-6.84087043430441,"Male",4,0.75
40,"z0061425",26,19.2316712111131,-6.76832878888689,"Male",4,0.75
40,"z0071016",8,11.7791137321399,3.77911373213988,"Male",3,0.55
40,"z0075660",18,25.689376058744,7.68937605874396,"Male",4,0.75
40,"z0075663",18,20.9106041000113,2.91060410001132,"Male",3,0.55
40,"z0075665",27,23.7379234094207,-3.26207659057929,"Female",3,0.55
40,"z0075676",9,10.4287056172273,1.42870561722726,"Female",4,0.75
40,"z0075677",4,7.6389778703499,3.6389778703499,"Female",5,1
40,"z0075678",7,10.5415730480964,3.54157304809642,"Female",4,0.75
40,"z0091082",7,7.89965706729745,0.899657067297454,"Female",3,0.55
40,"z0091085",19,21.2632233089424,2.26322330894237,"Female",3,0.55
40,"z0091086",3,10.6622009128356,7.66220091283557,"Female",3,0.55
40,"z0091275",3,8.4773462639572,5.4773462639572,"Male",3,0.55
40,"z0091276",10,14.7809035817301,4.78090358173014,"Female",2,0.2
40,"z0091277",3,8.51050033245303,5.51050033245303,"Female",4,0.75
40,"z0091284",3,5.97318994651317,2.97318994651317,"Male",4,0.75
40,"z0091285",5,7.7517582219926,2.7517582219926,"Male",5,1
40,"z0091286",14,11.0861247760727,-2.91387522392726,"Male",4,0.75
40,"z0092243",19,12.2922766548786,-6.70772334512137,"Female",4,0.75
40,"z0092256",5,5.95821526915202,0.958215269152015,"Male",5,1
40,"z0098734",23,15.3680900600691,-7.63190993993093,"Male",4,0.75
40,"z0098735",30,27.2048131261934,-2.79518687380659,"Male",4,0.75
40,"z0098736",15,9.24388127055263,-5.75611872944737,"Female",3,0.55
40,"z0098737",12,5.36900016954839,-6.63099983045161,"Female",5,1
40,"z0098738",19,18.0783051945167,-0.921694805483305,"Male",4,0.75
40,"z0098740",17,11.4395007653373,-5.56049923466271,"Female",4,0.75
40,"z0098744",6,9.05840901674872,3.05840901674872,"Male",2,0.2
40,"z0098745",7,8.51439979672196,1.51439979672196,"Male",4,0.75
40,"z0098746",32,18.0689276391162,-13.9310723608838,"Male",4,0.75
40,"z0102483",5,7.1752780003048,2.1752780003048,"Male",5,1
40,"z0102484",13,16.3825853777468,3.38258537774685,"Female",3,0.55
40,"z0102485",21,26.9784893003291,5.9784893003291,"Male",2,0.2
40,"z0102500",12,11.1274953867796,-0.872504613220389,"Male",4,0.75
40,"z0123188",24,28.0954079265418,4.09540792654175,"Female",5,1
40,"z0132631",15,17.9274401940448,2.92744019404477,"Female",3,0.55
40,"z0132632",34,29.2002783503296,-4.79972164967037,"Female",4,0.75
40,"z0132634",12,10.0018095492553,-1.99819045074473,"Female",4,0.75
40,"z0132639",29,21.0376473020931,-7.96235269790694,"Female",3,0.55
40,"z0132641",21,20.8148400427308,-0.1851599572692,"Male",3,0.55
40,"z0132642",11,10.5491541452577,-0.450845854742337,"Female",2,0.2
40,"z0132658",36,23.9288045124168,-12.0711954875832,"Male",4,0.75
40,"z0132659",27,24.1729692948264,-2.82703070517362,"Female",3,0.55
40,"z0132660",23,25.9940492617057,2.99404926170568,"Male",4,0.75
40,"z0160208",21,18.8966356524691,-2.10336434753092,"Female",5,1
40,"z0175867",9,11.3358492474897,2.3358492474897,"Female",4,0.75
40,"z0175874",20,14.1130644765077,-5.88693552349229,"Male",4,0.75
40,"z0175876",12,16.8360512791061,4.83605127910606,"Male",5,1
40,"z0175877",32,26.4174491192048,-5.58255088079516,"Female",4,0.75
40,"z0178364",10,14.8655394233492,4.86553942334922,"Female",5,1
40,"z0183541",32,28.128926791963,-3.871073208037,"Male",4,0.75
40,"z0183543",4,5.95024216938671,1.95024216938671,"Male",5,1
40,"z0183544",11,6.92031539211428,-4.07968460788572,"Female",5,1
40,"z0186431",8,9.19498167735517,1.19498167735517,"Male",2,0.2
40,"z0186433",21,18.5933570150361,-2.40664298496388,"Male",5,1
40,"z0186434",22,16.5407848641929,-5.45921513580714,"Male",3,0.55
40,"z0186435",30,16.0178198496303,-13.9821801503697,"Male",3,0.55
40,"z0186450",4,7.29282140375532,3.29282140375532,"Male",3,0.55
40,"z0190863",11,11.8688119701067,0.868811970106727,"Female",5,1
40,"z0190867",7,8.7778639644128,1.7778639644128,"Female",4,0.75
40,"z0196956",13,21.8808993499461,8.88089934994606,"Male",5,1
40,"z0198374",16,19.1595174375372,3.15951743753723,"Male",4,0.75
40,"z0198377",35,27.0095438395746,-7.99045616042542,"Female",3,0.55
40,"z0198473",25,20.4399904248505,-4.56000957514949,"Male",5,1
40,"z0198474",19,23.2938854997932,4.29388549979322,"Male",5,1
40,"z0198475",40,30.6093476284701,-9.39065237152993,"Male",3,0.55
40,"z0187739",23,26.1035844017208,3.10358440172075,"Female",3,0.55
40,"z0045928",22,26.4456252543596,4.44562525435963,"Female",2,0.2
41,"z0018943",10,16.4505584834341,6.45055848343411,"Female",3,0.55
41,"z0018944",10,10.8735036350186,0.873503635018581,"Male",3,0.55
41,"z0018945",22,24.5958655708888,2.59586557088877,"Female",3,0.55
41,"z0023316",6,5.99320928531957,-0.00679071468043269,"Male",4,0.75
41,"z0023317",25,23.941609560643,-1.05839043935698,"Male",3,0.55
41,"z0023318",11,6.84307473445157,-4.15692526554843,"Female",4,0.75
41,"z0023319",26,20.4190293905794,-5.58097060942058,"Male",4,0.75
41,"z0023321",11,9.72031542422567,-1.27968457577433,"Female",3,0.55
41,"z0027453",6,11.3220085398538,5.32200853985378,"Female",3,0.55
41,"z0033888",6,6.42734868078349,0.427348680783487,"Female",3,0.55
41,"z0033898",10,13.2657542817199,3.26575428171986,"Male",3,0.55
41,"z0033906",15,20.4293028677839,5.42930286778386,"Male",5,1
41,"z0033908",6,20.8105055513132,14.8105055513132,"Male",5,1
41,"z0041286",28,25.6480628222901,-2.35193717770987,"Male",3,0.55
41,"z0045925",24,26.7552840062951,2.75528400629512,"Male",4,0.75
41,"z0045931",7,4.40446018385653,-2.59553981614347,"Male",4,0.75
41,"z0049046",6,7.32741386980905,1.32741386980905,"Female",3,0.55
41,"z0049050",11,25.021861181599,14.021861181599,"Male",3,0.55
41,"z0049051",37,22.4495179614851,-14.5504820385149,"Female",4,0.75
41,"z0049052",34,26.5043678958468,-7.49563210415322,"Male",4,0.75
41,"z0061425",26,19.2495865968959,-6.75041340310406,"Male",4,0.75
41,"z0071016",8,11.9362534574159,3.93625345741593,"Male",3,0.55
41,"z0075660",18,25.4173231305039,7.41732313050386,"Male",4,0.75
41,"z0075663",18,21.7520165795033,3.75201657950333,"Male",3,0.55
41,"z0075665",27,23.1582301486692,-3.8417698513308,"Female",3,0.55
41,"z0075676",9,10.4180004192524,1.41800041925244,"Female",4,0.75
41,"z0075677",4,5.38574665028991,1.38574665028991,"Female",5,1
41,"z0075678",7,12.3685961101008,5.36859611010085,"Female",4,0.75
41,"z0091082",7,6.45097815488768,-0.549021845112318,"Female",3,0.55
41,"z0091085",19,20.6130248131546,1.6130248131546,"Female",3,0.55
41,"z0091086",3,9.72101296427279,6.72101296427279,"Female",3,0.55
41,"z0091275",3,6.47567673066177,3.47567673066177,"Male",3,0.55
41,"z0091277",3,7.82233975786059,4.82233975786059,"Female",4,0.75
41,"z0091284",3,4.78723954900055,1.78723954900055,"Male",4,0.75
41,"z0091285",5,5.78625000632068,0.786250006320683,"Male",5,1
41,"z0091286",14,13.4022788581119,-0.597721141888096,"Male",4,0.75
41,"z0092243",19,14.67986298565,-4.32013701435001,"Female",4,0.75
41,"z0092256",5,4.9986738961167,-0.00132610388330257,"Male",5,1
41,"z0098734",23,16.3313742057295,-6.6686257942705,"Male",4,0.75
41,"z0098735",30,25.8632560442809,-4.13674395571914,"Male",4,0.75
41,"z0098736",15,6.48100022580048,-8.51899977419952,"Female",3,0.55
41,"z0098737",12,8.72300268005438,-3.27699731994562,"Female",5,1
41,"z0098738",19,17.6658988754515,-1.33410112454854,"Male",4,0.75
41,"z0098740",17,10.3704172669124,-6.62958273308757,"Female",4,0.75
41,"z0098745",7,9.22642602638602,2.22642602638602,"Male",4,0.75
41,"z0098746",32,19.8507226373764,-12.1492773626236,"Male",4,0.75
41,"z0102483",5,5.73026124799113,0.730261247991129,"Male",5,1
41,"z0102484",13,16.0630975040496,3.06309750404959,"Female",3,0.55
41,"z0102500",12,10.9001828091068,-1.09981719089322,"Male",4,0.75
41,"z0123188",24,29.0889340890968,5.08893408909676,"Female",5,1
41,"z0132631",15,21.4558720254658,6.4558720254658,"Female",3,0.55
41,"z0132632",34,27.7065787503518,-6.29342124964819,"Female",4,0.75
41,"z0132634",12,11.0620978245449,-0.9379021754551,"Female",4,0.75
41,"z0132639",29,22.4963198704069,-6.50368012959312,"Female",3,0.55
41,"z0132641",21,21.2527319061726,0.252731906172638,"Male",3,0.55
41,"z0132658",36,20.9150452004503,-15.0849547995497,"Male",4,0.75
41,"z0132659",27,26.3338222918397,-0.666177708160305,"Female",3,0.55
41,"z0132660",23,23.7454301018121,0.745430101812108,"Male",4,0.75
41,"z0160208",21,24.1632267159486,3.16322671594863,"Female",5,1
41,"z0175867",9,13.4797008990373,4.47970089903726,"Female",4,0.75
41,"z0175874",20,15.4083129531452,-4.59168704685482,"Male",4,0.75
41,"z0175876",12,17.0802183427543,5.0802183427543,"Male",5,1
41,"z0175877",32,26.3417686069005,-5.65823139309945,"Female",4,0.75
41,"z0178364",10,14.3166772752846,4.31667727528459,"Female",5,1
41,"z0183541",32,25.3957397412978,-6.60426025870223,"Male",4,0.75
41,"z0183543",4,5.44964237902891,1.44964237902891,"Male",5,1
41,"z0183544",11,6.56865715288656,-4.43134284711344,"Female",5,1
41,"z0186433",21,19.4171320241027,-1.58286797589731,"Male",5,1
41,"z0186434",22,19.0005241841827,-2.99947581581727,"Male",3,0.55
41,"z0186435",30,13.8991522210637,-16.1008477789363,"Male",3,0.55
41,"z0186450",4,6.69879670996624,2.69879670996624,"Male",3,0.55
41,"z0190863",11,11.5175740417268,0.517574041726782,"Female",5,1
41,"z0190867",7,8.46197218082667,1.46197218082667,"Female",4,0.75
41,"z0196956",13,21.3969425895585,8.39694258955846,"Male",5,1
41,"z0198374",16,18.0704253995168,2.07042539951678,"Male",4,0.75
41,"z0198377",35,24.9068702716575,-10.0931297283425,"Female",3,0.55
41,"z0198473",25,22.9879722931311,-2.01202770686885,"Male",5,1
41,"z0198474",19,25.236501473676,6.23650147367605,"Male",5,1
41,"z0198475",40,29.4534397696837,-10.5465602303163,"Male",3,0.55
41,"z0187739",23,25.6137665760469,2.61376657604691,"Female",3,0.55
42,"z0023316",6,4.24287463848851,-1.75712536151149,"Male",4,0.75
42,"z0023318",11,6.93136352215821,-4.06863647784179,"Female",4,0.75
42,"z0023319",26,18.2651167725929,-7.73488322740711,"Male",4,0.75
42,"z0033906",15,17.075802532775,2.07580253277496,"Male",5,1
42,"z0033908",6,17.124700424845,11.124700424845,"Male",5,1
42,"z0045925",24,29.7336988271626,5.73369882716256,"Male",4,0.75
42,"z0045931",7,4.4662940801466,-2.5337059198534,"Male",4,0.75
42,"z0049051",37,27.7950150524401,-9.20498494755994,"Female",4,0.75
42,"z0049052",34,30.1578426718597,-3.84215732814032,"Male",4,0.75
42,"z0061425",26,17.2153267130451,-8.78467328695493,"Male",4,0.75
42,"z0075660",18,24.4009079266917,6.40090792669175,"Male",4,0.75
42,"z0075676",9,10.7615230891854,1.7615230891854,"Female",4,0.75
42,"z0075677",4,6.4472363522377,2.4472363522377,"Female",5,1
42,"z0075678",7,12.6397316014969,5.63973160149692,"Female",4,0.75
42,"z0091277",3,8.03346037344423,5.03346037344423,"Female",4,0.75
42,"z0091284",3,2.8928614104167,-0.107138589583302,"Male",4,0.75
42,"z0091285",5,4.38440227617886,-0.615597723821137,"Male",5,1
42,"z0091286",14,16.1315865004835,2.13158650048346,"Male",4,0.75
42,"z0092243",19,16.8782056943777,-2.12179430562227,"Female",4,0.75
42,"z0092256",5,5.38291108867938,0.382911088679384,"Male",5,1
42,"z0098734",23,18.5748688735788,-4.42513112642117,"Male",4,0.75
42,"z0098735",30,26.6564448388052,-3.34355516119479,"Male",4,0.75
42,"z0098737",12,11.3132010909603,-0.686798909039723,"Female",5,1
42,"z0098738",19,17.8855424278533,-1.11445757214669,"Male",4,0.75
42,"z0098740",17,9.31151303709443,-7.68848696290557,"Female",4,0.75
42,"z0098745",7,10.5835912778567,3.58359127785666,"Male",4,0.75
42,"z0098746",32,18.0104474527604,-13.9895525472396,"Male",4,0.75
42,"z0102483",5,6.08353330650207,1.08353330650207,"Male",5,1
42,"z0102500",12,11.2253783584104,-0.774621641589601,"Male",4,0.75
42,"z0123188",24,28.1749372080464,4.17493720804637,"Female",5,1
42,"z0132632",34,28.1785268432842,-5.82147315671582,"Female",4,0.75
42,"z0132634",12,12.7569075437279,0.756907543727898,"Female",4,0.75
42,"z0132658",36,20.6557012833937,-15.3442987166063,"Male",4,0.75
42,"z0132660",23,25.3388617145273,2.33886171452728,"Male",4,0.75
42,"z0160208",21,18.1648261241461,-2.83517387585388,"Female",5,1
42,"z0175867",9,13.3554404383824,4.35544043838237,"Female",4,0.75
42,"z0175874",20,18.5922336539623,-1.40776634603774,"Male",4,0.75
42,"z0175876",12,16.8814403218922,4.88144032189217,"Male",5,1
42,"z0175877",32,27.6554748166766,-4.34452518332343,"Female",4,0.75
42,"z0178364",10,18.2038227126483,8.20382271264829,"Female",5,1
42,"z0183541",32,26.4590142928359,-5.54098570716409,"Male",4,0.75
42,"z0183543",4,4.8296047292365,0.8296047292365,"Male",5,1
42,"z0183544",11,10.3083377746353,-0.691662225364695,"Female",5,1
42,"z0186433",21,20.0974757985186,-0.902524201481352,"Male",5,1
42,"z0190863",11,11.0178646153476,0.0178646153475537,"Female",5,1
42,"z0190867",7,12.0121132199261,5.01211321992606,"Female",4,0.75
42,"z0196956",13,20.957721669419,7.95772166941902,"Male",5,1
42,"z0198374",16,18.3232830438768,2.32328304387676,"Male",4,0.75
42,"z0198473",25,23.5818338207322,-1.41816617926785,"Male",5,1
42,"z0198474",19,24.0752180034927,5.07521800349269,"Male",5,1
43,"z0018943",10,17.5155314776448,7.51553147764481,"Female",3,0.55
43,"z0018944",10,12.4800376432982,2.48003764329817,"Male",3,0.55
43,"z0018945",22,22.2274094288413,0.227409428841277,"Female",3,0.55
43,"z0023316",6,7.73368607275208,1.73368607275208,"Male",4,0.75
43,"z0023317",25,24.6059174091329,-0.394082590867061,"Male",3,0.55
43,"z0023318",11,6.90706401044018,-4.09293598955982,"Female",4,0.75
43,"z0023319",26,19.6774629190824,-6.32253708091762,"Male",4,0.75
43,"z0023321",11,7.45741169449988,-3.54258830550012,"Female",3,0.55
43,"z0027453",6,11.5805881363551,5.58058813635511,"Female",3,0.55
43,"z0027455",10,13.3602970153009,3.36029701530088,"Female",2,0.2
43,"z0033888",6,4.73979480723487,-1.26020519276513,"Female",3,0.55
43,"z0033893",15,19.0235585794445,4.02355857944453,"Male",2,0.2
43,"z0033898",10,13.656926684907,3.65692668490695,"Male",3,0.55
43,"z0033906",15,21.4375543931546,6.43755439315461,"Male",5,1
43,"z0033908",6,18.6166115974553,12.6166115974553,"Male",5,1
43,"z0041286",28,24.9008475963142,-3.09915240368578,"Male",3,0.55
43,"z0045921",10,19.9034392771181,9.90343927711815,"Female",2,0.2
43,"z0045925",24,23.3807741106919,-0.61922588930809,"Male",4,0.75
43,"z0045931",7,3.76514940559382,-3.23485059440618,"Male",4,0.75
43,"z0049046",6,6.85035859704909,0.850358597049091,"Female",3,0.55
43,"z0049048",11,17.2740093415945,6.27400934159446,"Male",2,0.2
43,"z0049050",11,28.2243777002224,17.2243777002224,"Male",3,0.55
43,"z0049051",37,24.2738283063943,-12.7261716936057,"Female",4,0.75
43,"z0049052",34,24.6686686741947,-9.3313313258053,"Male",4,0.75
43,"z0061425",26,17.6859748595979,-8.31402514040209,"Male",4,0.75
43,"z0071016",8,13.228202537569,5.22820253756896,"Male",3,0.55
43,"z0075660",18,25.5360516472617,7.53605164726168,"Male",4,0.75
43,"z0075663",18,21.3773837216818,3.37738372168177,"Male",3,0.55
43,"z0075665",27,24.4881991393503,-2.51180086064968,"Female",3,0.55
43,"z0075676",9,6.73689253209432,-2.26310746790568,"Female",4,0.75
43,"z0075677",4,4.73792267072726,0.737922670727263,"Female",5,1
43,"z0075678",7,10.8797056658571,3.87970566585712,"Female",4,0.75
43,"z0091082",7,4.32129395833673,-2.67870604166327,"Female",3,0.55
43,"z0091085",19,21.3386339539207,2.3386339539207,"Female",3,0.55
43,"z0091086",3,8.94023924628973,5.94023924628973,"Female",3,0.55
43,"z0091275",3,7.37895715194901,4.37895715194901,"Male",3,0.55
43,"z0091276",10,16.5911118191485,6.59111181914847,"Female",2,0.2
43,"z0091277",3,6.36240577332337,3.36240577332337,"Female",4,0.75
43,"z0091284",3,4.74436467721081,1.74436467721081,"Male",4,0.75
43,"z0091285",5,6.4706437383037,1.4706437383037,"Male",5,1
43,"z0091286",14,11.8513412789237,-2.14865872107632,"Male",4,0.75
43,"z0092243",19,14.4755715388042,-4.52442846119579,"Female",4,0.75
43,"z0092256",5,5.02011669452274,0.0201166945227378,"Male",5,1
43,"z0098734",23,16.0217598302947,-6.97824016970532,"Male",4,0.75
43,"z0098735",30,27.5728814325212,-2.42711856747878,"Male",4,0.75
43,"z0098736",15,8.39172714685368,-6.60827285314632,"Female",3,0.55
43,"z0098737",12,6.41217360512735,-5.58782639487265,"Female",5,1
43,"z0098738",19,17.6417782320077,-1.35822176799233,"Male",4,0.75
43,"z0098740",17,11.9167778344266,-5.08322216557336,"Female",4,0.75
43,"z0098744",6,5.80908143539264,-0.190918564607363,"Male",2,0.2
43,"z0098745",7,10.8268741700016,3.82687417000162,"Male",4,0.75
43,"z0098746",32,21.0498759858057,-10.9501240141943,"Male",4,0.75
43,"z0102483",5,6.78461083684231,1.78461083684231,"Male",5,1
43,"z0102484",13,15.3835237763177,2.38352377631766,"Female",3,0.55
43,"z0102485",21,29.5488941178245,8.54889411782453,"Male",2,0.2
43,"z0102500",12,9.04433958695857,-2.95566041304143,"Male",4,0.75
43,"z0123188",24,29.2343552502689,5.23435525026893,"Female",5,1
43,"z0132631",15,21.6266208800359,6.62662088003588,"Female",3,0.55
43,"z0132632",34,30.830924374575,-3.16907562542496,"Female",4,0.75
43,"z0132634",12,10.5732304550082,-1.42676954499175,"Female",4,0.75
43,"z0132639",29,21.0551450918763,-7.94485490812373,"Female",3,0.55
43,"z0132641",21,21.778460754136,0.77846075413597,"Male",3,0.55
43,"z0132642",11,9.17614012063486,-1.82385987936514,"Female",2,0.2
43,"z0132658",36,17.0008522073754,-18.9991477926246,"Male",4,0.75
43,"z0132659",27,24.404817629513,-2.595182370487,"Female",3,0.55
43,"z0132660",23,21.9659439668411,-1.03405603315889,"Male",4,0.75
43,"z0160208",21,20.5442781062192,-0.455721893780769,"Female",5,1
43,"z0175867",9,13.0058411092169,4.00584110921693,"Female",4,0.75
43,"z0175874",20,15.5615514670915,-4.43844853290849,"Male",4,0.75
43,"z0175876",12,19.0236227480335,7.02362274803346,"Male",5,1
43,"z0175877",32,28.0556733870514,-3.9443266129486,"Female",4,0.75
43,"z0178364",10,15.6111403688296,5.61114036882964,"Female",5,1
43,"z0183541",32,22.0928823968653,-9.90711760313474,"Male",4,0.75
43,"z0183543",4,7.83414405328534,3.83414405328534,"Male",5,1
43,"z0183544",11,7.53133179641834,-3.46866820358166,"Female",5,1
43,"z0186431",8,10.0716648203273,2.07166482032729,"Male",2,0.2
43,"z0186433",21,18.8012934344077,-2.19870656559232,"Male",5,1
43,"z0186434",22,16.2971833761234,-5.70281662387664,"Male",3,0.55
43,"z0186435",30,11.3054745903478,-18.6945254096522,"Male",3,0.55
43,"z0186450",4,5.33972522855824,1.33972522855824,"Male",3,0.55
43,"z0190863",11,11.0621111540283,0.062111154028333,"Female",5,1
43,"z0190867",7,8.09442556960154,1.09442556960154,"Female",4,0.75
43,"z0196956",13,18.2661119936969,5.26611199369695,"Male",5,1
43,"z0198374",16,16.6537256668127,0.653725666812729,"Male",4,0.75
43,"z0198377",35,21.5821972111987,-13.4178027888013,"Female",3,0.55
43,"z0198473",25,25.2435719137662,0.243571913766203,"Male",5,1
43,"z0198474",19,25.2484788576036,6.24847885760362,"Male",5,1
43,"z0198475",40,32.0063116157537,-7.99368838424629,"Male",3,0.55
43,"z0187739",23,25.1396485164129,2.13964851641292,"Female",3,0.55
43,"z0045928",22,26.7234530158445,4.72345301584447,"Female",2,0.2
44,"z0018943",10,18.5172905571872,8.51729055718718,"Female",3,0.55
44,"z0018944",10,12.9475201098083,2.94752010980834,"Male",3,0.55
44,"z0018945",22,23.3057022266249,1.30570222662488,"Female",3,0.55
44,"z0023316",6,7.61216529282066,1.61216529282066,"Male",4,0.75
44,"z0023317",25,26.2021035018487,1.20210350184871,"Male",3,0.55
44,"z0023318",11,7.27315824560171,-3.72684175439829,"Female",4,0.75
44,"z0023319",26,20.0100942900104,-5.98990570998956,"Male",4,0.75
44,"z0023321",11,7.21951123714866,-3.78048876285134,"Female",3,0.55
44,"z0027453",6,11.9255132541593,5.92551325415929,"Female",3,0.55
44,"z0033888",6,6.17583392494349,0.175833924943486,"Female",3,0.55
44,"z0033898",10,13.7833895824228,3.78338958242276,"Male",3,0.55
44,"z0033906",15,22.0222456126973,7.02224561269731,"Male",5,1
44,"z0033908",6,20.149961337675,14.149961337675,"Male",5,1
44,"z0041286",28,25.2328713346535,-2.76712866534652,"Male",3,0.55
44,"z0045925",24,25.0787482855992,1.07874828559923,"Male",4,0.75
44,"z0045931",7,4.31480630226253,-2.68519369773747,"Male",4,0.75
44,"z0049046",6,7.87454548467107,1.87454548467107,"Female",3,0.55
44,"z0049050",11,26.8364926269624,15.8364926269624,"Male",3,0.55
44,"z0049051",37,24.1477932494826,-12.8522067505174,"Female",4,0.75
44,"z0049052",34,25.4596227477365,-8.54037725226348,"Male",4,0.75
44,"z0061425",26,18.1991618178825,-7.80083818211748,"Male",4,0.75
44,"z0071016",8,12.0167868389223,4.01678683892232,"Male",3,0.55
44,"z0075660",18,25.6548611161413,7.65486111614129,"Male",4,0.75
44,"z0075663",18,22.6742384399925,4.67423843999252,"Male",3,0.55
44,"z0075665",27,24.2975176366946,-2.70248236330539,"Female",3,0.55
44,"z0075676",9,7.30333006398519,-1.69666993601481,"Female",4,0.75
44,"z0075677",4,5.76404909446763,1.76404909446763,"Female",5,1
44,"z0075678",7,11.3565778802888,4.3565778802888,"Female",4,0.75
44,"z0091082",7,5.44946367878751,-1.55053632121249,"Female",3,0.55
44,"z0091085",19,22.5906005378248,3.59060053782481,"Female",3,0.55
44,"z0091086",3,10.2900776630612,7.29007766306119,"Female",3,0.55
44,"z0091275",3,6.90101877963935,3.90101877963935,"Male",3,0.55
44,"z0091277",3,7.08882295649886,4.08882295649886,"Female",4,0.75
44,"z0091284",3,4.72991955960921,1.72991955960921,"Male",4,0.75
44,"z0091285",5,6.23161741279913,1.23161741279913,"Male",5,1
44,"z0091286",14,13.5717985341953,-0.428201465804705,"Male",4,0.75
44,"z0092243",19,16.2394305201518,-2.76056947984822,"Female",4,0.75
44,"z0092256",5,5.39351246057141,0.39351246057141,"Male",5,1
44,"z0098734",23,16.643715910035,-6.356284089965,"Male",4,0.75
44,"z0098735",30,28.2638863249333,-1.7361136750667,"Male",4,0.75
44,"z0098736",15,6.80585145436432,-8.19414854563568,"Female",3,0.55
44,"z0098737",12,8.37071554970338,-3.62928445029662,"Female",5,1
44,"z0098738",19,18.9374968844707,-0.062503115529303,"Male",4,0.75
44,"z0098740",17,11.2685542385855,-5.73144576141448,"Female",4,0.75
44,"z0098745",7,10.9415873127011,3.9415873127011,"Male",4,0.75
44,"z0098746",32,21.07106767963,-10.92893232037,"Male",4,0.75
44,"z0102483",5,6.94093759419632,1.94093759419632,"Male",5,1
44,"z0102484",13,15.0917091437661,2.09170914376608,"Female",3,0.55
44,"z0102500",12,9.68365839425512,-2.31634160574488,"Male",4,0.75
44,"z0123188",24,29.4060519521595,5.40605195215945,"Female",5,1
44,"z0132631",15,21.8369563566381,6.8369563566381,"Female",3,0.55
44,"z0132632",34,30.1468265291856,-3.85317347081442,"Female",4,0.75
44,"z0132634",12,11.2449940530675,-0.755005946932453,"Female",4,0.75
44,"z0132639",29,21.3821347087152,-7.61786529128475,"Female",3,0.55
44,"z0132641",21,22.9003416944727,1.90034169447267,"Male",3,0.55
44,"z0132658",36,18.3483897520298,-17.6516102479702,"Male",4,0.75
44,"z0132659",27,26.5124970490982,-0.487502950901806,"Female",3,0.55
44,"z0132660",23,22.6447310745578,-0.355268925442225,"Male",4,0.75
44,"z0160208",21,20.9692734158757,-0.0307265841242916,"Female",5,1
44,"z0175867",9,14.2845052617021,5.28450526170211,"Female",4,0.75
44,"z0175874",20,15.7628169375111,-4.23718306248888,"Male",4,0.75
44,"z0175876",12,18.3503189138012,6.35031891380117,"Male",5,1
44,"z0175877",32,27.9962371210482,-4.00376287895178,"Female",4,0.75
44,"z0178364",10,15.5228585913618,5.52285859136182,"Female",5,1
44,"z0183541",32,24.938702199813,-7.06129780018697,"Male",4,0.75
44,"z0183543",4,6.60103624873378,2.60103624873378,"Male",5,1
44,"z0183544",11,7.69816756828154,-3.30183243171846,"Female",5,1
44,"z0186433",21,20.9296139692813,-0.070386030718744,"Male",5,1
44,"z0186434",22,17.835404378966,-4.16459562103397,"Male",3,0.55
44,"z0186435",30,10.7124758537349,-19.287524146265,"Male",3,0.55
44,"z0186450",4,6.82682181148559,2.82682181148559,"Male",3,0.55
44,"z0190863",11,10.5011679766635,-0.498832023336469,"Female",5,1
44,"z0190867",7,8.75960381307972,1.75960381307972,"Female",4,0.75
44,"z0196956",13,16.5468036010798,3.54680360107985,"Male",5,1
44,"z0198374",16,17.201147976968,1.20114797696797,"Male",4,0.75
44,"z0198377",35,24.3462605560076,-10.6537394439924,"Female",3,0.55
44,"z0198473",25,26.4528974909198,1.45289749091983,"Male",5,1
44,"z0198474",19,25.3880528410137,6.38805284101372,"Male",5,1
44,"z0198475",40,30.9667696560557,-9.03323034394428,"Male",3,0.55
44,"z0187739",23,25.1559789377732,2.15597893777323,"Female",3,0.55
45,"z0023316",6,6.54651259297066,0.546512592970663,"Male",4,0.75
45,"z0023318",11,6.62115391746035,-4.37884608253965,"Female",4,0.75
45,"z0023319",26,19.1604226846557,-6.83957731534433,"Male",4,0.75
45,"z0033906",15,19.7969778159326,4.79697781593261,"Male",5,1
45,"z0033908",6,18.9894007540406,12.9894007540406,"Male",5,1
45,"z0045925",24,26.1830363675464,2.18303636754641,"Male",4,0.75
45,"z0045931",7,4.59359078323682,-2.40640921676318,"Male",4,0.75
45,"z0049051",37,25.3872585584679,-11.6127414415321,"Female",4,0.75
45,"z0049052",34,26.0172880114351,-7.98271198856489,"Male",4,0.75
45,"z0061425",26,19.1921314169107,-6.80786858308933,"Male",4,0.75
45,"z0075660",18,24.5769331036635,6.57693310366349,"Male",4,0.75
45,"z0075676",9,10.2421900918302,1.2421900918302,"Female",4,0.75
45,"z0075677",4,6.97722392678801,2.97722392678801,"Female",5,1
45,"z0075678",7,11.776779888917,4.77677988891696,"Female",4,0.75
45,"z0091277",3,9.5682435602211,6.5682435602211,"Female",4,0.75
45,"z0091284",3,4.75124389864142,1.75124389864142,"Male",4,0.75
45,"z0091285",5,6.35444110483572,1.35444110483572,"Male",5,1
45,"z0091286",14,15.1089292704016,1.10892927040155,"Male",4,0.75
45,"z0092243",19,18.8491139194266,-0.150886080573397,"Female",4,0.75
45,"z0092256",5,6.18719527730292,1.18719527730292,"Male",5,1
45,"z0098734",23,19.1492554928246,-3.85074450717536,"Male",4,0.75
45,"z0098735",30,25.9645810391372,-4.03541896086276,"Male",4,0.75
45,"z0098737",12,12.3592389901556,0.359238990155625,"Female",5,1
45,"z0098738",19,20.1619608216652,1.16196082166515,"Male",4,0.75
45,"z0098740",17,11.7391687509811,-5.26083124901893,"Female",4,0.75
45,"z0098745",7,11.5780486439423,4.57804864394227,"Male",4,0.75
45,"z0098746",32,19.0944137955907,-12.9055862044093,"Male",4,0.75
45,"z0102483",5,6.87396631923387,1.87396631923387,"Male",5,1
45,"z0102500",12,10.417998761856,-1.58200123814404,"Male",4,0.75
45,"z0123188",24,27.4417514489358,3.44175144893577,"Female",5,1
45,"z0132632",34,26.4996382028528,-7.50036179714718,"Female",4,0.75
45,"z0132634",12,13.409122083083,1.40912208308304,"Female",4,0.75
45,"z0132658",36,19.7480790942795,-16.2519209057205,"Male",4,0.75
45,"z0132660",23,22.9436858634812,-0.0563141365187931,"Male",4,0.75
45,"z0160208",21,19.1143519990041,-1.8856480009959,"Female",5,1
45,"z0175867",9,15.8004991917698,6.80049919176983,"Female",4,0.75
45,"z0175874",20,17.6272489855878,-2.37275101441222,"Male",4,0.75
45,"z0175876",12,18.4881547555152,6.48815475551517,"Male",5,1
45,"z0175877",32,23.3236508632522,-8.67634913674784,"Female",4,0.75
45,"z0178364",10,17.2139372123013,7.21393721230134,"Female",5,1
45,"z0183541",32,23.1305371572519,-8.86946284274815,"Male",4,0.75
45,"z0183543",4,5.48068739385899,1.48068739385899,"Male",5,1
45,"z0183544",11,9.75004924829814,-1.24995075170186,"Female",5,1
45,"z0186433",21,21.9893228216638,0.989322821663766,"Male",5,1
45,"z0190863",11,11.6614694494653,0.661469449465311,"Female",5,1
45,"z0190867",7,9.33698541479988,2.33698541479988,"Female",4,0.75
45,"z0196956",13,16.0709748768135,3.07097487681352,"Male",5,1
45,"z0198374",16,18.0828733041601,2.08287330416011,"Male",4,0.75
45,"z0198473",25,25.1770014537319,0.177001453731876,"Male",5,1
45,"z0198474",19,24.4173229770035,5.41732297700347,"Male",5,1
46,"z0018943",10,12.3245374431689,2.32453744316888,"Female",3,0.55
46,"z0018944",10,8.4301397078659,-1.56986029213411,"Male",3,0.55
46,"z0018945",22,21.0581179945681,-0.9418820054319,"Female",3,0.55
46,"z0023316",6,4.64021428464256,-1.35978571535744,"Male",4,0.75
46,"z0023317",25,26.4513835429671,1.45138354296714,"Male",3,0.55
46,"z0023318",11,7.51932750060107,-3.48067249939893,"Female",4,0.75
46,"z0023319",26,18.7778134685917,-7.22218653140828,"Male",4,0.75
46,"z0023321",11,10.6733758849923,-0.326624115007711,"Female",3,0.55
46,"z0027453",6,14.4683101665482,8.46831016654816,"Female",3,0.55
46,"z0027455",10,9.56074508445276,-0.439254915547238,"Female",2,0.2
46,"z0033888",6,5.233864521017,-0.766135478982997,"Female",3,0.55
46,"z0033893",15,18.426972902464,3.42697290246396,"Male",2,0.2
46,"z0033898",10,12.7651371072518,2.76513710725178,"Male",3,0.55
46,"z0033906",15,18.0176372304992,3.01763723049917,"Male",5,1
46,"z0033908",6,20.5293848258114,14.5293848258114,"Male",5,1
46,"z0041286",28,32.7209819353898,4.72098193538977,"Male",3,0.55
46,"z0045921",10,17.29109893179,7.29109893178997,"Female",2,0.2
46,"z0045925",24,25.8880069435965,1.88800694359649,"Male",4,0.75
46,"z0045931",7,3.72643661875477,-3.27356338124523,"Male",4,0.75
46,"z0049046",6,4.53556903493591,-1.46443096506409,"Female",3,0.55
46,"z0049048",11,13.7859142589794,2.7859142589794,"Male",2,0.2
46,"z0049050",11,23.3829747575365,12.3829747575365,"Male",3,0.55
46,"z0049051",37,26.8772221598341,-10.1227778401659,"Female",4,0.75
46,"z0049052",34,29.1758874737357,-4.82411252626428,"Male",4,0.75
46,"z0061425",26,15.0153789733251,-10.9846210266749,"Male",4,0.75
46,"z0071016",8,11.6197202443239,3.61972024432394,"Male",3,0.55
46,"z0075660",18,22.8976923774605,4.89769237746054,"Male",4,0.75
46,"z0075663",18,20.4831070418856,2.4831070418856,"Male",3,0.55
46,"z0075665",27,21.5200859414955,-5.47991405850448,"Female",3,0.55
46,"z0075676",9,10.6385916758325,1.63859167583245,"Female",4,0.75
46,"z0075677",4,7.16994459406001,3.16994459406001,"Female",5,1
46,"z0075678",7,9.19672388308379,2.19672388308379,"Female",4,0.75
46,"z0091082",7,7.62362411699186,0.623624116991856,"Female",3,0.55
46,"z0091085",19,15.7872121120939,-3.21278788790614,"Female",3,0.55
46,"z0091086",3,10.7475515794812,7.74755157948119,"Female",3,0.55
46,"z0091275",3,6.64270284551652,3.64270284551652,"Male",3,0.55
46,"z0091276",10,13.7152424401696,3.7152424401696,"Female",2,0.2
46,"z0091277",3,9.22666549735325,6.22666549735325,"Female",4,0.75
46,"z0091284",3,7.23758894638604,4.23758894638604,"Male",4,0.75
46,"z0091285",5,6.37064818558155,1.37064818558155,"Male",5,1
46,"z0091286",14,10.2987384189581,-3.70126158104188,"Male",4,0.75
46,"z0092243",19,13.0015655774955,-5.99843442250454,"Female",4,0.75
46,"z0092256",5,7.10819669191816,2.10819669191816,"Male",5,1
46,"z0098734",23,15.3623720150206,-7.63762798497943,"Male",4,0.75
46,"z0098735",30,26.1721003394374,-3.82789966056259,"Male",4,0.75
46,"z0098736",15,8.17536436999644,-6.82463563000356,"Female",3,0.55
46,"z0098737",12,7.83657088534087,-4.16342911465913,"Female",5,1
46,"z0098738",19,18.4207169576645,-0.579283042335504,"Male",4,0.75
46,"z0098740",17,13.1048325157722,-3.89516748422777,"Female",4,0.75
46,"z0098744",6,9.84092874226197,3.84092874226197,"Male",2,0.2
46,"z0098745",7,7.83120144478048,0.831201444780481,"Male",4,0.75
46,"z0098746",32,18.3286231549394,-13.6713768450606,"Male",4,0.75
46,"z0102483",5,6.98560547914739,1.98560547914739,"Male",5,1
46,"z0102484",13,18.1600967920061,5.16009679200613,"Female",3,0.55
46,"z0102485",21,26.6601607953704,5.6601607953704,"Male",2,0.2
46,"z0102500",12,10.3429707038118,-1.65702929618824,"Male",4,0.75
46,"z0123188",24,28.5639817054409,4.56398170544086,"Female",5,1
46,"z0132631",15,20.3771163636169,5.37711636361687,"Female",3,0.55
46,"z0132632",34,29.8591192830871,-4.14088071691291,"Female",4,0.75
46,"z0132634",12,9.77096222608462,-2.22903777391538,"Female",4,0.75
46,"z0132639",29,19.1976550284109,-9.80234497158906,"Female",3,0.55
46,"z0132641",21,19.4325087478533,-1.56749125214669,"Male",3,0.55
46,"z0132642",11,9.21510253426176,-1.78489746573824,"Female",2,0.2
46,"z0132658",36,23.2419633255583,-12.7580366744417,"Male",4,0.75
46,"z0132659",27,22.6535189796729,-4.34648102032714,"Female",3,0.55
46,"z0132660",23,25.212987346695,2.21298734669495,"Male",4,0.75
46,"z0160208",21,20.0062745442559,-0.993725455744119,"Female",5,1
46,"z0175867",9,12.6010559361176,3.60105593611761,"Female",4,0.75
46,"z0175874",20,15.476115130204,-4.52388486979603,"Male",4,0.75
46,"z0175876",12,18.488019224072,6.48801922407205,"Male",5,1
46,"z0175877",32,27.3836933358877,-4.61630666411227,"Female",4,0.75
46,"z0178364",10,13.3426572974272,3.34265729742725,"Female",5,1
46,"z0183541",32,30.0883995805499,-1.91160041945006,"Male",4,0.75
46,"z0183543",4,5.75723305275987,1.75723305275987,"Male",5,1
46,"z0183544",11,7.93671552823377,-3.06328447176623,"Female",5,1
46,"z0186431",8,10.6477999609854,2.64779996098542,"Male",2,0.2
46,"z0186433",21,19.7600186082985,-1.23998139170149,"Male",5,1
46,"z0186434",22,18.8634798182862,-3.1365201817138,"Male",3,0.55
46,"z0186435",30,17.1572856139694,-12.8427143860306,"Male",3,0.55
46,"z0186450",4,6.65798095628471,2.65798095628471,"Male",3,0.55
46,"z0190863",11,8.59932005214193,-2.40067994785807,"Female",5,1
46,"z0190867",7,14.0702396548953,7.0702396548953,"Female",4,0.75
46,"z0196956",13,20.1570323651361,7.15703236513612,"Male",5,1
46,"z0198374",16,17.3216162277072,1.32161622770717,"Male",4,0.75
46,"z0198377",35,27.1717884099375,-7.82821159006249,"Female",3,0.55
46,"z0198473",25,26.058498612717,1.05849861271705,"Male",5,1
46,"z0198474",19,23.5305621795089,4.53056217950894,"Male",5,1
46,"z0198475",40,31.0750340491989,-8.92496595080112,"Male",3,0.55
46,"z0187739",23,27.3642662744943,4.36426627449429,"Female",3,0.55
46,"z0045928",22,26.2955004926049,4.29550049260487,"Female",2,0.2
47,"z0018943",10,15.6872249342807,5.68722493428066,"Female",3,0.55
47,"z0018944",10,9.36341172551493,-0.636588274485074,"Male",3,0.55
47,"z0018945",22,23.11783342772,1.11783342772003,"Female",3,0.55
47,"z0023316",6,6.0665493661405,0.0665493661404959,"Male",4,0.75
47,"z0023317",25,26.7924108718587,1.79241087185869,"Male",3,0.55
47,"z0023318",11,7.43213429333084,-3.56786570666916,"Female",4,0.75
47,"z0023319",26,19.824297013043,-6.17570298695703,"Male",4,0.75
47,"z0023321",11,9.69852216591162,-1.30147783408838,"Female",3,0.55
47,"z0027453",6,12.6055620031617,6.60556200316174,"Female",3,0.55
47,"z0033888",6,5.57571129509538,-0.424288704904615,"Female",3,0.55
47,"z0033898",10,13.0301992209883,3.03019922098826,"Male",3,0.55
47,"z0033906",15,20.3701156218117,5.37011562181172,"Male",5,1
47,"z0033908",6,21.7641445607477,15.7641445607477,"Male",5,1
47,"z0041286",28,28.9571911767975,0.957191176797537,"Male",3,0.55
47,"z0045925",24,25.4965395303946,1.49653953039456,"Male",4,0.75
47,"z0045931",7,4.7568199195733,-2.2431800804267,"Male",4,0.75
47,"z0049046",6,4.75259723388461,-1.24740276611539,"Female",3,0.55
47,"z0049050",11,25.498093855789,14.498093855789,"Male",3,0.55
47,"z0049051",37,25.9986487345229,-11.0013512654771,"Female",4,0.75
47,"z0049052",34,27.507625913404,-6.49237408659604,"Male",4,0.75
47,"z0061425",26,16.4852497856288,-9.51475021437122,"Male",4,0.75
47,"z0071016",8,12.1008124310538,4.10081243105378,"Male",3,0.55
47,"z0075660",18,24.5932264461265,6.59322644612646,"Male",4,0.75
47,"z0075663",18,22.5401161328685,4.54011613286845,"Male",3,0.55
47,"z0075665",27,21.2115531895878,-5.78844681041217,"Female",3,0.55
47,"z0075676",9,12.7489189550098,3.74891895500976,"Female",4,0.75
47,"z0075677",4,6.51568668199077,2.51568668199077,"Female",5,1
47,"z0075678",7,11.2243060205882,4.22430602058822,"Female",4,0.75
47,"z0091082",7,6.40892978838098,-0.591070211619016,"Female",3,0.55
47,"z0091085",19,17.7537872014187,-1.24621279858134,"Female",3,0.55
47,"z0091086",3,10.4185599238924,7.4185599238924,"Female",3,0.55
47,"z0091275",3,6.06410830933198,3.06410830933198,"Male",3,0.55
47,"z0091277",3,8.64904152136738,5.64904152136738,"Female",4,0.75
47,"z0091284",3,6.00146553066799,3.00146553066799,"Male",4,0.75
47,"z0091285",5,6.35101769444336,1.35101769444336,"Male",5,1
47,"z0091286",14,12.1875708638737,-1.81242913612627,"Male",4,0.75
47,"z0092243",19,14.3940397669999,-4.60596023300011,"Female",4,0.75
47,"z0092256",5,6.00456034911915,1.00456034911915,"Male",5,1
47,"z0098734",23,16.4205691576039,-6.57943084239611,"Male",4,0.75
47,"z0098735",30,27.1394338863105,-2.86056611368953,"Male",4,0.75
47,"z0098736",15,6.45071967440509,-8.54928032559491,"Female",3,0.55
47,"z0098737",12,8.775912091875,-3.224087908125,"Female",5,1
47,"z0098738",19,18.4986945974334,-0.501305402566608,"Male",4,0.75
47,"z0098740",17,12.5663861814157,-4.43361381858429,"Female",4,0.75
47,"z0098745",7,8.5788764924668,1.5788764924668,"Male",4,0.75
47,"z0098746",32,17.9219132704263,-14.0780867295737,"Male",4,0.75
47,"z0102483",5,6.20658877250486,1.20658877250486,"Male",5,1
47,"z0102484",13,17.6187827681729,4.61878276817286,"Female",3,0.55
47,"z0102500",12,10.8583250194124,-1.14167498058757,"Male",4,0.75
47,"z0123188",24,28.3254127047891,4.32541270478912,"Female",5,1
47,"z0132631",15,22.2417077213302,7.24170772133017,"Female",3,0.55
47,"z0132632",34,28.438251151477,-5.56174884852302,"Female",4,0.75
47,"z0132634",12,11.3640849701103,-0.635915029889667,"Female",4,0.75
47,"z0132639",29,19.2808171277165,-9.71918287228354,"Female",3,0.55
47,"z0132641",21,21.1082085508715,0.108208550871478,"Male",3,0.55
47,"z0132658",36,22.3700080538244,-13.6299919461756,"Male",4,0.75
47,"z0132659",27,24.8548905585269,-2.14510944147314,"Female",3,0.55
47,"z0132660",23,25.2741863651493,2.2741863651493,"Male",4,0.75
47,"z0160208",21,20.544958429741,-0.455041570259038,"Female",5,1
47,"z0175867",9,14.5937663959295,5.59376639592951,"Female",4,0.75
47,"z0175874",20,16.3637422251523,-3.63625777484773,"Male",4,0.75
47,"z0175876",12,19.261652264471,7.26165226447101,"Male",5,1
47,"z0175877",32,26.2563801856703,-5.7436198143297,"Female",4,0.75
47,"z0178364",10,13.5358529069339,3.53585290693391,"Female",5,1
47,"z0183541",32,27.9254874003103,-4.07451259968969,"Male",4,0.75
47,"z0183543",4,6.36032724213327,2.36032724213327,"Male",5,1
47,"z0183544",11,6.82527184675439,-4.17472815324561,"Female",5,1
47,"z0186433",21,21.3452532675716,0.345253267571646,"Male",5,1
47,"z0186434",22,18.9086860512758,-3.09131394872421,"Male",3,0.55
47,"z0186435",30,15.2396006986908,-14.7603993013092,"Male",3,0.55
47,"z0186450",4,7.25605344658654,3.25605344658654,"Male",3,0.55
47,"z0190863",11,10.7262537809733,-0.273746219026712,"Female",5,1
47,"z0190867",7,11.6121583403965,4.61215834039648,"Female",4,0.75
47,"z0196956",13,19.059117651627,6.05911765162704,"Male",5,1
47,"z0198374",16,16.1888845012445,0.18888450124448,"Male",4,0.75
47,"z0198377",35,26.2634599641153,-8.73654003588468,"Female",3,0.55
47,"z0198473",25,26.436377980971,1.43637798097099,"Male",5,1
47,"z0198474",19,24.2068123224984,5.2068123224984,"Male",5,1
47,"z0198475",40,30.0878349619562,-9.91216503804384,"Male",3,0.55
47,"z0187739",23,26.9259339358911,3.9259339358911,"Female",3,0.55
48,"z0023316",6,4.5787727026692,-1.4212272973308,"Male",4,0.75
48,"z0023318",11,7.29857676106993,-3.70142323893007,"Female",4,0.75
48,"z0023319",26,16.990715903817,-9.00928409618299,"Male",4,0.75
48,"z0033906",15,14.6486952097503,-0.351304790249706,"Male",5,1
48,"z0033908",6,16.3174753680572,10.3174753680572,"Male",5,1
48,"z0045925",24,27.0027299397359,3.00272993973591,"Male",4,0.75
48,"z0045931",7,3.0854303688598,-3.9145696311402,"Male",4,0.75
48,"z0049051",37,31.8565143984128,-5.14348560158722,"Female",4,0.75
48,"z0049052",34,31.2983416302899,-2.70165836971014,"Male",4,0.75
48,"z0061425",26,14.7898122744456,-11.2101877255544,"Male",4,0.75
48,"z0075660",18,24.7540861026109,6.7540861026109,"Male",4,0.75
48,"z0075676",9,12.5955913252135,3.59559132521355,"Female",4,0.75
48,"z0075677",4,2.81422489193118,-1.18577510806882,"Female",5,1
48,"z0075678",7,10.5291401098128,3.52914010981284,"Female",4,0.75
48,"z0091277",3,6.89255165359252,3.89255165359252,"Female",4,0.75
48,"z0091284",3,2.24667928310559,-0.753320716894407,"Male",4,0.75
48,"z0091285",5,3.62212342535269,-1.37787657464731,"Male",5,1
48,"z0091286",14,15.229313690173,1.22931369017298,"Male",4,0.75
48,"z0092243",19,17.4329660693949,-1.56703393060515,"Female",4,0.75
48,"z0092256",5,6.69752168183024,1.69752168183024,"Male",5,1
48,"z0098734",23,20.1463462943677,-2.85365370563232,"Male",4,0.75
48,"z0098735",30,27.1578994595661,-2.84210054043385,"Male",4,0.75
48,"z0098737",12,11.4321158103625,-0.56788418963747,"Female",5,1
48,"z0098738",19,18.0300310428906,-0.969968957109444,"Male",4,0.75
48,"z0098740",17,12.0449453939061,-4.95505460609395,"Female",4,0.75
48,"z0098745",7,11.203369695353,4.20336969535304,"Male",4,0.75
48,"z0098746",32,16.0541456304555,-15.9458543695445,"Male",4,0.75
48,"z0102483",5,2.73215588874959,-2.26784411125041,"Male",5,1
48,"z0102500",12,10.7802726466232,-1.21972735337681,"Male",4,0.75
48,"z0123188",24,27.476640458498,3.476640458498,"Female",5,1
48,"z0132632",34,28.2237870264772,-5.77621297352277,"Female",4,0.75
48,"z0132634",12,12.6160411623928,0.616041162392772,"Female",4,0.75
48,"z0132658",36,21.024386324633,-14.975613675367,"Male",4,0.75
48,"z0132660",23,25.1682986720171,2.16829867201712,"Male",4,0.75
48,"z0160208",21,18.6648214515061,-2.33517854849394,"Female",5,1
48,"z0175867",9,13.6466636218769,4.64666362187693,"Female",4,0.75
48,"z0175874",20,21.3325988309363,1.33259883093629,"Male",4,0.75
48,"z0175876",12,19.4672448598035,7.46724485980345,"Male",5,1
48,"z0175877",32,31.0598242150332,-0.940175784966826,"Female",4,0.75
48,"z0178364",10,17.1827445131089,7.18274451310894,"Female",5,1
48,"z0183541",32,27.3934184279088,-4.60658157209124,"Male",4,0.75
48,"z0183543",4,4.03214372649956,0.0321437264995552,"Male",5,1
48,"z0183544",11,11.164121579364,0.164121579364007,"Female",5,1
48,"z0186433",21,21.566093106219,0.566093106219046,"Male",5,1
48,"z0190863",11,15.1460220624841,4.14602206248407,"Female",5,1
48,"z0190867",7,13.5486561095454,6.54865610954536,"Female",4,0.75
48,"z0196956",13,15.4038345808874,2.4038345808874,"Male",5,1
48,"z0198374",16,15.712970437657,-0.287029562342997,"Male",4,0.75
48,"z0198473",25,26.7463307617886,1.74633076178856,"Male",5,1
48,"z0198474",19,23.4164425990596,4.41644259905959,"Male",5,1
49,"z0018943",10,15.237922205502,5.23792220550196,"Female",3,0.55
49,"z0018944",10,10.2609102390395,0.260910239039468,"Male",3,0.55
49,"z0018945",22,23.2763841844594,1.2763841844594,"Female",3,0.55
49,"z0023316",6,7.86651724011315,1.86651724011315,"Male",4,0.75
49,"z0023317",25,24.6472609449158,-0.352739055084168,"Male",3,0.55
49,"z0023318",11,7.61820084692068,-3.38179915307932,"Female",4,0.75
49,"z0023319",26,20.4926831747734,-5.50731682522661,"Male",4,0.75
49,"z0023321",11,8.75272373335555,-2.24727626664445,"Female",3,0.55
49,"z0027453",6,14.1629132231483,8.16291322314833,"Female",3,0.55
49,"z0027455",10,11.7245699860747,1.7245699860747,"Female",2,0.2
49,"z0033888",6,3.84446982315022,-2.15553017684978,"Female",3,0.55
49,"z0033893",15,18.6778493482904,3.67784934829037,"Male",2,0.2
49,"z0033898",10,11.0321574483443,1.03215744834433,"Male",3,0.55
49,"z0033906",15,19.3875424734179,4.38754247341786,"Male",5,1
49,"z0033908",6,22.9420205761054,16.9420205761054,"Male",5,1
49,"z0041286",28,28.7961138076547,0.796113807654677,"Male",3,0.55
49,"z0045921",10,18.8527420832135,8.85274208321353,"Female",2,0.2
49,"z0045925",24,28.2431036313167,4.24310363131674,"Male",4,0.75
49,"z0045931",7,3.8936486718329,-3.1063513281671,"Male",4,0.75
49,"z0049046",6,5.35468202832627,-0.645317971673732,"Female",3,0.55
49,"z0049048",11,13.6783253976558,2.67832539765581,"Male",2,0.2
49,"z0049050",11,23.6847027010936,12.6847027010936,"Male",3,0.55
49,"z0049051",37,21.5630764801838,-15.4369235198162,"Female",4,0.75
49,"z0049052",34,27.1591295656956,-6.84087043430441,"Male",4,0.75
49,"z0061425",26,19.2316712111131,-6.76832878888689,"Male",4,0.75
49,"z0071016",8,11.7791137321399,3.77911373213988,"Male",3,0.55
49,"z0075660",18,25.689376058744,7.68937605874396,"Male",4,0.75
49,"z0075663",18,20.9106041000113,2.91060410001132,"Male",3,0.55
49,"z0075665",27,23.7379234094207,-3.26207659057929,"Female",3,0.55
49,"z0075676",9,10.4287056172273,1.42870561722726,"Female",4,0.75
49,"z0075677",4,7.6389778703499,3.6389778703499,"Female",5,1
49,"z0075678",7,10.5415730480964,3.54157304809642,"Female",4,0.75
49,"z0091082",7,7.89965706729745,0.899657067297454,"Female",3,0.55
49,"z0091085",19,21.2632233089424,2.26322330894237,"Female",3,0.55
49,"z0091086",3,10.6622009128356,7.66220091283557,"Female",3,0.55
49,"z0091275",3,8.4773462639572,5.4773462639572,"Male",3,0.55
49,"z0091276",10,14.7809035817301,4.78090358173014,"Female",2,0.2
49,"z0091277",3,8.51050033245303,5.51050033245303,"Female",4,0.75
49,"z0091284",3,5.97318994651317,2.97318994651317,"Male",4,0.75
49,"z0091285",5,7.7517582219926,2.7517582219926,"Male",5,1
49,"z0091286",14,11.0861247760727,-2.91387522392726,"Male",4,0.75
49,"z0092243",19,12.2922766548786,-6.70772334512137,"Female",4,0.75
49,"z0092256",5,5.95821526915202,0.958215269152015,"Male",5,1
49,"z0098734",23,15.3680900600691,-7.63190993993093,"Male",4,0.75
49,"z0098735",30,27.2048131261934,-2.79518687380659,"Male",4,0.75
49,"z0098736",15,9.24388127055263,-5.75611872944737,"Female",3,0.55
49,"z0098737",12,5.36900016954839,-6.63099983045161,"Female",5,1
49,"z0098738",19,18.0783051945167,-0.921694805483305,"Male",4,0.75
49,"z0098740",17,11.4395007653373,-5.56049923466271,"Female",4,0.75
49,"z0098744",6,9.05840901674872,3.05840901674872,"Male",2,0.2
49,"z0098745",7,8.51439979672196,1.51439979672196,"Male",4,0.75
49,"z0098746",32,18.0689276391162,-13.9310723608838,"Male",4,0.75
49,"z0102483",5,7.1752780003048,2.1752780003048,"Male",5,1
49,"z0102484",13,16.3825853777468,3.38258537774685,"Female",3,0.55
49,"z0102485",21,26.9784893003291,5.9784893003291,"Male",2,0.2
49,"z0102500",12,11.1274953867796,-0.872504613220389,"Male",4,0.75
49,"z0123188",24,28.0954079265418,4.09540792654175,"Female",5,1
49,"z0132631",15,17.9274401940448,2.92744019404477,"Female",3,0.55
49,"z0132632",34,29.2002783503296,-4.79972164967037,"Female",4,0.75
49,"z0132634",12,10.0018095492553,-1.99819045074473,"Female",4,0.75
49,"z0132639",29,21.0376473020931,-7.96235269790694,"Female",3,0.55
49,"z0132641",21,20.8148400427308,-0.1851599572692,"Male",3,0.55
49,"z0132642",11,10.5491541452577,-0.450845854742337,"Female",2,0.2
49,"z0132658",36,23.9288045124168,-12.0711954875832,"Male",4,0.75
49,"z0132659",27,24.1729692948264,-2.82703070517362,"Female",3,0.55
49,"z0132660",23,25.9940492617057,2.99404926170568,"Male",4,0.75
49,"z0160208",21,18.8966356524691,-2.10336434753092,"Female",5,1
49,"z0175867",9,11.3358492474897,2.3358492474897,"Female",4,0.75
49,"z0175874",20,14.1130644765077,-5.88693552349229,"Male",4,0.75
49,"z0175876",12,16.8360512791061,4.83605127910606,"Male",5,1
49,"z0175877",32,26.4174491192048,-5.58255088079516,"Female",4,0.75
49,"z0178364",10,14.8655394233492,4.86553942334922,"Female",5,1
49,"z0183541",32,28.128926791963,-3.871073208037,"Male",4,0.75
49,"z0183543",4,5.95024216938671,1.95024216938671,"Male",5,1
49,"z0183544",11,6.92031539211428,-4.07968460788572,"Female",5,1
49,"z0186431",8,9.19498167735517,1.19498167735517,"Male",2,0.2
49,"z0186433",21,18.5933570150361,-2.40664298496388,"Male",5,1
49,"z0186434",22,16.5407848641929,-5.45921513580714,"Male",3,0.55
49,"z0186435",30,16.0178198496303,-13.9821801503697,"Male",3,0.55
49,"z0186450",4,7.29282140375532,3.29282140375532,"Male",3,0.55
49,"z0190863",11,11.8688119701067,0.868811970106727,"Female",5,1
49,"z0190867",7,8.7778639644128,1.7778639644128,"Female",4,0.75
49,"z0196956",13,21.8808993499461,8.88089934994606,"Male",5,1
49,"z0198374",16,19.1595174375372,3.15951743753723,"Male",4,0.75
49,"z0198377",35,27.0095438395746,-7.99045616042542,"Female",3,0.55
49,"z0198473",25,20.4399904248505,-4.56000957514949,"Male",5,1
49,"z0198474",19,23.2938854997932,4.29388549979322,"Male",5,1
49,"z0198475",40,30.6093476284701,-9.39065237152993,"Male",3,0.55
49,"z0187739",23,26.1035844017208,3.10358440172075,"Female",3,0.55
49,"z0045928",22,26.4456252543596,4.44562525435963,"Female",2,0.2
50,"z0018943",10,16.4505584834341,6.45055848343411,"Female",3,0.55
50,"z0018944",10,10.8735036350186,0.873503635018581,"Male",3,0.55
50,"z0018945",22,24.5958655708888,2.59586557088877,"Female",3,0.55
50,"z0023316",6,5.99320928531957,-0.00679071468043269,"Male",4,0.75
50,"z0023317",25,23.941609560643,-1.05839043935698,"Male",3,0.55
50,"z0023318",11,6.84307473445157,-4.15692526554843,"Female",4,0.75
50,"z0023319",26,20.4190293905794,-5.58097060942058,"Male",4,0.75
50,"z0023321",11,9.72031542422567,-1.27968457577433,"Female",3,0.55
50,"z0027453",6,11.3220085398538,5.32200853985378,"Female",3,0.55
50,"z0033888",6,6.42734868078349,0.427348680783487,"Female",3,0.55
50,"z0033898",10,13.2657542817199,3.26575428171986,"Male",3,0.55
50,"z0033906",15,20.4293028677839,5.42930286778386,"Male",5,1
50,"z0033908",6,20.8105055513132,14.8105055513132,"Male",5,1
50,"z0041286",28,25.6480628222901,-2.35193717770987,"Male",3,0.55
50,"z0045925",24,26.7552840062951,2.75528400629512,"Male",4,0.75
50,"z0045931",7,4.40446018385653,-2.59553981614347,"Male",4,0.75
50,"z0049046",6,7.32741386980905,1.32741386980905,"Female",3,0.55
50,"z0049050",11,25.021861181599,14.021861181599,"Male",3,0.55
50,"z0049051",37,22.4495179614851,-14.5504820385149,"Female",4,0.75
50,"z0049052",34,26.5043678958468,-7.49563210415322,"Male",4,0.75
50,"z0061425",26,19.2495865968959,-6.75041340310406,"Male",4,0.75
50,"z0071016",8,11.9362534574159,3.93625345741593,"Male",3,0.55
50,"z0075660",18,25.4173231305039,7.41732313050386,"Male",4,0.75
50,"z0075663",18,21.7520165795033,3.75201657950333,"Male",3,0.55
50,"z0075665",27,23.1582301486692,-3.8417698513308,"Female",3,0.55
50,"z0075676",9,10.4180004192524,1.41800041925244,"Female",4,0.75
50,"z0075677",4,5.38574665028991,1.38574665028991,"Female",5,1
50,"z0075678",7,12.3685961101008,5.36859611010085,"Female",4,0.75
50,"z0091082",7,6.45097815488768,-0.549021845112318,"Female",3,0.55
50,"z0091085",19,20.6130248131546,1.6130248131546,"Female",3,0.55
50,"z0091086",3,9.72101296427279,6.72101296427279,"Female",3,0.55
50,"z0091275",3,6.47567673066177,3.47567673066177,"Male",3,0.55
50,"z0091277",3,7.82233975786059,4.82233975786059,"Female",4,0.75
50,"z0091284",3,4.78723954900055,1.78723954900055,"Male",4,0.75
50,"z0091285",5,5.78625000632068,0.786250006320683,"Male",5,1
50,"z0091286",14,13.4022788581119,-0.597721141888096,"Male",4,0.75
50,"z0092243",19,14.67986298565,-4.32013701435001,"Female",4,0.75
50,"z0092256",5,4.9986738961167,-0.00132610388330257,"Male",5,1
50,"z0098734",23,16.3313742057295,-6.6686257942705,"Male",4,0.75
50,"z0098735",30,25.8632560442809,-4.13674395571914,"Male",4,0.75
50,"z0098736",15,6.48100022580048,-8.51899977419952,"Female",3,0.55
50,"z0098737",12,8.72300268005438,-3.27699731994562,"Female",5,1
50,"z0098738",19,17.6658988754515,-1.33410112454854,"Male",4,0.75
50,"z0098740",17,10.3704172669124,-6.62958273308757,"Female",4,0.75
50,"z0098745",7,9.22642602638602,2.22642602638602,"Male",4,0.75
50,"z0098746",32,19.8507226373764,-12.1492773626236,"Male",4,0.75
50,"z0102483",5,5.73026124799113,0.730261247991129,"Male",5,1
50,"z0102484",13,16.0630975040496,3.06309750404959,"Female",3,0.55
50,"z0102500",12,10.9001828091068,-1.09981719089322,"Male",4,0.75
50,"z0123188",24,29.0889340890968,5.08893408909676,"Female",5,1
50,"z0132631",15,21.4558720254658,6.4558720254658,"Female",3,0.55
50,"z0132632",34,27.7065787503518,-6.29342124964819,"Female",4,0.75
50,"z0132634",12,11.0620978245449,-0.9379021754551,"Female",4,0.75
50,"z0132639",29,22.4963198704069,-6.50368012959312,"Female",3,0.55
50,"z0132641",21,21.2527319061726,0.252731906172638,"Male",3,0.55
50,"z0132658",36,20.9150452004503,-15.0849547995497,"Male",4,0.75
50,"z0132659",27,26.3338222918397,-0.666177708160305,"Female",3,0.55
50,"z0132660",23,23.7454301018121,0.745430101812108,"Male",4,0.75
50,"z0160208",21,24.1632267159486,3.16322671594863,"Female",5,1
50,"z0175867",9,13.4797008990373,4.47970089903726,"Female",4,0.75
50,"z0175874",20,15.4083129531452,-4.59168704685482,"Male",4,0.75
50,"z0175876",12,17.0802183427543,5.0802183427543,"Male",5,1
50,"z0175877",32,26.3417686069005,-5.65823139309945,"Female",4,0.75
50,"z0178364",10,14.3166772752846,4.31667727528459,"Female",5,1
50,"z0183541",32,25.3957397412978,-6.60426025870223,"Male",4,0.75
50,"z0183543",4,5.44964237902891,1.44964237902891,"Male",5,1
50,"z0183544",11,6.56865715288656,-4.43134284711344,"Female",5,1
50,"z0186433",21,19.4171320241027,-1.58286797589731,"Male",5,1
50,"z0186434",22,19.0005241841827,-2.99947581581727,"Male",3,0.55
50,"z0186435",30,13.8991522210637,-16.1008477789363,"Male",3,0.55
50,"z0186450",4,6.69879670996624,2.69879670996624,"Male",3,0.55
50,"z0190863",11,11.5175740417268,0.517574041726782,"Female",5,1
50,"z0190867",7,8.46197218082667,1.46197218082667,"Female",4,0.75
50,"z0196956",13,21.3969425895585,8.39694258955846,"Male",5,1
50,"z0198374",16,18.0704253995168,2.07042539951678,"Male",4,0.75
50,"z0198377",35,24.9068702716575,-10.0931297283425,"Female",3,0.55
50,"z0198473",25,22.9879722931311,-2.01202770686885,"Male",5,1
50,"z0198474",19,25.236501473676,6.23650147367605,"Male",5,1
50,"z0198475",40,29.4534397696837,-10.5465602303163,"Male",3,0.55
50,"z0187739",23,25.6137665760469,2.61376657604691,"Female",3,0.55
51,"z0023316",6,3.58021109616319,-2.41978890383681,"Male",4,0.75
51,"z0023318",11,6.98372896306708,-4.01627103693292,"Female",4,0.75
51,"z0023319",26,17.974108169345,-8.02589183065497,"Male",4,0.75
51,"z0033906",15,16.9356464567628,1.93564645676284,"Male",5,1
51,"z0033908",6,16.3698337957573,10.3698337957573,"Male",5,1
51,"z0045925",24,29.7171760100469,5.71717601004692,"Male",4,0.75
51,"z0045931",7,4.54537107863531,-2.45462892136469,"Male",4,0.75
51,"z0049051",37,27.524575288429,-9.47542471157098,"Female",4,0.75
51,"z0049052",34,30.1440245850016,-3.85597541499837,"Male",4,0.75
51,"z0061425",26,17.130510591701,-8.86948940829902,"Male",4,0.75
51,"z0075660",18,24.1320696293185,6.1320696293185,"Male",4,0.75
51,"z0075676",9,10.65212807863,1.65212807863,"Female",4,0.75
51,"z0075677",4,5.69070564227936,1.69070564227936,"Female",5,1
51,"z0075678",7,12.5681124967049,5.56811249670487,"Female",4,0.75
51,"z0091277",3,6.59713208549985,3.59713208549985,"Female",4,0.75
51,"z0091284",3,2.23810123905815,-0.76189876094185,"Male",4,0.75
51,"z0091285",5,3.51328951356491,-1.48671048643509,"Male",5,1
51,"z0091286",14,16.8587623574772,2.85876235747716,"Male",4,0.75
51,"z0092243",19,16.971949994529,-2.02805000547104,"Female",4,0.75
51,"z0092256",5,5.6805544729758,0.680554472975803,"Male",5,1
51,"z0098734",23,18.7229407293358,-4.27705927066416,"Male",4,0.75
51,"z0098735",30,26.7095750443943,-3.2904249556057,"Male",4,0.75
51,"z0098737",12,11.9406111206397,-0.0593888793602915,"Female",5,1
51,"z0098738",19,17.4491583406797,-1.55084165932026,"Male",4,0.75
51,"z0098740",17,9.09318908023446,-7.90681091976554,"Female",4,0.75
51,"z0098745",7,10.346610348365,3.34661034836504,"Male",4,0.75
51,"z0098746",32,18.3224340209152,-13.6775659790848,"Male",4,0.75
51,"z0102483",5,6.2699402382351,1.2699402382351,"Male",5,1
51,"z0102500",12,11.3070644604691,-0.692935539530907,"Male",4,0.75
51,"z0123188",24,28.6217481341828,4.62174813418277,"Female",5,1
51,"z0132632",34,28.2203322087788,-5.77966779122124,"Female",4,0.75
51,"z0132634",12,13.045376371207,1.045376371207,"Female",4,0.75
51,"z0132658",36,20.2289928781614,-15.7710071218386,"Male",4,0.75
51,"z0132660",23,24.9892273527943,1.98922735279433,"Male",4,0.75
51,"z0160208",21,18.9968067013252,-2.00319329867476,"Female",5,1
51,"z0175867",9,13.1879248476138,4.18792484761381,"Female",4,0.75
51,"z0175874",20,18.8794006196055,-1.12059938039448,"Male",4,0.75
51,"z0175876",12,16.3898632019646,4.38986320196464,"Male",5,1
51,"z0175877",32,28.5056664343352,-3.4943335656648,"Female",4,0.75
51,"z0178364",10,17.6713179977801,7.67131799778005,"Female",5,1
51,"z0183541",32,26.5418328753477,-5.45816712465231,"Male",4,0.75
51,"z0183543",4,4.09968003251532,0.0996800325153178,"Male",5,1
51,"z0183544",11,10.8411946272133,-0.158805372786656,"Female",5,1
51,"z0186433",21,19.7462164187345,-1.25378358126546,"Male",5,1
51,"z0190863",11,10.9640012745056,-0.0359987254943945,"Female",5,1
51,"z0190867",7,12.1389941374603,5.13899413746027,"Female",4,0.75
51,"z0196956",13,21.28655441728,8.28655441728,"Male",5,1
51,"z0198374",16,18.2175865537746,2.21758655377464,"Male",4,0.75
51,"z0198473",25,23.2015543899884,-1.79844561001161,"Male",5,1
51,"z0198474",19,24.4346123745709,5.43461237457095,"Male",5,1
52,"z0018943",10,15.3088384122412,5.30883841224124,"Female",3,0.55
52,"z0018944",10,10.3972092346481,0.397209234648056,"Male",3,0.55
52,"z0018945",22,23.6365227345747,1.63652273457473,"Female",3,0.55
52,"z0023316",6,7.80420871410662,1.80420871410662,"Male",4,0.75
52,"z0023317",25,24.5812696627581,-0.418730337241897,"Male",3,0.55
52,"z0023318",11,7.44107320432662,-3.55892679567338,"Female",4,0.75
52,"z0023319",26,20.808650908734,-5.19134909126603,"Male",4,0.75
52,"z0023321",11,8.89696557475792,-2.10303442524208,"Female",3,0.55
52,"z0027453",6,13.6561717540274,7.65617175402738,"Female",3,0.55
52,"z0027455",10,11.6622384285178,1.66223842851781,"Female",2,0.2
52,"z0033888",6,4.05045834986345,-1.94954165013655,"Female",3,0.55
52,"z0033893",15,18.6730077622554,3.6730077622554,"Male",2,0.2
52,"z0033898",10,10.9731611217351,0.973161121735053,"Male",3,0.55
52,"z0033906",15,19.4285602865812,4.42856028658121,"Male",5,1
52,"z0033908",6,22.7037980315892,16.7037980315892,"Male",5,1
52,"z0041286",28,28.1426024145424,0.14260241454236,"Male",3,0.55
52,"z0045921",10,19.1716265610376,9.17162656103755,"Female",2,0.2
52,"z0045925",24,27.7779549542799,3.77795495427993,"Male",4,0.75
52,"z0045931",7,4.04741483212523,-2.95258516787477,"Male",4,0.75
52,"z0049046",6,5.44752742445504,-0.552472575544961,"Female",3,0.55
52,"z0049048",11,13.8253167083459,2.8253167083459,"Male",2,0.2
52,"z0049050",11,23.5294571947871,12.5294571947871,"Male",3,0.55
52,"z0049051",37,21.5302408399263,-15.4697591600737,"Female",4,0.75
52,"z0049052",34,26.9005672836086,-7.09943271639137,"Male",4,0.75
52,"z0061425",26,19.2098364434133,-6.79016355658668,"Male",4,0.75
52,"z0071016",8,11.7082559209878,3.70825592098783,"Male",3,0.55
52,"z0075660",18,26.0139990812229,8.0139990812229,"Male",4,0.75
52,"z0075663",18,21.2274643974615,3.22746439746148,"Male",3,0.55
52,"z0075665",27,23.7446544813484,-3.2553455186516,"Female",3,0.55
52,"z0075676",9,10.5020074062632,1.50200740626321,"Female",4,0.75
52,"z0075677",4,7.46414646009246,3.46414646009246,"Female",5,1
52,"z0075678",7,10.8151509561956,3.81515095619555,"Female",4,0.75
52,"z0091082",7,7.47552989429258,0.475529894292579,"Female",3,0.55
52,"z0091085",19,20.8699545637488,1.86995456374878,"Female",3,0.55
52,"z0091086",3,10.4293564776488,7.4293564776488,"Female",3,0.55
52,"z0091275",3,8.15365909007857,5.15365909007857,"Male",3,0.55
52,"z0091276",10,14.9033027369061,4.9033027369061,"Female",2,0.2
52,"z0091277",3,8.29011126087828,5.29011126087828,"Female",4,0.75
52,"z0091284",3,5.96224630434168,2.96224630434168,"Male",4,0.75
52,"z0091285",5,7.69279885776189,2.69279885776189,"Male",5,1
52,"z0091286",14,10.8441841425797,-3.15581585742031,"Male",4,0.75
52,"z0092243",19,12.2957942996751,-6.70420570032488,"Female",4,0.75
52,"z0092256",5,5.95444708744037,0.954447087440368,"Male",5,1
52,"z0098734",23,15.3957933817986,-7.60420661820141,"Male",4,0.75
52,"z0098735",30,26.831931998179,-3.16806800182097,"Male",4,0.75
52,"z0098736",15,8.74901896708874,-6.25098103291126,"Female",3,0.55
52,"z0098737",12,5.50844965133466,-6.49155034866534,"Female",5,1
52,"z0098738",19,17.8896812621535,-1.11031873784654,"Male",4,0.75
52,"z0098740",17,11.5818684399863,-5.41813156001369,"Female",4,0.75
52,"z0098744",6,9.03900824666372,3.03900824666372,"Male",2,0.2
52,"z0098745",7,8.72498219258108,1.72498219258108,"Male",4,0.75
52,"z0098746",32,18.1312158137084,-13.8687841862916,"Male",4,0.75
52,"z0102483",5,7.01090863951529,2.01090863951529,"Male",5,1
52,"z0102484",13,16.1389339812526,3.13893398125256,"Female",3,0.55
52,"z0102485",21,27.2192232133369,6.21922321333687,"Male",2,0.2
52,"z0102500",12,11.0612692933466,-0.938730706653445,"Male",4,0.75
52,"z0123188",24,28.3576913543727,4.3576913543727,"Female",5,1
52,"z0132631",15,18.5685898075631,3.56858980756313,"Female",3,0.55
52,"z0132632",34,28.546541441954,-5.45345855804599,"Female",4,0.75
52,"z0132634",12,9.88943358842605,-2.11056641157395,"Female",4,0.75
52,"z0132639",29,21.3018758735445,-7.69812412645548,"Female",3,0.55
52,"z0132641",21,21.1195206771265,0.119520677126523,"Male",3,0.55
52,"z0132642",11,10.386389738906,-0.613610261094035,"Female",2,0.2
52,"z0132658",36,23.5683907837032,-12.4316092162968,"Male",4,0.75
52,"z0132659",27,23.8264827956012,-3.17351720439879,"Female",3,0.55
52,"z0132660",23,25.6539178261114,2.65391782611144,"Male",4,0.75
52,"z0160208",21,19.0219332323338,-1.97806676766624,"Female",5,1
52,"z0175867",9,11.7671704331498,2.76717043314975,"Female",4,0.75
52,"z0175874",20,14.006269301469,-5.99373069853101,"Male",4,0.75
52,"z0175876",12,16.7891995518711,4.78919955187114,"Male",5,1
52,"z0175877",32,25.5942331423348,-6.40576685766518,"Female",4,0.75
52,"z0178364",10,14.5511448674758,4.5511448674758,"Female",5,1
52,"z0183541",32,26.7719434228485,-5.22805657715148,"Male",4,0.75
52,"z0183543",4,5.98382273236573,1.98382273236573,"Male",5,1
52,"z0183544",11,6.95582827053585,-4.04417172946415,"Female",5,1
52,"z0186431",8,9.19439758750929,1.19439758750929,"Male",2,0.2
52,"z0186433",21,18.5264792007455,-2.47352079925455,"Male",5,1
52,"z0186434",22,16.8625930277515,-5.13740697224854,"Male",3,0.55
52,"z0186435",30,15.21471220532,-14.78528779468,"Male",3,0.55
52,"z0186450",4,7.30074527235743,3.30074527235743,"Male",3,0.55
52,"z0190863",11,11.6678298634958,0.66782986349579,"Female",5,1
52,"z0190867",7,8.79513005404787,1.79513005404787,"Female",4,0.75
52,"z0196956",13,21.6616079754281,8.66160797542807,"Male",5,1
52,"z0198374",16,18.8467872841792,2.84678728417919,"Male",4,0.75
52,"z0198377",35,26.3293526584802,-8.6706473415198,"Female",3,0.55
52,"z0198473",25,20.8224517562863,-4.17754824371372,"Male",5,1
52,"z0198474",19,23.742873383423,4.74287338342303,"Male",5,1
52,"z0198475",40,30.1776930833996,-9.82230691660038,"Male",3,0.55
52,"z0187739",23,26.1650898054478,3.16508980544779,"Female",3,0.55
52,"z0045928",22,26.6751210236564,4.67512102365636,"Female",2,0.2
53,"z0018943",10,17.0091076934553,7.00910769345527,"Female",3,0.55
53,"z0018944",10,11.0415691951645,1.04156919516452,"Male",3,0.55
53,"z0018945",22,24.6620178811206,2.66201788112061,"Female",3,0.55
53,"z0023316",6,5.52673134268843,-0.47326865731157,"Male",4,0.75
53,"z0023317",25,23.5296244522787,-1.47037554772134,"Male",3,0.55
53,"z0023318",11,6.84566357348517,-4.15433642651483,"Female",4,0.75
53,"z0023319",26,20.2208984508579,-5.77910154914214,"Male",4,0.75
53,"z0023321",11,9.73942442921609,-1.26057557078391,"Female",3,0.55
53,"z0027453",6,11.5456949441774,5.54569494417744,"Female",3,0.55
53,"z0033888",6,6.92895102809893,0.928951028098929,"Female",3,0.55
53,"z0033898",10,13.4869667510222,3.48696675102217,"Male",3,0.55
53,"z0033906",15,20.3116019668723,5.31160196687231,"Male",5,1
53,"z0033908",6,20.3126191181751,14.3126191181751,"Male",5,1
53,"z0041286",28,25.7673427910319,-2.23265720896812,"Male",3,0.55
53,"z0045925",24,26.7110586933413,2.71105869334129,"Male",4,0.75
53,"z0045931",7,4.3604432145512,-2.6395567854488,"Male",4,0.75
53,"z0049046",6,7.6169350271788,1.6169350271788,"Female",3,0.55
53,"z0049050",11,25.2379118585886,14.2379118585886,"Male",3,0.55
53,"z0049051",37,22.6426061129806,-14.3573938870194,"Female",4,0.75
53,"z0049052",34,26.6751369366623,-7.32486306333772,"Male",4,0.75
53,"z0061425",26,19.0447847723651,-6.95521522763492,"Male",4,0.75
53,"z0071016",8,12.1852587341426,4.18525873414258,"Male",3,0.55
53,"z0075660",18,25.2796468286121,7.27964682861213,"Male",4,0.75
53,"z0075663",18,21.9275267929407,3.92752679294067,"Male",3,0.55
53,"z0075665",27,22.9259975577612,-4.07400244223878,"Female",3,0.55
53,"z0075676",9,10.6700747158019,1.67007471580195,"Female",4,0.75
53,"z0075677",4,4.86233885219475,0.862338852194746,"Female",5,1
53,"z0075678",7,12.828045819272,5.82804581927204,"Female",4,0.75
53,"z0091082",7,6.00318575956565,-0.996814240434349,"Female",3,0.55
53,"z0091085",19,20.7584592833014,1.75845928330138,"Female",3,0.55
53,"z0091086",3,8.93122187673673,5.93122187673673,"Female",3,0.55
53,"z0091275",3,5.95176614469991,2.95176614469991,"Male",3,0.55
53,"z0091277",3,7.43157906736071,4.43157906736071,"Female",4,0.75
53,"z0091284",3,4.14630182655027,1.14630182655027,"Male",4,0.75
53,"z0091285",5,4.95936846409159,-0.0406315359084068,"Male",5,1
53,"z0091286",14,13.8803624111986,-0.119637588801355,"Male",4,0.75
53,"z0092243",19,15.0559206419192,-3.94407935808076,"Female",4,0.75
53,"z0092256",5,5.02055104081423,0.020551040814226,"Male",5,1
53,"z0098734",23,16.4698959796234,-6.5301040203766,"Male",4,0.75
53,"z0098735",30,25.6686881737442,-4.33131182625583,"Male",4,0.75
53,"z0098736",15,6.33541113668976,-8.66458886331024,"Female",3,0.55
53,"z0098737",12,9.13713784094875,-2.86286215905125,"Female",5,1
53,"z0098738",19,17.6083256695712,-1.39167433042878,"Male",4,0.75
53,"z0098740",17,10.4032971011731,-6.59670289882685,"Female",4,0.75
53,"z0098745",7,9.57294901177304,2.57294901177304,"Male",4,0.75
53,"z0098746",32,20.3949119652721,-11.6050880347279,"Male",4,0.75
53,"z0102483",5,5.47099340698232,0.470993406982318,"Male",5,1
53,"z0102484",13,16.2824603454173,3.28246034541731,"Female",3,0.55
53,"z0102500",12,11.3538098003466,-0.646190199653406,"Male",4,0.75
53,"z0123188",24,29.4877369781635,5.48773697816351,"Female",5,1
53,"z0132631",15,21.6706055305739,6.67060553057393,"Female",3,0.55
53,"z0132632",34,28.0670786595278,-5.93292134047217,"Female",4,0.75
53,"z0132634",12,11.4952314735799,-0.504768526420111,"Female",4,0.75
53,"z0132639",29,22.3932427250117,-6.60675727498825,"Female",3,0.55
53,"z0132641",21,21.1934406034702,0.193440603470215,"Male",3,0.55
53,"z0132658",36,20.6125979694857,-15.3874020305143,"Male",4,0.75
53,"z0132659",27,26.5842735347695,-0.415726465230527,"Female",3,0.55
53,"z0132660",23,23.3799775725224,0.379977572522375,"Male",4,0.75
53,"z0160208",21,25.8293694599371,4.82936945993712,"Female",5,1
53,"z0175867",9,13.5588855235195,4.55888552351949,"Female",4,0.75
53,"z0175874",20,15.8797387177976,-4.12026128220236,"Male",4,0.75
53,"z0175876",12,17.4808547666325,5.4808547666325,"Male",5,1
53,"z0175877",32,27.5299137073253,-4.47008629267473,"Female",4,0.75
53,"z0178364",10,14.5158344161175,4.51583441611746,"Female",5,1
53,"z0183541",32,25.6225626787216,-6.37743732127844,"Male",4,0.75
53,"z0183543",4,4.98469019483437,0.984690194834375,"Male",5,1
53,"z0183544",11,6.86578256010677,-4.13421743989323,"Female",5,1
53,"z0186433",21,19.3706206615641,-1.62937933843591,"Male",5,1
53,"z0186434",22,18.7712432119057,-3.22875678809426,"Male",3,0.55
53,"z0186435",30,13.8760793047552,-16.1239206952448,"Male",3,0.55
53,"z0186450",4,6.6773438324971,2.6773438324971,"Male",3,0.55
53,"z0190863",11,12.035804014158,1.03580401415797,"Female",5,1
53,"z0190867",7,8.69592609479742,1.69592609479742,"Female",4,0.75
53,"z0196956",13,22.2079058727137,9.20790587271366,"Male",5,1
53,"z0198374",16,17.9234392841881,1.9234392841881,"Male",4,0.75
53,"z0198377",35,24.6808303553877,-10.3191696446123,"Female",3,0.55
53,"z0198473",25,23.3188209880561,-1.68117901194388,"Male",5,1
53,"z0198474",19,25.423784163557,6.42378416355695,"Male",5,1
53,"z0198475",40,29.7366833584852,-10.2633166415148,"Male",3,0.55
53,"z0187739",23,26.3116047826085,3.31160478260847,"Female",3,0.55
54,"z0023316",6,3.51535843662851,-2.48464156337149,"Male",4,0.75
54,"z0023318",11,6.96527183855913,-4.03472816144087,"Female",4,0.75
54,"z0023319",26,18.0387059831427,-7.96129401685734,"Male",4,0.75
54,"z0033906",15,17.7217604633964,2.7217604633964,"Male",5,1
54,"z0033908",6,16.5976208118758,10.5976208118758,"Male",5,1
54,"z0045925",24,29.3410861683094,5.3410861683094,"Male",4,0.75
54,"z0045931",7,4.67706229854611,-2.32293770145389,"Male",4,0.75
54,"z0049051",37,27.1580773489691,-9.84192265103088,"Female",4,0.75
54,"z0049052",34,28.9900991147877,-5.00990088521226,"Male",4,0.75
54,"z0061425",26,17.3950617773013,-8.60493822269866,"Male",4,0.75
54,"z0075660",18,24.1762050076689,6.17620500766889,"Male",4,0.75
54,"z0075676",9,10.8689015148183,1.86890151481825,"Female",4,0.75
54,"z0075677",4,5.78974557124065,1.78974557124065,"Female",5,1
54,"z0075678",7,12.6698886361868,5.6698886361868,"Female",4,0.75
54,"z0091277",3,6.84856863595203,3.84856863595203,"Female",4,0.75
54,"z0091284",3,2.46432406658478,-0.535675933415218,"Male",4,0.75
54,"z0091285",5,3.63821217971311,-1.36178782028689,"Male",5,1
54,"z0091286",14,16.3996919268148,2.39969192681479,"Male",4,0.75
54,"z0092243",19,17.0338884958545,-1.96611150414549,"Female",4,0.75
54,"z0092256",5,5.94945204147878,0.94945204147878,"Male",5,1
54,"z0098734",23,18.6558614768013,-4.34413852319872,"Male",4,0.75
54,"z0098735",30,26.4934729290106,-3.50652707098939,"Male",4,0.75
54,"z0098737",12,13.1469408611452,1.14694086114519,"Female",5,1
54,"z0098738",19,17.5203129567377,-1.47968704326233,"Male",4,0.75
54,"z0098740",17,8.82957082701672,-8.17042917298328,"Female",4,0.75
54,"z0098745",7,10.4335861718629,3.43358617186291,"Male",4,0.75
54,"z0098746",32,18.7444222483991,-13.2555777516009,"Male",4,0.75
54,"z0102483",5,6.41010735445591,1.41010735445591,"Male",5,1
54,"z0102500",12,10.803508178435,-1.19649182156499,"Male",4,0.75
54,"z0123188",24,28.649803608796,4.64980360879598,"Female",5,1
54,"z0132632",34,28.0513386671948,-5.94866133280522,"Female",4,0.75
54,"z0132634",12,12.8675513546034,0.867551354603423,"Female",4,0.75
54,"z0132658",36,20.2554743436605,-15.7445256563395,"Male",4,0.75
54,"z0132660",23,25.1420386107032,2.14203861070318,"Male",4,0.75
54,"z0160208",21,20.3396621722302,-0.660337827769791,"Female",5,1
54,"z0175867",9,13.5004872234412,4.50048722344124,"Female",4,0.75
54,"z0175874",20,18.4310740200591,-1.56892597994089,"Male",4,0.75
54,"z0175876",12,16.5393598487535,4.53935984875346,"Male",5,1
54,"z0175877",32,27.8006857132243,-4.1993142867757,"Female",4,0.75
54,"z0178364",10,17.2824129959072,7.28241299590722,"Female",5,1
54,"z0183541",32,26.3880272667059,-5.61197273329408,"Male",4,0.75
54,"z0183543",4,3.95639179027376,-0.0436082097262371,"Male",5,1
54,"z0183544",11,10.6787379360919,-0.321262063908062,"Female",5,1
54,"z0186433",21,20.0804851741577,-0.919514825842253,"Male",5,1
54,"z0190863",11,11.0357455222542,0.0357455222542171,"Female",5,1
54,"z0190867",7,11.303916517139,4.30391651713903,"Female",4,0.75
54,"z0196956",13,21.5281663436473,8.52816634364732,"Male",5,1
54,"z0198374",16,17.9048763430204,1.90487634302042,"Male",4,0.75
54,"z0198473",25,23.2625535731964,-1.73744642680358,"Male",5,1
54,"z0198474",19,24.5383107353576,5.5383107353576,"Male",5,1
55,"z0018943",10,13.9751266334243,3.97512663342429,"Female",3,0.55
55,"z0018944",10,9.90920082984379,-0.090799170156215,"Male",3,0.55
55,"z0018945",22,21.7393338475681,-0.260666152431885,"Female",3,0.55
55,"z0023316",6,5.03518510050174,-0.964814899498258,"Male",4,0.75
55,"z0023317",25,26.061983342342,1.06198334234204,"Male",3,0.55
55,"z0023318",11,8.03124036644755,-2.96875963355245,"Female",4,0.75
55,"z0023319",26,18.9490113487476,-7.05098865125245,"Male",4,0.75
55,"z0023321",11,10.4568771379808,-0.543122862019175,"Female",3,0.55
55,"z0027453",6,15.0721234531713,9.07212345317133,"Female",3,0.55
55,"z0027455",10,11.4275626428628,1.42756264286278,"Female",2,0.2
55,"z0033888",6,5.53042025908053,-0.469579740919473,"Female",3,0.55
55,"z0033893",15,19.3884820254039,4.38848202540395,"Male",2,0.2
55,"z0033898",10,12.6361721580138,2.63617215801382,"Male",3,0.55
55,"z0033906",15,18.9191873794635,3.91918737946347,"Male",5,1
55,"z0033908",6,21.4419823171442,15.4419823171442,"Male",5,1
55,"z0041286",28,29.0202061692363,1.02020616923625,"Male",3,0.55
55,"z0045921",10,18.1475697190149,8.14756971901487,"Female",2,0.2
55,"z0045925",24,29.0281824722457,5.0281824722457,"Male",4,0.75
55,"z0045931",7,4.25259027917261,-2.74740972082739,"Male",4,0.75
55,"z0049046",6,6.41910462283156,0.41910462283156,"Female",3,0.55
55,"z0049048",11,13.7810457936284,2.78104579362838,"Male",2,0.2
55,"z0049050",11,23.3253013548938,12.3253013548938,"Male",3,0.55
55,"z0049051",37,24.7541544582686,-12.2458455417314,"Female",4,0.75
55,"z0049052",34,27.3791329714346,-6.62086702856542,"Male",4,0.75
55,"z0061425",26,16.7838369785995,-9.21616302140046,"Male",4,0.75
55,"z0071016",8,10.0060658921993,2.00606589219929,"Male",3,0.55
55,"z0075660",18,24.234775236182,6.23477523618203,"Male",4,0.75
55,"z0075663",18,19.005242366728,1.00524236672801,"Male",3,0.55
55,"z0075665",27,22.7625825349633,-4.23741746503665,"Female",3,0.55
55,"z0075676",9,9.11659406167239,0.116594061672391,"Female",4,0.75
55,"z0075677",4,8.10554256367835,4.10554256367835,"Female",5,1
55,"z0075678",7,9.75313973558873,2.75313973558873,"Female",4,0.75
55,"z0091082",7,8.70566214980975,1.70566214980975,"Female",3,0.55
55,"z0091085",19,20.6767192772192,1.67671927721923,"Female",3,0.55
55,"z0091086",3,11.6372366333409,8.63723663334092,"Female",3,0.55
55,"z0091275",3,8.28637058762066,5.28637058762066,"Male",3,0.55
55,"z0091276",10,14.8533487914279,4.8533487914279,"Female",2,0.2
55,"z0091277",3,9.21300165600923,6.21300165600923,"Female",4,0.75
55,"z0091284",3,5.88178111011997,2.88178111011997,"Male",4,0.75
55,"z0091285",5,6.92883423526677,1.92883423526677,"Male",5,1
55,"z0091286",14,10.6411627592862,-3.3588372407138,"Male",4,0.75
55,"z0092243",19,11.6907467618044,-7.30925323819561,"Female",4,0.75
55,"z0092256",5,5.69217128709888,0.692171287098876,"Male",5,1
55,"z0098734",23,15.6835312294145,-7.31646877058548,"Male",4,0.75
55,"z0098735",30,26.6829984222651,-3.31700157773488,"Male",4,0.75
55,"z0098736",15,7.87304681596593,-7.12695318403407,"Female",3,0.55
55,"z0098737",12,5.90139257874164,-6.09860742125836,"Female",5,1
55,"z0098738",19,18.2274749163455,-0.772525083654511,"Male",4,0.75
55,"z0098740",17,11.4359430921773,-5.56405690782266,"Female",4,0.75
55,"z0098744",6,10.5660068380194,4.56600683801937,"Male",2,0.2
55,"z0098745",7,8.42272913699064,1.42272913699064,"Male",4,0.75
55,"z0098746",32,16.9650592590255,-15.0349407409745,"Male",4,0.75
55,"z0102483",5,8.02015334480067,3.02015334480067,"Male",5,1
55,"z0102484",13,17.9940688392303,4.99406883923025,"Female",3,0.55
55,"z0102485",21,27.0244803565855,6.02448035658549,"Male",2,0.2
55,"z0102500",12,9.18785122221324,-2.81214877778676,"Male",4,0.75
55,"z0123188",24,27.6075767489126,3.60757674891265,"Female",5,1
55,"z0132631",15,20.3708338655241,5.37083386552406,"Female",3,0.55
55,"z0132632",34,28.6005329085973,-5.39946709140272,"Female",4,0.75
55,"z0132634",12,9.36418003321811,-2.63581996678189,"Female",4,0.75
55,"z0132639",29,18.3596113905161,-10.6403886094839,"Female",3,0.55
55,"z0132641",21,19.8515451129681,-1.14845488703187,"Male",3,0.55
55,"z0132642",11,10.3039849547004,-0.696015045299649,"Female",2,0.2
55,"z0132658",36,24.1865772033311,-11.8134227966689,"Male",4,0.75
55,"z0132659",27,22.2990189276674,-4.70098107233256,"Female",3,0.55
55,"z0132660",23,25.0760419579976,2.0760419579976,"Male",4,0.75
55,"z0160208",21,18.3742507318568,-2.62574926814317,"Female",5,1
55,"z0175867",9,11.6627659419386,2.66276594193861,"Female",4,0.75
55,"z0175874",20,14.9243383376159,-5.0756616623841,"Male",4,0.75
55,"z0175876",12,18.5260699570635,6.52606995706349,"Male",5,1
55,"z0175877",32,25.7882754392222,-6.21172456077777,"Female",4,0.75
55,"z0178364",10,15.9021456214599,5.90214562145988,"Female",5,1
55,"z0183541",32,29.2891946164392,-2.71080538356083,"Male",4,0.75
55,"z0183543",4,5.98575840871142,1.98575840871142,"Male",5,1
55,"z0183544",11,7.74390504603146,-3.25609495396854,"Female",5,1
55,"z0186431",8,11.0236201162918,3.02362011629183,"Male",2,0.2
55,"z0186433",21,18.9943204316241,-2.00567956837589,"Male",5,1
55,"z0186434",22,16.427882844514,-5.572117155486,"Male",3,0.55
55,"z0186435",30,14.7591846895387,-15.2408153104613,"Male",3,0.55
55,"z0186450",4,8.03065756097237,4.03065756097237,"Male",3,0.55
55,"z0190863",11,8.37668761929886,-2.62331238070114,"Female",5,1
55,"z0190867",7,10.0645577970331,3.06455779703311,"Female",4,0.75
55,"z0196956",13,18.9338086162019,5.93380861620185,"Male",5,1
55,"z0198374",16,18.9159096423204,2.91590964232044,"Male",4,0.75
55,"z0198377",35,27.0083591238205,-7.99164087617948,"Female",3,0.55
55,"z0198473",25,25.8186824655755,0.818682465575474,"Male",5,1
55,"z0198474",19,22.9158758862743,3.91587588627434,"Male",5,1
55,"z0198475",40,30.3312414057811,-9.66875859421891,"Male",3,0.55
55,"z0187739",23,27.7609005813721,4.76090058137213,"Female",3,0.55
55,"z0045928",22,26.9967450235576,4.99674502355764,"Female",2,0.2
56,"z0018943",10,17.031030083191,7.03103008319104,"Female",3,0.55
56,"z0018944",10,11.025068739935,1.02506873993502,"Male",3,0.55
56,"z0018945",22,23.5543955379804,1.55439553798042,"Female",3,0.55
56,"z0023316",6,4.91553124761419,-1.08446875238581,"Male",4,0.75
56,"z0023317",25,24.7980366796313,-0.201963320368719,"Male",3,0.55
56,"z0023318",11,7.19276051295721,-3.80723948704279,"Female",4,0.75
56,"z0023319",26,19.6957169603817,-6.30428303961827,"Male",4,0.75
56,"z0023321",11,9.40230659504685,-1.59769340495315,"Female",3,0.55
56,"z0027453",6,11.5834896800682,5.58348968006816,"Female",3,0.55
56,"z0033888",6,5.93325341428557,-0.0667465857144283,"Female",3,0.55
56,"z0033898",10,12.3706371744214,2.37063717442145,"Male",3,0.55
56,"z0033906",15,19.8768576210928,4.87685762109285,"Male",5,1
56,"z0033908",6,20.6191099604123,14.6191099604123,"Male",5,1
56,"z0041286",28,26.1143233080831,-1.88567669191693,"Male",3,0.55
56,"z0045925",24,25.9742807447766,1.97428074477655,"Male",4,0.75
56,"z0045931",7,4.68752300721598,-2.31247699278402,"Male",4,0.75
56,"z0049046",6,6.87636529860615,0.876365298606155,"Female",3,0.55
56,"z0049050",11,24.3689707928076,13.3689707928076,"Male",3,0.55
56,"z0049051",37,24.6301898948255,-12.3698101051745,"Female",4,0.75
56,"z0049052",34,26.8298050131667,-7.17019498683327,"Male",4,0.75
56,"z0061425",26,18.4796816808037,-7.52031831919632,"Male",4,0.75
56,"z0071016",8,11.5527169815155,3.5527169815155,"Male",3,0.55
56,"z0075660",18,24.781856361227,6.781856361227,"Male",4,0.75
56,"z0075663",18,21.7046021568645,3.70460215686453,"Male",3,0.55
56,"z0075665",27,22.2913619546354,-4.70863804536464,"Female",3,0.55
56,"z0075676",9,11.2506048574274,2.25060485742741,"Female",4,0.75
56,"z0075677",4,4.87433160934393,0.874331609343926,"Female",5,1
56,"z0075678",7,12.1731583246535,5.17315832465348,"Female",4,0.75
56,"z0091082",7,6.11977282938336,-0.88022717061664,"Female",3,0.55
56,"z0091085",19,21.024086310904,2.02408631090401,"Female",3,0.55
56,"z0091086",3,9.54961003371337,6.54961003371337,"Female",3,0.55
56,"z0091275",3,5.80907692091375,2.80907692091375,"Male",3,0.55
56,"z0091277",3,7.75545442653998,4.75545442653998,"Female",4,0.75
56,"z0091284",3,3.88200844126736,0.88200844126736,"Male",4,0.75
56,"z0091285",5,5.23315264120546,0.233152641205463,"Male",5,1
56,"z0091286",14,14.2029570256099,0.202957025609855,"Male",4,0.75
56,"z0092243",19,15.4558603291616,-3.5441396708384,"Female",4,0.75
56,"z0092256",5,5.11601579728729,0.116015797287291,"Male",5,1
56,"z0098734",23,16.283675253646,-6.71632474635405,"Male",4,0.75
56,"z0098735",30,25.5393943562883,-4.46060564371174,"Male",4,0.75
56,"z0098736",15,6.46767996565231,-8.53232003434769,"Female",3,0.55
56,"z0098737",12,8.37018240474052,-3.62981759525948,"Female",5,1
56,"z0098738",19,17.1936286425591,-1.80637135744089,"Male",4,0.75
56,"z0098740",17,11.1874765246979,-5.81252347530207,"Female",4,0.75
56,"z0098745",7,9.44615333909469,2.44615333909469,"Male",4,0.75
56,"z0098746",32,20.0554381030776,-11.9445618969224,"Male",4,0.75
56,"z0102483",5,6.27254885039268,1.27254885039268,"Male",5,1
56,"z0102484",13,17.2497699109836,4.24976991098358,"Female",3,0.55
56,"z0102500",12,10.6608814167142,-1.33911858328579,"Male",4,0.75
56,"z0123188",24,28.5690884879603,4.56908848796034,"Female",5,1
56,"z0132631",15,21.5154853453671,6.51548534536713,"Female",3,0.55
56,"z0132632",34,27.7916631876097,-6.20833681239032,"Female",4,0.75
56,"z0132634",12,10.9121382204498,-1.08786177955015,"Female",4,0.75
56,"z0132639",29,21.4969373681439,-7.50306263185614,"Female",3,0.55
56,"z0132641",21,21.9103254085693,0.910325408569321,"Male",3,0.55
56,"z0132658",36,21.3320547772187,-14.6679452227813,"Male",4,0.75
56,"z0132659",27,25.5115384444467,-1.48846155555329,"Female",3,0.55
56,"z0132660",23,23.4995166252516,0.499516625251619,"Male",4,0.75
56,"z0160208",21,24.0801021548148,3.08010215481483,"Female",5,1
56,"z0175867",9,13.6338668263398,4.63386682633979,"Female",4,0.75
56,"z0175874",20,16.3024139866451,-3.69758601335494,"Male",4,0.75
56,"z0175876",12,17.6601023703192,5.66010237031918,"Male",5,1
56,"z0175877",32,27.4765865386991,-4.52341346130093,"Female",4,0.75
56,"z0178364",10,14.5729054656054,4.57290546560539,"Female",5,1
56,"z0183541",32,26.4176406841552,-5.58235931584484,"Male",4,0.75
56,"z0183543",4,5.85885261965769,1.85885261965769,"Male",5,1
56,"z0183544",11,7.06733577709519,-3.93266422290481,"Female",5,1
56,"z0186433",21,20.2764855284088,-0.723514471591233,"Male",5,1
56,"z0186434",22,18.5502970164962,-3.44970298350383,"Male",3,0.55
56,"z0186435",30,15.1056677047213,-14.8943322952787,"Male",3,0.55
56,"z0186450",4,6.20556825901641,2.20556825901641,"Male",3,0.55
56,"z0190863",11,12.1683108257063,1.16831082570632,"Female",5,1
56,"z0190867",7,9.07003951893257,2.07003951893257,"Female",4,0.75
56,"z0196956",13,19.381534712439,6.381534712439,"Male",5,1
56,"z0198374",16,17.3268750454293,1.32687504542929,"Male",4,0.75
56,"z0198377",35,24.6788430468101,-10.3211569531899,"Female",3,0.55
56,"z0198473",25,25.4936884678618,0.493688467861805,"Male",5,1
56,"z0198474",19,24.350579346941,5.35057934694097,"Male",5,1
56,"z0198475",40,29.53630480379,-10.46369519621,"Male",3,0.55
56,"z0187739",23,26.5740759895003,3.57407598950026,"Female",3,0.55
57,"z0023316",6,5.92093780230241,-0.0790621976975903,"Male",4,0.75
57,"z0023318",11,6.77573656445982,-4.22426343554018,"Female",4,0.75
57,"z0023319",26,17.5803898426669,-8.41961015733309,"Male",4,0.75
57,"z0033906",15,16.5755720530982,1.57557205309823,"Male",5,1
57,"z0033908",6,17.0040512050964,11.0040512050964,"Male",5,1
57,"z0045925",24,29.1539184173671,5.15391841736714,"Male",4,0.75
57,"z0045931",7,3.63197524177841,-3.36802475822159,"Male",4,0.75
57,"z0049051",37,30.7683377228811,-6.23166227711886,"Female",4,0.75
57,"z0049052",34,29.3104736784764,-4.68952632152358,"Male",4,0.75
57,"z0061425",26,17.2958944140912,-8.70410558590876,"Male",4,0.75
57,"z0075660",18,24.4619689122611,6.4619689122611,"Male",4,0.75
57,"z0075676",9,10.373287574605,1.37328757460495,"Female",4,0.75
57,"z0075677",4,5.48516003847954,1.48516003847954,"Female",5,1
57,"z0075678",7,12.2604655591911,5.26046555919105,"Female",4,0.75
57,"z0091277",3,9.24858771377648,6.24858771377648,"Female",4,0.75
57,"z0091284",3,4.85401371031863,1.85401371031863,"Male",4,0.75
57,"z0091285",5,5.13163099249599,0.131630992495989,"Male",5,1
57,"z0091286",14,17.6414587442615,3.64145874426148,"Male",4,0.75
57,"z0092243",19,18.2134445968308,-0.786555403169221,"Female",4,0.75
57,"z0092256",5,4.53160791468676,-0.468392085313239,"Male",5,1
57,"z0098734",23,18.2624445778318,-4.73755542216823,"Male",4,0.75
57,"z0098735",30,27.5751525555335,-2.42484744446648,"Male",4,0.75
57,"z0098737",12,9.82737915944686,-2.17262084055314,"Female",5,1
57,"z0098738",19,18.0562521037674,-0.943747896232576,"Male",4,0.75
57,"z0098740",17,10.8871254104728,-6.11287458952723,"Female",4,0.75
57,"z0098745",7,11.7981479727499,4.79814797274992,"Male",4,0.75
57,"z0098746",32,16.3857346281554,-15.6142653718446,"Male",4,0.75
57,"z0102483",5,5.90679240537994,0.906792405379944,"Male",5,1
57,"z0102500",12,10.2396994781226,-1.76030052187738,"Male",4,0.75
57,"z0123188",24,26.5689204741266,2.56892047412661,"Female",5,1
57,"z0132632",34,27.7547692606169,-6.24523073938314,"Female",4,0.75
57,"z0132634",12,12.2701736991933,0.27017369919332,"Female",4,0.75
57,"z0132658",36,21.8602372278935,-14.1397627721065,"Male",4,0.75
57,"z0132660",23,25.4898932564561,2.48989325645613,"Male",4,0.75
57,"z0160208",21,19.0028359515095,-1.99716404849053,"Female",5,1
57,"z0175867",9,14.0446325943574,5.04463259435735,"Female",4,0.75
57,"z0175874",20,19.7494370239081,-0.250562976091942,"Male",4,0.75
57,"z0175876",12,18.8366431675313,6.83664316753126,"Male",5,1
57,"z0175877",32,27.5782007983797,-4.42179920162025,"Female",4,0.75
57,"z0178364",10,18.5891738035309,8.58917380353093,"Female",5,1
57,"z0183541",32,27.7258528248762,-4.27414717512379,"Male",4,0.75
57,"z0183543",4,6.02367103692454,2.02367103692454,"Male",5,1
57,"z0183544",11,10.2830937226121,-0.716906277387901,"Female",5,1
57,"z0186433",21,21.4592692762092,0.459269276209199,"Male",5,1
57,"z0190863",11,12.7424738683096,1.74247386830956,"Female",5,1
57,"z0190867",7,11.3438793804153,4.34387938041531,"Female",4,0.75
57,"z0196956",13,16.4031844393255,3.40318443932548,"Male",5,1
57,"z0198374",16,17.46055375997,1.46055375997003,"Male",4,0.75
57,"z0198473",25,27.0686997094625,2.06869970946249,"Male",5,1
57,"z0198474",19,23.0303024616445,4.03030246164455,"Male",5,1
58,"z0018943",10,15.551844280104,5.55184428010398,"Female",3,0.55
58,"z0018944",10,10.7758797781032,0.775879778103214,"Male",3,0.55
58,"z0018945",22,23.0895879006758,1.08958790067584,"Female",3,0.55
58,"z0023316",6,6.68021546967,0.680215469669996,"Male",4,0.75
58,"z0023317",25,25.5644633026034,0.564463302603404,"Male",3,0.55
58,"z0023318",11,7.79182161509381,-3.20817838490619,"Female",4,0.75
58,"z0023319",26,19.7738158851136,-6.22618411488636,"Male",4,0.75
58,"z0023321",11,9.0637647157206,-1.9362352842794,"Female",3,0.55
58,"z0027453",6,12.9292506029931,6.92925060299308,"Female",3,0.55
58,"z0027455",10,11.30829267298,1.30829267297996,"Female",2,0.2
58,"z0033888",6,4.13537782420797,-1.86462217579203,"Female",3,0.55
58,"z0033893",15,18.6401152314085,3.64011523140845,"Male",2,0.2
58,"z0033898",10,11.6311104017612,1.63111040176124,"Male",3,0.55
58,"z0033906",15,19.6530342819104,4.65303428191038,"Male",5,1
58,"z0033908",6,21.9212728265884,15.9212728265884,"Male",5,1
58,"z0041286",28,27.4200840901031,-0.579915909896897,"Male",3,0.55
58,"z0045921",10,19.0274405026587,9.02744050265875,"Female",2,0.2
58,"z0045925",24,27.0355244140303,3.03552441403035,"Male",4,0.75
58,"z0045931",7,4.21232508487336,-2.78767491512664,"Male",4,0.75
58,"z0049046",6,5.9350581157508,-0.0649418842492011,"Female",3,0.55
58,"z0049048",11,14.2458664310505,3.24586643105047,"Male",2,0.2
58,"z0049050",11,23.7095019673351,12.7095019673351,"Male",3,0.55
58,"z0049051",37,24.9040896726196,-12.0959103273804,"Female",4,0.75
58,"z0049052",34,27.1301591640297,-6.86984083597032,"Male",4,0.75
58,"z0061425",26,17.5423797496078,-8.45762025039223,"Male",4,0.75
58,"z0071016",8,11.2301833555599,3.23018335555986,"Male",3,0.55
58,"z0075660",18,25.3714423860349,7.37144238603486,"Male",4,0.75
58,"z0075663",18,20.769159528777,2.769159528777,"Male",3,0.55
58,"z0075665",27,22.580466853296,-4.41953314670397,"Female",3,0.55
58,"z0075676",9,11.2215262893788,2.22152628937876,"Female",4,0.75
58,"z0075677",4,6.86588574456864,2.86588574456864,"Female",5,1
58,"z0075678",7,11.3123307596681,4.31233075966806,"Female",4,0.75
58,"z0091082",7,7.01482999944101,0.014829999441007,"Female",3,0.55
58,"z0091085",19,20.4319490311368,1.43194903113684,"Female",3,0.55
58,"z0091086",3,9.68038194510387,6.68038194510387,"Female",3,0.55
58,"z0091275",3,6.91359393023866,3.91359393023866,"Male",3,0.55
58,"z0091276",10,15.5411119023155,5.54111190231546,"Female",2,0.2
58,"z0091277",3,7.96094922887251,4.96094922887251,"Female",4,0.75
58,"z0091284",3,5.74546463208902,2.74546463208902,"Male",4,0.75
58,"z0091285",5,7.46368683208691,2.46368683208691,"Male",5,1
58,"z0091286",14,11.6550998959435,-2.34490010405647,"Male",4,0.75
58,"z0092243",19,13.0425317693174,-5.95746823068261,"Female",4,0.75
58,"z0092256",5,5.98955833296938,0.989558332969381,"Male",5,1
58,"z0098734",23,14.7761981855725,-8.22380181442747,"Male",4,0.75
58,"z0098735",30,25.499820202893,-4.50017979710698,"Male",4,0.75
58,"z0098736",15,9.25178326873886,-5.74821673126114,"Female",3,0.55
58,"z0098737",12,5.64219768021043,-6.35780231978957,"Female",5,1
58,"z0098738",19,17.5035087607703,-1.49649123922965,"Male",4,0.75
58,"z0098740",17,11.4344181423772,-5.56558185762275,"Female",4,0.75
58,"z0098744",6,8.38129577296823,2.38129577296823,"Male",2,0.2
58,"z0098745",7,9.00430169237395,2.00430169237395,"Male",4,0.75
58,"z0098746",32,18.6140952601338,-13.3859047398662,"Male",4,0.75
58,"z0102483",5,7.06439465343644,2.06439465343644,"Male",5,1
58,"z0102484",13,17.0809046336104,4.08090463361043,"Female",3,0.55
58,"z0102485",21,28.1236419505716,7.12364195057158,"Male",2,0.2
58,"z0102500",12,10.2922898796663,-1.70771012033372,"Male",4,0.75
58,"z0123188",24,28.4308193362065,4.43081933620648,"Female",5,1
58,"z0132631",15,20.0284051987797,5.02840519877974,"Female",3,0.55
58,"z0132632",34,27.718024852179,-6.28197514782102,"Female",4,0.75
58,"z0132634",12,9.24276957741133,-2.75723042258867,"Female",4,0.75
58,"z0132639",29,20.1900634361379,-8.80993656386213,"Female",3,0.55
58,"z0132641",21,20.8938615970012,-0.106138402998809,"Male",3,0.55
58,"z0132642",11,9.57823024128363,-1.42176975871637,"Female",2,0.2
58,"z0132658",36,21.6059774146495,-14.3940225853505,"Male",4,0.75
58,"z0132659",27,22.7019912544835,-4.29800874551648,"Female",3,0.55
58,"z0132660",23,24.3499483927537,1.34994839275365,"Male",4,0.75
58,"z0160208",21,18.9400680565835,-2.05993194341648,"Female",5,1
58,"z0175867",9,11.8486130483011,2.84861304830113,"Female",4,0.75
58,"z0175874",20,14.6763835205181,-5.32361647948191,"Male",4,0.75
58,"z0175876",12,16.7149597891412,4.71495978914123,"Male",5,1
58,"z0175877",32,24.3986017718565,-7.60139822814348,"Female",4,0.75
58,"z0178364",10,14.3020954451732,4.30209544517321,"Female",5,1
58,"z0183541",32,26.5157766047559,-5.48422339524406,"Male",4,0.75
58,"z0183543",4,6.20192700534717,2.20192700534717,"Male",5,1
58,"z0183544",11,7.39966509737394,-3.60033490262606,"Female",5,1
58,"z0186431",8,9.21013049672412,1.21013049672412,"Male",2,0.2
58,"z0186433",21,18.6598893934399,-2.34011060656011,"Male",5,1
58,"z0186434",22,16.9721391426687,-5.02786085733134,"Male",3,0.55
58,"z0186435",30,14.7350201733391,-15.2649798266609,"Male",3,0.55
58,"z0186450",4,6.90189155703241,2.90189155703241,"Male",3,0.55
58,"z0190863",11,10.5353133663381,-0.464686633661923,"Female",5,1
58,"z0190867",7,8.85853999317737,1.85853999317737,"Female",4,0.75
58,"z0196956",13,19.7802430661345,6.7802430661345,"Male",5,1
58,"z0198374",16,18.4162148039089,2.41621480390886,"Male",4,0.75
58,"z0198377",35,26.2015703532681,-8.79842964673187,"Female",3,0.55
58,"z0198473",25,24.9289363500579,-0.0710636499420723,"Male",5,1
58,"z0198474",19,24.0320619554235,5.0320619554235,"Male",5,1
58,"z0198475",40,29.2075125240176,-10.7924874759824,"Male",3,0.55
58,"z0187739",23,27.8839907304344,4.8839907304344,"Female",3,0.55
58,"z0045928",22,26.9798212881067,4.97982128810671,"Female",2,0.2
59,"z0018943",10,16.4289105932222,6.42891059322222,"Female",3,0.55
59,"z0018944",10,11.1936390028911,1.19363900289105,"Male",3,0.55
59,"z0018945",22,23.7214673242447,1.72146732424466,"Female",3,0.55
59,"z0023316",6,5.25373365999748,-0.746266340002515,"Male",4,0.75
59,"z0023317",25,24.498103823345,-0.501896176655048,"Male",3,0.55
59,"z0023318",11,7.15502173122461,-3.84497826877539,"Female",4,0.75
59,"z0023319",26,19.9172626244956,-6.0827373755044,"Male",4,0.75
59,"z0023321",11,9.47759635595933,-1.52240364404067,"Female",3,0.55
59,"z0027453",6,10.924298009466,4.92429800946599,"Female",3,0.55
59,"z0033888",6,6.45244130065226,0.452441300652259,"Female",3,0.55
59,"z0033898",10,12.6751792790419,2.67517927904194,"Male",3,0.55
59,"z0033906",15,20.4706813636898,5.47068136368978,"Male",5,1
59,"z0033908",6,20.4148399073306,14.4148399073306,"Male",5,1
59,"z0041286",28,25.8813321596837,-2.11866784031631,"Male",3,0.55
59,"z0045925",24,25.9524178583695,1.95241785836954,"Male",4,0.75
59,"z0045931",7,4.71878748755193,-2.28121251244807,"Male",4,0.75
59,"z0049046",6,7.44663644298157,1.44663644298157,"Female",3,0.55
59,"z0049050",11,24.6686520355175,13.6686520355175,"Male",3,0.55
59,"z0049051",37,23.6711720170536,-13.3288279829464,"Female",4,0.75
59,"z0049052",34,26.6217464075771,-7.37825359242293,"Male",4,0.75
59,"z0061425",26,18.5880404608457,-7.41195953915425,"Male",4,0.75
59,"z0071016",8,11.4464721872891,3.44647218728912,"Male",3,0.55
59,"z0075660",18,24.9799572678351,6.97995726783512,"Male",4,0.75
59,"z0075663",18,20.8917102837722,2.89171028377218,"Male",3,0.55
59,"z0075665",27,22.5437982188477,-4.4562017811523,"Female",3,0.55
59,"z0075676",9,11.0937918965335,2.09379189653347,"Female",4,0.75
59,"z0075677",4,4.95600926273037,0.956009262730374,"Female",5,1
59,"z0075678",7,11.7521033279812,4.75210332798119,"Female",4,0.75
59,"z0091082",7,6.1330330441941,-0.866966955805902,"Female",3,0.55
59,"z0091085",19,20.7746135526457,1.7746135526457,"Female",3,0.55
59,"z0091086",3,9.63361774384598,6.63361774384598,"Female",3,0.55
59,"z0091275",3,5.91777800099812,2.91777800099812,"Male",3,0.55
59,"z0091277",3,7.70367824082963,4.70367824082963,"Female",4,0.75
59,"z0091284",3,4.40235104870852,1.40235104870852,"Male",4,0.75
59,"z0091285",5,5.7990639645668,0.799063964566798,"Male",5,1
59,"z0091286",14,14.2207106671289,0.220710667128891,"Male",4,0.75
59,"z0092243",19,15.871772275201,-3.12822772479898,"Female",4,0.75
59,"z0092256",5,5.05603155063383,0.0560315506338256,"Male",5,1
59,"z0098734",23,16.1722206792627,-6.82777932073729,"Male",4,0.75
59,"z0098735",30,25.3849184783789,-4.61508152162111,"Male",4,0.75
59,"z0098736",15,6.60407291165181,-8.39592708834819,"Female",3,0.55
59,"z0098737",12,8.70532917552764,-3.29467082447236,"Female",5,1
59,"z0098738",19,17.610937484518,-1.38906251548202,"Male",4,0.75
59,"z0098740",17,10.2407902806474,-6.75920971935263,"Female",4,0.75
59,"z0098745",7,9.14209261766239,2.14209261766239,"Male",4,0.75
59,"z0098746",32,20.2448219844804,-11.7551780155196,"Male",4,0.75
59,"z0102483",5,6.12044355921724,1.12044355921724,"Male",5,1
59,"z0102484",13,16.8766789544373,3.87667895443735,"Female",3,0.55
59,"z0102500",12,10.41293675531,-1.58706324468998,"Male",4,0.75
59,"z0123188",24,28.4656584783457,4.46565847834568,"Female",5,1
59,"z0132631",15,21.8277450536224,6.82774505362241,"Female",3,0.55
59,"z0132632",34,27.2386796490568,-6.76132035094323,"Female",4,0.75
59,"z0132634",12,10.6849673275089,-1.3150326724911,"Female",4,0.75
59,"z0132639",29,21.8959053870221,-7.10409461297792,"Female",3,0.55
59,"z0132641",21,20.9657682651447,-0.0342317348553038,"Male",3,0.55
59,"z0132658",36,20.1173208495176,-15.8826791504824,"Male",4,0.75
59,"z0132659",27,25.8252336934026,-1.17476630659739,"Female",3,0.55
59,"z0132660",23,23.3730629913954,0.373062991395354,"Male",4,0.75
59,"z0160208",21,23.5596671247585,2.55966712475848,"Female",5,1
59,"z0175867",9,13.3598711470838,4.35987114708378,"Female",4,0.75
59,"z0175874",20,16.310962996063,-3.68903700393701,"Male",4,0.75
59,"z0175876",12,16.9527478309946,4.9527478309946,"Male",5,1
59,"z0175877",32,26.2384762382329,-5.76152376176709,"Female",4,0.75
59,"z0178364",10,13.9074344195472,3.90743441954721,"Female",5,1
59,"z0183541",32,25.4290297260855,-6.57097027391453,"Male",4,0.75
59,"z0183543",4,5.62631662507496,1.62631662507496,"Male",5,1
59,"z0183544",11,7.06885390705273,-3.93114609294727,"Female",5,1
59,"z0186433",21,20.0889247347246,-0.911075265275361,"Male",5,1
59,"z0186434",22,18.620893295517,-3.37910670448298,"Male",3,0.55
59,"z0186435",30,13.5973451069534,-16.4026548930466,"Male",3,0.55
59,"z0186450",4,6.40071174885326,2.40071174885326,"Male",3,0.55
59,"z0190863",11,12.1789137974517,1.17891379745174,"Female",5,1
59,"z0190867",7,8.41672344141196,1.41672344141196,"Female",4,0.75
59,"z0196956",13,18.7746613439558,5.77466134395576,"Male",5,1
59,"z0198374",16,17.5892698931882,1.5892698931882,"Male",4,0.75
59,"z0198377",35,24.90179238541,-10.09820761459,"Female",3,0.55
59,"z0198473",25,25.2617718952692,0.261771895269192,"Male",5,1
59,"z0198474",19,24.3988691009641,5.39886910096406,"Male",5,1
59,"z0198475",40,28.8377637286814,-11.1622362713186,"Male",3,0.55
59,"z0187739",23,26.6615177105688,3.66151771056877,"Female",3,0.55
60,"z0023316",6,6.40859362657632,0.408593626576318,"Male",4,0.75
60,"z0023318",11,6.52838153023363,-4.47161846976637,"Female",4,0.75
60,"z0023319",26,17.6344392355304,-8.3655607644696,"Male",4,0.75
60,"z0033906",15,17.282647407407,2.282647407407,"Male",5,1
60,"z0033908",6,18.8908110403788,12.8908110403788,"Male",5,1
60,"z0045925",24,29.0890285757971,5.0890285757971,"Male",4,0.75
60,"z0045931",7,3.4162559210103,-3.5837440789897,"Male",4,0.75
60,"z0049051",37,30.5425188638674,-6.45748113613263,"Female",4,0.75
60,"z0049052",34,29.027982233246,-4.972017766754,"Male",4,0.75
60,"z0061425",26,16.845122908462,-9.15487709153803,"Male",4,0.75
60,"z0075660",18,24.8110869571942,6.81108695719421,"Male",4,0.75
60,"z0075676",9,11.0370725936009,2.03707259360089,"Female",4,0.75
60,"z0075677",4,5.56094375817474,1.56094375817474,"Female",5,1
60,"z0075678",7,12.1937562478175,5.19375624781747,"Female",4,0.75
60,"z0091277",3,9.32276289923987,6.32276289923987,"Female",4,0.75
60,"z0091284",3,4.77011959838974,1.77011959838974,"Male",4,0.75
60,"z0091285",5,6.10311941720736,1.10311941720736,"Male",5,1
60,"z0091286",14,17.814430940627,3.81443094062701,"Male",4,0.75
60,"z0092243",19,18.4109372654759,-0.589062734524063,"Female",4,0.75
60,"z0092256",5,5.17090843064345,0.170908430643454,"Male",5,1
60,"z0098734",23,18.2448273513437,-4.75517264865634,"Male",4,0.75
60,"z0098735",30,26.5701136960515,-3.42988630394848,"Male",4,0.75
60,"z0098737",12,9.51178126716755,-2.48821873283245,"Female",5,1
60,"z0098738",19,18.3407650578409,-0.65923494215906,"Male",4,0.75
60,"z0098740",17,9.54660091775557,-7.45339908224443,"Female",4,0.75
60,"z0098745",7,12.2447237853401,5.24472378534011,"Male",4,0.75
60,"z0098746",32,16.7190926122414,-15.2809073877586,"Male",4,0.75
60,"z0102483",5,6.00264324680764,1.00264324680764,"Male",5,1
60,"z0102500",12,9.9315897903692,-2.06841020963079,"Male",4,0.75
60,"z0123188",24,27.0225681655006,3.02256816550063,"Female",5,1
60,"z0132632",34,27.7127793614562,-6.28722063854383,"Female",4,0.75
60,"z0132634",12,12.2528404680527,0.252840468052705,"Female",4,0.75
60,"z0132658",36,20.8874435468079,-15.1125564531921,"Male",4,0.75
60,"z0132660",23,25.4615038081366,2.4615038081366,"Male",4,0.75
60,"z0160208",21,17.681312550087,-3.31868744991301,"Female",5,1
60,"z0175867",9,13.9572230020283,4.95722300202833,"Female",4,0.75
60,"z0175874",20,19.5461770111009,-0.453822988899059,"Male",4,0.75
60,"z0175876",12,18.4106414805354,6.41064148053538,"Male",5,1
60,"z0175877",32,27.6391779267389,-4.36082207326107,"Female",4,0.75
60,"z0178364",10,18.2565329088691,8.25653290886908,"Female",5,1
60,"z0183541",32,26.979869136191,-5.02013086380899,"Male",4,0.75
60,"z0183543",4,5.99251770135828,1.99251770135828,"Male",5,1
60,"z0183544",11,10.259581859907,-0.740418140092988,"Female",5,1
60,"z0186433",21,21.6813015272323,0.681301527232318,"Male",5,1
60,"z0190863",11,12.8166266791058,1.81662667910575,"Female",5,1
60,"z0190867",7,11.5016483971383,4.50164839713832,"Female",4,0.75
60,"z0196956",13,16.2595760643875,3.25957606438752,"Male",5,1
60,"z0198374",16,17.6950163656211,1.69501636562109,"Male",4,0.75
60,"z0198473",25,27.2725541663525,2.27255416635255,"Male",5,1
60,"z0198474",19,23.148590531412,4.14859053141196,"Male",5,1
61,"z0018943",10,14.7755614823855,4.77556148238549,"Female",3,0.55
61,"z0018944",10,10.6922561451876,0.692256145187621,"Male",3,0.55
61,"z0018945",22,22.7121165850666,0.712116585066621,"Female",3,0.55
61,"z0023316",6,7.01632114356116,1.01632114356116,"Male",4,0.75
61,"z0023317",25,25.8887107385465,0.88871073854655,"Male",3,0.55
61,"z0023318",11,7.97336250726089,-3.02663749273911,"Female",4,0.75
61,"z0023319",26,19.396383732241,-6.60361626775904,"Male",4,0.75
61,"z0023321",11,9.06164504355649,-1.93835495644351,"Female",3,0.55
61,"z0027453",6,13.5554751689335,7.55547516893348,"Female",3,0.55
61,"z0027455",10,11.0583467861728,1.05834678617279,"Female",2,0.2
61,"z0033888",6,4.58916156798702,-1.41083843201298,"Female",3,0.55
61,"z0033893",15,18.3704547682245,3.3704547682245,"Male",2,0.2
61,"z0033898",10,11.8915148585305,1.89151485853046,"Male",3,0.55
61,"z0033906",15,18.871988659976,3.87198865997603,"Male",5,1
61,"z0033908",6,22.1281366152472,16.1281366152472,"Male",5,1
61,"z0041286",28,27.6724723267673,-0.327527673232666,"Male",3,0.55
61,"z0045921",10,18.9023608877039,8.90236088770388,"Female",2,0.2
61,"z0045925",24,27.0698680193861,3.06986801938611,"Male",4,0.75
61,"z0045931",7,4.10830423451417,-2.89169576548583,"Male",4,0.75
61,"z0049046",6,6.24747479622764,0.247474796227644,"Female",3,0.55
61,"z0049048",11,14.0838839358952,3.08388393589522,"Male",2,0.2
61,"z0049050",11,22.8262616269278,11.8262616269278,"Male",3,0.55
61,"z0049051",37,24.9035373036219,-12.0964626963781,"Female",4,0.75
61,"z0049052",34,27.0229495979203,-6.97705040207969,"Male",4,0.75
61,"z0061425",26,17.1131302988611,-8.88686970113887,"Male",4,0.75
61,"z0071016",8,11.6827142320091,3.68271423200912,"Male",3,0.55
61,"z0075660",18,25.2118962394833,7.2118962394833,"Male",4,0.75
61,"z0075663",18,20.3539556219346,2.35395562193465,"Male",3,0.55
61,"z0075665",27,22.8813289018146,-4.11867109818541,"Female",3,0.55
61,"z0075676",9,11.1369240524537,2.13692405245369,"Female",4,0.75
61,"z0075677",4,7.46160998066849,3.46160998066849,"Female",5,1
61,"z0075678",7,11.0156912137067,4.01569121370672,"Female",4,0.75
61,"z0091082",7,7.38057594548712,0.380575945487122,"Female",3,0.55
61,"z0091085",19,21.1238252706116,2.12382527061164,"Female",3,0.55
61,"z0091086",3,10.5537979060092,7.55379790600918,"Female",3,0.55
61,"z0091275",3,7.45260914316165,4.45260914316165,"Male",3,0.55
61,"z0091276",10,14.7334908769158,4.73349087691584,"Female",2,0.2
61,"z0091277",3,8.74733916146103,5.74733916146103,"Female",4,0.75
61,"z0091284",3,5.97526840252718,2.97526840252718,"Male",4,0.75
61,"z0091285",5,7.92600285963137,2.92600285963137,"Male",5,1
61,"z0091286",14,11.1380126817553,-2.86198731824468,"Male",4,0.75
61,"z0092243",19,12.5284214706405,-6.4715785293595,"Female",4,0.75
61,"z0092256",5,6.58606699851248,1.58606699851248,"Male",5,1
61,"z0098734",23,15.0206350976832,-7.97936490231684,"Male",4,0.75
61,"z0098735",30,25.8991848512384,-4.10081514876165,"Male",4,0.75
61,"z0098736",15,9.79134851659154,-5.20865148340846,"Female",3,0.55
61,"z0098737",12,6.36167614956111,-5.63832385043889,"Female",5,1
61,"z0098738",19,18.1811160288228,-0.818883971177243,"Male",4,0.75
61,"z0098740",17,11.6553057146418,-5.34469428535824,"Female",4,0.75
61,"z0098744",6,8.57370778770137,2.57370778770137,"Male",2,0.2
61,"z0098745",7,9.09514640067172,2.09514640067172,"Male",4,0.75
61,"z0098746",32,18.2682003629147,-13.7317996370853,"Male",4,0.75
61,"z0102483",5,7.32548032488765,2.32548032488765,"Male",5,1
61,"z0102484",13,17.2277669239283,4.22776692392835,"Female",3,0.55
61,"z0102485",21,27.9979976429887,6.99799764298866,"Male",2,0.2
61,"z0102500",12,10.1722658095845,-1.82773419041551,"Male",4,0.75
61,"z0123188",24,27.982786432146,3.98278643214604,"Female",5,1
61,"z0132631",15,18.5411730026249,3.54117300262487,"Female",3,0.55
61,"z0132632",34,27.8944531220392,-6.10554687796082,"Female",4,0.75
61,"z0132634",12,9.22544700521908,-2.77455299478092,"Female",4,0.75
61,"z0132639",29,19.9567390794736,-9.04326092052644,"Female",3,0.55
61,"z0132641",21,20.8104177044171,-0.189582295582902,"Male",3,0.55
61,"z0132642",11,9.97739507240072,-1.02260492759928,"Female",2,0.2
61,"z0132658",36,22.2126910186896,-13.7873089813104,"Male",4,0.75
61,"z0132659",27,22.6504397527412,-4.34956024725885,"Female",3,0.55
61,"z0132660",23,24.5197412308331,1.51974123083307,"Male",4,0.75
61,"z0160208",21,17.289745004356,-3.71025499564404,"Female",5,1
61,"z0175867",9,11.9590336321814,2.95903363218142,"Female",4,0.75
61,"z0175874",20,14.5712549536901,-5.42874504630987,"Male",4,0.75
61,"z0175876",12,16.7492513336551,4.7492513336551,"Male",5,1
61,"z0175877",32,24.2365235635123,-7.76347643648771,"Female",4,0.75
61,"z0178364",10,14.3871532961461,4.38715329614613,"Female",5,1
61,"z0183541",32,27.0158918039251,-4.9841081960749,"Male",4,0.75
61,"z0183543",4,6.01536136893338,2.01536136893338,"Male",5,1
61,"z0183544",11,7.63686815141386,-3.36313184858614,"Female",5,1
61,"z0186431",8,9.4248010445926,1.4248010445926,"Male",2,0.2
61,"z0186433",21,18.8444943853955,-2.15550561460448,"Male",5,1
61,"z0186434",22,16.6364240183575,-5.36357598164251,"Male",3,0.55
61,"z0186435",30,14.9081447019576,-15.0918552980424,"Male",3,0.55
61,"z0186450",4,7.43380964975164,3.43380964975164,"Male",3,0.55
61,"z0190863",11,10.268943017742,-0.731056982257993,"Female",5,1
61,"z0190867",7,8.81873179994807,1.81873179994807,"Female",4,0.75
61,"z0196956",13,18.4056674910213,5.40566749102134,"Male",5,1
61,"z0198374",16,18.9643182187028,2.96431821870279,"Male",4,0.75
61,"z0198377",35,26.926136200708,-8.07386379929201,"Female",3,0.55
61,"z0198473",25,25.1544391052414,0.154439105241437,"Male",5,1
61,"z0198474",19,23.6586044957826,4.65860449578256,"Male",5,1
61,"z0198475",40,29.5331408625916,-10.4668591374084,"Male",3,0.55
61,"z0187739",23,27.61758539273,4.61758539272996,"Female",3,0.55
61,"z0045928",22,26.6061474929641,4.60614749296412,"Female",2,0.2
62,"z0018943",10,16.4289105932222,6.42891059322222,"Female",3,0.55
62,"z0018944",10,11.1936390028911,1.19363900289105,"Male",3,0.55
62,"z0018945",22,23.7214673242447,1.72146732424466,"Female",3,0.55
62,"z0023316",6,5.25373365999748,-0.746266340002515,"Male",4,0.75
62,"z0023317",25,24.498103823345,-0.501896176655048,"Male",3,0.55
62,"z0023318",11,7.15502173122461,-3.84497826877539,"Female",4,0.75
62,"z0023319",26,19.9172626244956,-6.0827373755044,"Male",4,0.75
62,"z0023321",11,9.47759635595933,-1.52240364404067,"Female",3,0.55
62,"z0027453",6,10.924298009466,4.92429800946599,"Female",3,0.55
62,"z0033888",6,6.45244130065226,0.452441300652259,"Female",3,0.55
62,"z0033898",10,12.6751792790419,2.67517927904194,"Male",3,0.55
62,"z0033906",15,20.4706813636898,5.47068136368978,"Male",5,1
62,"z0033908",6,20.4148399073306,14.4148399073306,"Male",5,1
62,"z0041286",28,25.8813321596837,-2.11866784031631,"Male",3,0.55
62,"z0045925",24,25.9524178583695,1.95241785836954,"Male",4,0.75
62,"z0045931",7,4.71878748755193,-2.28121251244807,"Male",4,0.75
62,"z0049046",6,7.44663644298157,1.44663644298157,"Female",3,0.55
62,"z0049050",11,24.6686520355175,13.6686520355175,"Male",3,0.55
62,"z0049051",37,23.6711720170536,-13.3288279829464,"Female",4,0.75
62,"z0049052",34,26.6217464075771,-7.37825359242293,"Male",4,0.75
62,"z0061425",26,18.5880404608457,-7.41195953915425,"Male",4,0.75
62,"z0071016",8,11.4464721872891,3.44647218728912,"Male",3,0.55
62,"z0075660",18,24.9799572678351,6.97995726783512,"Male",4,0.75
62,"z0075663",18,20.8917102837722,2.89171028377218,"Male",3,0.55
62,"z0075665",27,22.5437982188477,-4.4562017811523,"Female",3,0.55
62,"z0075676",9,11.0937918965335,2.09379189653347,"Female",4,0.75
62,"z0075677",4,4.95600926273037,0.956009262730374,"Female",5,1
62,"z0075678",7,11.7521033279812,4.75210332798119,"Female",4,0.75
62,"z0091082",7,6.1330330441941,-0.866966955805902,"Female",3,0.55
62,"z0091085",19,20.7746135526457,1.7746135526457,"Female",3,0.55
62,"z0091086",3,9.63361774384598,6.63361774384598,"Female",3,0.55
62,"z0091275",3,5.91777800099812,2.91777800099812,"Male",3,0.55
62,"z0091277",3,7.70367824082963,4.70367824082963,"Female",4,0.75
62,"z0091284",3,4.40235104870852,1.40235104870852,"Male",4,0.75
62,"z0091285",5,5.7990639645668,0.799063964566798,"Male",5,1
62,"z0091286",14,14.2207106671289,0.220710667128891,"Male",4,0.75
62,"z0092243",19,15.871772275201,-3.12822772479898,"Female",4,0.75
62,"z0092256",5,5.05603155063383,0.0560315506338256,"Male",5,1
62,"z0098734",23,16.1722206792627,-6.82777932073729,"Male",4,0.75
62,"z0098735",30,25.3849184783789,-4.61508152162111,"Male",4,0.75
62,"z0098736",15,6.60407291165181,-8.39592708834819,"Female",3,0.55
62,"z0098737",12,8.70532917552764,-3.29467082447236,"Female",5,1
62,"z0098738",19,17.610937484518,-1.38906251548202,"Male",4,0.75
62,"z0098740",17,10.2407902806474,-6.75920971935263,"Female",4,0.75
62,"z0098745",7,9.14209261766239,2.14209261766239,"Male",4,0.75
62,"z0098746",32,20.2448219844804,-11.7551780155196,"Male",4,0.75
62,"z0102483",5,6.12044355921724,1.12044355921724,"Male",5,1
62,"z0102484",13,16.8766789544373,3.87667895443735,"Female",3,0.55
62,"z0102500",12,10.41293675531,-1.58706324468998,"Male",4,0.75
62,"z0123188",24,28.4656584783457,4.46565847834568,"Female",5,1
62,"z0132631",15,21.8277450536224,6.82774505362241,"Female",3,0.55
62,"z0132632",34,27.2386796490568,-6.76132035094323,"Female",4,0.75
62,"z0132634",12,10.6849673275089,-1.3150326724911,"Female",4,0.75
62,"z0132639",29,21.8959053870221,-7.10409461297792,"Female",3,0.55
62,"z0132641",21,20.9657682651447,-0.0342317348553038,"Male",3,0.55
62,"z0132658",36,20.1173208495176,-15.8826791504824,"Male",4,0.75
62,"z0132659",27,25.8252336934026,-1.17476630659739,"Female",3,0.55
62,"z0132660",23,23.3730629913954,0.373062991395354,"Male",4,0.75
62,"z0160208",21,23.5596671247585,2.55966712475848,"Female",5,1
62,"z0175867",9,13.3598711470838,4.35987114708378,"Female",4,0.75
62,"z0175874",20,16.310962996063,-3.68903700393701,"Male",4,0.75
62,"z0175876",12,16.9527478309946,4.9527478309946,"Male",5,1
62,"z0175877",32,26.2384762382329,-5.76152376176709,"Female",4,0.75
62,"z0178364",10,13.9074344195472,3.90743441954721,"Female",5,1
62,"z0183541",32,25.4290297260855,-6.57097027391453,"Male",4,0.75
62,"z0183543",4,5.62631662507496,1.62631662507496,"Male",5,1
62,"z0183544",11,7.06885390705273,-3.93114609294727,"Female",5,1
62,"z0186433",21,20.0889247347246,-0.911075265275361,"Male",5,1
62,"z0186434",22,18.620893295517,-3.37910670448298,"Male",3,0.55
62,"z0186435",30,13.5973451069534,-16.4026548930466,"Male",3,0.55
62,"z0186450",4,6.40071174885326,2.40071174885326,"Male",3,0.55
62,"z0190863",11,12.1789137974517,1.17891379745174,"Female",5,1
62,"z0190867",7,8.41672344141196,1.41672344141196,"Female",4,0.75
62,"z0196956",13,18.7746613439558,5.77466134395576,"Male",5,1
62,"z0198374",16,17.5892698931882,1.5892698931882,"Male",4,0.75
62,"z0198377",35,24.90179238541,-10.09820761459,"Female",3,0.55
62,"z0198473",25,25.2617718952692,0.261771895269192,"Male",5,1
62,"z0198474",19,24.3988691009641,5.39886910096406,"Male",5,1
62,"z0198475",40,28.8377637286814,-11.1622362713186,"Male",3,0.55
62,"z0187739",23,26.6615177105688,3.66151771056877,"Female",3,0.55
63,"z0023316",6,6.02058612297487,0.0205861229748674,"Male",4,0.75
63,"z0023318",11,6.33982576142824,-4.66017423857176,"Female",4,0.75
63,"z0023319",26,17.3850905461431,-8.61490945385693,"Male",4,0.75
63,"z0033906",15,17.0593958300475,2.05939583004754,"Male",5,1
63,"z0033908",6,18.3795933230736,12.3795933230736,"Male",5,1
63,"z0045925",24,29.0281894242923,5.02818942429229,"Male",4,0.75
63,"z0045931",7,3.54253724330394,-3.45746275669606,"Male",4,0.75
63,"z0049051",37,30.0732005615479,-6.9267994384521,"Female",4,0.75
63,"z0049052",34,29.0749488344878,-4.92505116551222,"Male",4,0.75
63,"z0061425",26,16.7531840736033,-9.24681592639669,"Male",4,0.75
63,"z0075660",18,24.3333874751069,6.33338747510685,"Male",4,0.75
63,"z0075676",9,10.620905679456,1.62090567945595,"Female",4,0.75
63,"z0075677",4,4.5649405529893,0.564940552989295,"Female",5,1
63,"z0075678",7,12.1026407478934,5.10264074789339,"Female",4,0.75
63,"z0091277",3,8.27659220415088,5.27659220415088,"Female",4,0.75
63,"z0091284",3,4.47131326223852,1.47131326223852,"Male",4,0.75
63,"z0091285",5,5.29510595986286,0.295105959862857,"Male",5,1
63,"z0091286",14,18.5540326510825,4.55403265108248,"Male",4,0.75
63,"z0092243",19,18.4709810880241,-0.529018911975903,"Female",4,0.75
63,"z0092256",5,5.13686100265516,0.136861002655165,"Male",5,1
63,"z0098734",23,18.1988232832352,-4.8011767167648,"Male",4,0.75
63,"z0098735",30,26.3416628355472,-3.65833716445277,"Male",4,0.75
63,"z0098737",12,9.86591686897053,-2.13408313102947,"Female",5,1
63,"z0098738",19,17.9332228983583,-1.06677710164166,"Male",4,0.75
63,"z0098740",17,9.32182909829026,-7.67817090170974,"Female",4,0.75
63,"z0098745",7,12.1601593415925,5.16015934159252,"Male",4,0.75
63,"z0098746",32,16.5976619324122,-15.4023380675878,"Male",4,0.75
63,"z0102483",5,6.07565083784579,1.07565083784579,"Male",5,1
63,"z0102500",12,9.84472288686894,-2.15527711313106,"Male",4,0.75
63,"z0123188",24,27.8833874832695,3.88338748326952,"Female",5,1
63,"z0132632",34,27.456565369597,-6.54343463040305,"Female",4,0.75
63,"z0132634",12,12.4360735683227,0.436073568322659,"Female",4,0.75
63,"z0132658",36,20.4900676580016,-15.5099323419984,"Male",4,0.75
63,"z0132660",23,25.3835519182386,2.38355191823859,"Male",4,0.75
63,"z0160208",21,18.3492107977848,-2.65078920221521,"Female",5,1
63,"z0175867",9,14.1387617656935,5.13876176569354,"Female",4,0.75
63,"z0175874",20,19.637733676199,-0.362266323800966,"Male",4,0.75
63,"z0175876",12,18.0861940885731,6.08619408857313,"Male",5,1
63,"z0175877",32,28.6921884189856,-3.30781158101441,"Female",4,0.75
63,"z0178364",10,18.2623300525759,8.26233005257585,"Female",5,1
63,"z0183541",32,26.8708852491563,-5.12911475084372,"Male",4,0.75
63,"z0183543",4,5.28934247145228,1.28934247145228,"Male",5,1
63,"z0183544",11,10.5503306212611,-0.449669378738893,"Female",5,1
63,"z0186433",21,21.2643173060839,0.264317306083854,"Male",5,1
63,"z0190863",11,13.42113567898,2.42113567898001,"Female",5,1
63,"z0190867",7,12.0034931472006,5.00349314720057,"Female",4,0.75
63,"z0196956",13,16.0483584165148,3.04835841651484,"Male",5,1
63,"z0198374",16,17.5061448118949,1.50614481189494,"Male",4,0.75
63,"z0198473",25,27.0192136132192,2.01921361321923,"Male",5,1
63,"z0198474",19,23.5968435004649,4.59684350046485,"Male",5,1
